{"": 0.008361202847300457, "E04B": 0.9782607280508239, "E04F": 0.5602005873802416, "E04C": 0.2173912726343857, "D06M": 0.008361202847300457, "C09C": 0.008361202847300457, "B32B": 0.2842808944160568, "H02S": 0.04180601363846252, "C09D": 0.15050164995565524, "C09K": 0.03344481138920182, "E01B": 0.016722405694600914, "E06B": 0.19230766498954394, "E04G": 0.12541804251016017, "F25B": 0.008361202847300457, "H02G": 0.09197323102128512, "E02B": 0.03344481118985525, "E02D": 0.025083607844188272, "B29C": 0.08361202807431137, "G10K": 0.06688962267873035, "E04D": 0.23411367932571972, "F21S": 0.03344481118985525, "B27J": 0.008361202847300457, "H01R": 0.008361202847300457, "B60P": 0.016722405694600914, "A01G": 0.04180601413682894, "B66C": 0.050167216984129404, "B27K": 0.008361202847300457, "B21D": 0.016722405694600914, "B01D": 0.008361202647953881, "A62C": 0.05016721658543626, "F24F": 0.058528419632083294, "C04B": 0.05016721678478281, "G09F": 0.008361202847300457, "C08L": 0.03344481118985525, "B01J": 0.008361202847300457, "E04H": 0.1588628530023022, "G02B": 0.016722405694600914, "B65G": 0.008361202847300457, "C08G": 0.008361202548280551, "B05D": 0.12541804260983358, "B05C": 0.03344481138920182, "E03C": 0.008361202847300457, "D21H": 0.025083608342554797, "H04N": 0.008361202847300457, "H04B": 0.008361202847300457, "H04R": 0.07525082532668421, "B21C": 0.008361202847300457, "C03C": 0.016722405694600914, "B28B": 0.016722405694600914, "B29K": 0.008361202847300457, "F16B": 0.041806014037155635, "H02K": 0.008361202847300457, "A47G": 0.008361202847300457, "G01B": 0.025083608442228043, "C11D": 0.016722405495254337, "F16C": 0.008361202847300457, "D04H": 0.016722405694600914, "F02B": 0.016722405694600914, "C09J": 0.03344481099050863, "C08J": 0.016722405694600914, "B27M": 0.025083608541901375, "F25D": 0.025083608342554797, "F04B": 0.016722405694600914, "B29L": 0.008361202847300457, "G10L": 0.008361202647953881, "F16S": 0.008361202747627158, "G21F": 0.008361202847300457, "H05K": 0.008361202747627148, "H01G": 0.008361202647953881, "F24J": 0.016722405495254337, "B05B": 0.01672240519623445, "H01L": 0.033444811289528524, "C08K": 0.016722405694600914, "F16L": 0.0418060138378091, "G08C": 0.008361202847300457, "H02J": 0.016722405694600914, "G21C": 0.025083608541901375, "F16J": 0.016722405594927627, "A47B": 0.008361202847300457, "E05F": 0.016722405694600914, "E21F": 0.025083608342554797, "F21V": 0.008361202847300457, "B66F": 0.008361202847300457, "A62B": 0.016722405694600914, "F28D": 0.008361202647953881, "A47C": 0.008361202847300457, "H04S": 0.025083608541901375, "F24S": 0.008361202747627158, "D21J": 0.008361202847300457, "H04M": 0.016722405694600914, "E03D": 0.008361203046647035, "F16F": 0.02508360824288147, "G06F": 0.008361202847300457, "E02F": 0.008361202847300457, "B23K": 0.008361202747627148, "A01N": 0.008361202647953881, "E21D": 0.008361202548280593, "B28D": 0.008361202847300457, "C23C": 0.008361202847300457, "E01D": 0.008361202847300457, "H01M": 0.016722405495254337, "A01K": 0.008361202847300457, "E01F": 0.008361202847300457, "H03H": 0.008361202548280572, "H03G": 0.008361202847300457, "B66B": 0.008361202847300457, "G01N": 0.008361202847300457, "D03D": 0.008361202847300457, "C23F": 0.008361202847300457, "B27N": 0.008361202548280582, "B24B": 0.008361202847300457, "A61M": 0.008361202747627128, "H01B": 0.008361202847300457, "C22C": 0.008361202847300457, "F28F": 0.008361202847300457, "E05D": 0.008361202647953881}