{"": 0.005016722066670745, "E04B": 0.5869564808037459, "E04F": 0.3361203778689013, "E04C": 0.1304347735340928, "D06M": 0.005016722066670745, "C09C": 0.005016722066670745, "B32B": 0.1705685494694193, "H02S": 0.025083610233680415, "C09D": 0.09030099720007337, "C09K": 0.020066888266682972, "E01B": 0.010033444133341488, "E06B": 0.11538460743375382, "E04G": 0.07525083080071451, "F25B": 0.005016722066670745, "H02G": 0.05518394263370483, "E02B": 0.020066888266682972, "E02D": 0.015050165900992285, "B29C": 0.05016722056703409, "G10K": 0.04013377643369264, "E04D": 0.1404682177671077, "F21S": 0.020066888266682972, "B27J": 0.005016722066670745, "H01R": 0.005016722066670745, "B60P": 0.010033444133341488, "A01G": 0.025083610233680387, "B66C": 0.030100332300351144, "B27K": 0.005016722066670745, "B21D": 0.010033444133341488, "B01D": 0.005016722066670745, "A62C": 0.030100332300351154, "F24F": 0.0351170543670219, "C04B": 0.030100332300351126, "G09F": 0.005016722066670745, "C08L": 0.020066888266682972, "B01J": 0.005016722066670745, "E04H": 0.09531771926674411, "G02B": 0.010033444133341488, "B65G": 0.005016722066670745, "C08G": 0.005016721966997415, "B05D": 0.07525083109973449, "B05C": 0.020066888266682972, "E03C": 0.005016722066670745, "D21H": 0.015050166200012233, "H04N": 0.005016722066670745, "H04B": 0.005016722066670745, "H04R": 0.04515049850036335, "B21C": 0.005016722066670745, "C03C": 0.010033444133341488, "B28B": 0.010033444133341488, "B29K": 0.005016722066670745, "F16B": 0.025083610134007082, "H02K": 0.005016722066670745, "A47G": 0.005016722066670745, "G01B": 0.015050166100338902, "C11D": 0.010033444133341488, "F16C": 0.005016722066670745, "D04H": 0.010033444133341488, "F02B": 0.010033444133341488, "C09J": 0.020066888167009647, "C08J": 0.010033444133341488, "B27M": 0.015050166200012233, "F25D": 0.015050166200012233, "F04B": 0.010033444133341488, "B29L": 0.005016722066670745, "G10L": 0.005016722066670745, "F16S": 0.005016721966997446, "G21F": 0.005016722066670745, "H05K": 0.005016721966997435, "H01G": 0.005016722066670745, "F24J": 0.010033444133341488, "B05B": 0.01003344403366818, "H01L": 0.020066888167009675, "C08K": 0.010033444133341488, "F16L": 0.025083610333353712, "G08C": 0.005016722066670745, "H02J": 0.010033444133341488, "G21C": 0.015050166200012233, "F16J": 0.010033444133341488, "A47B": 0.005016722066670745, "E05F": 0.010033444133341488, "E21F": 0.015050166200012233, "F21V": 0.005016722066670745, "B66F": 0.005016722066670745, "A62B": 0.010033444133341488, "F28D": 0.005016722066670745, "A47C": 0.005016722066670745, "H04S": 0.015050166200012233, "F24S": 0.005016721966997446, "D21J": 0.005016722066670745, "H04M": 0.010033444133341488, "E03D": 0.005016722066670745, "F16F": 0.015050166100338904, "G06F": 0.005016722066670745, "E02F": 0.005016722066670745, "B23K": 0.005016721966997435, "A01N": 0.005016722066670745, "E21D": 0.005016722066670745, "B28D": 0.005016722066670745, "C23C": 0.005016722066670745, "E01D": 0.005016722066670745, "H01M": 0.010033444133341488, "A01K": 0.005016722066670745, "E01F": 0.005016722066670745, "H03H": 0.005016721966997435, "H03G": 0.005016722066670745, "B66B": 0.005016722066670745, "G01N": 0.005016722066670745, "D03D": 0.005016722066670745, "C23F": 0.005016722066670745, "B27N": 0.005016721966997446, "B24B": 0.005016722066670745, "A61M": 0.005016721966997415, "H01B": 0.005016722066670745, "C22C": 0.005016722066670745, "F28F": 0.005016722066670745, "E05D": 0.005016722066670745}