{"": 0.008361201865568595, "E04B": 1.1287622408876858, "E04F": 0.42642129115706706, "E04C": 0.18394643954740955, "E04G": 0.14214043081760633, "E04H": 0.11705682551992068, "F16B": 0.05016721059537182, "H02J": 0.008361201765895306, "A62C": 0.06688961442618234, "H02S": 0.05852841256061371, "H04R": 0.1254180267874494, "B27D": 0.016722403531790612, "E02D": 0.03344480706358122, "H04B": 0.008361201666221986, "B05D": 0.14214043021956654, "F16L": 0.02508360539735922, "F24F": 0.06688961442618234, "C01B": 0.008361201765895306, "H02G": 0.11705682542024741, "E06B": 0.30100326476831063, "B27M": 0.05852841226159389, "A47B": 0.02508360489899273, "B01D": 0.025083605497032504, "C09J": 0.06688961412716246, "E04D": 0.14214043011989327, "B32B": 0.15050163278284812, "G01T": 0.008361201865568603, "B65D": 0.008361201765895306, "F16J": 0.008361201865568595, "E02B": 0.0334448073626011, "C08K": 0.0334448071632545, "C09D": 0.1588628342497236, "B21C": 0.016722403731137196, "G21C": 0.0167224036314639, "D04H": 0.033444807262927805, "B05B": 0.06688961462552893, "G10K": 0.09197321952452168, "E05F": 0.0418060091284964, "H01M": 0.016722403731137196, "F02B": 0.016722403731137196, "B64F": 0.008361201765895306, "B05C": 0.025083605297685916, "C04B": 0.06688961452585568, "E05C": 0.03344480726292786, "F16F": 0.008361201666221986, "B23K": 0.033444807262927805, "F24D": 0.008361201765895306, "C08G": 0.03344480706358122, "A41D": 0.016722404030157144, "G08B": 0.008361201765895306, "B66C": 0.033444807362601116, "E05D": 0.02508360549703251, "F01N": 0.025083605297685916, "F24J": 0.016722403531790612, "B61B": 0.008361201765895306, "F25D": 0.008361201865568603, "E05B": 0.008361201765895306, "A63H": 0.008361201666222017, "C09B": 0.008361201765895306, "G01M": 0.008361201765895306, "H04S": 0.04180600922816968, "B66B": 0.008361201765895306, "F24S": 0.008361201865568603, "F21Y": 0.016722403531790612, "H05B": 0.008361201865568603, "G01N": 0.008361201765895306, "B29C": 0.03344480706358122, "C08L": 0.03344480726292778, "B82Y": 0.008361201765895306, "C09K": 0.016722403531790612, "B27K": 0.025083605098339318, "B21D": 0.008361201865568595, "B62B": 0.008361201765895306, "C08J": 0.025083605397359186, "E03B": 0.008361201865568603, "H01L": 0.016722403830810487, "E02F": 0.008361201765895306, "A01M": 0.008361201965241883, "C23C": 0.01672240363146391, "G09F": 0.008361201865568595, "B44C": 0.008361201765895306, "F21S": 0.008361201765895306, "B28B": 0.025083605297685916, "D21H": 0.008361201765895306, "E21F": 0.016722403432117332, "G10L": 0.008361201765895306, "E01F": 0.008361201666221965, "F25B": 0.008361202064915202, "F16C": 0.008361201765895306, "C03C": 0.0167224036314639, "E05G": 0.008361201765895306, "G01V": 0.008361201765895306, "H01G": 0.008361201765895306, "B08B": 0.008361201765895306, "F21V": 0.008361201765895306, "A47C": 0.008361201865568595, "B62D": 0.008361201865568595, "E01C": 0.008361201765895306, "B27N": 0.016722403432117332, "A61M": 0.008361201865568595, "G02B": 0.008361201765895306, "A01G": 0.008361201865568595, "G01K": 0.008361201765895306}