{"": 0.011705683029890399, "E04B": 1.5802671992672301, "E04F": 0.596989831235194, "E04C": 0.25752502516248893, "E04G": 0.19899661071075006, "E04H": 0.1638795618204258, "F16B": 0.07023409758130267, "H02J": 0.01170568293021711, "A62C": 0.09364546374075687, "H02S": 0.08193978071086644, "H04R": 0.17558524425227623, "B27D": 0.023411365860434224, "E02D": 0.04682273192021506, "H04B": 0.01170568283054379, "B05D": 0.19899661001303695, "F16L": 0.03511704889032464, "F24F": 0.09364546374075687, "C01B": 0.01170568293021711, "H02G": 0.16387956182042587, "E06B": 0.42140458718226165, "B27M": 0.08193978041184659, "A47B": 0.03511704839195815, "B01D": 0.03511704898999792, "C09J": 0.09364546344173699, "E04D": 0.198996610013037, "B32B": 0.2107022940396603, "G01T": 0.011705683029890408, "B65D": 0.01170568293021711, "F16J": 0.011705683029890399, "E02B": 0.04682273211956163, "C08K": 0.04682273182054171, "C09D": 0.22240797657118427, "B21C": 0.023411366059780808, "G21C": 0.02341136596010751, "D04H": 0.046822731920215015, "B05B": 0.09364546394010347, "G10K": 0.12876251253140825, "E05F": 0.05852841495010541, "H01M": 0.023411366059780808, "F02B": 0.023411366059780808, "B64F": 0.01170568293021711, "B05C": 0.035117048790651334, "C04B": 0.09364546384043021, "E05C": 0.04682273192021507, "F16F": 0.01170568283054379, "B23K": 0.046822731920215015, "F24D": 0.01170568293021711, "C08G": 0.04682273172086843, "A41D": 0.023411366358800756, "G08B": 0.01170568293021711, "B66C": 0.046822732318908246, "E05D": 0.03511704908967125, "F01N": 0.035117048790651334, "F24J": 0.023411365860434224, "B61B": 0.01170568293021711, "F25D": 0.011705683029890408, "E05B": 0.01170568302989043, "A63H": 0.011705682830543821, "C09B": 0.01170568293021711, "G01M": 0.01170568293021711, "H04S": 0.058528415149452014, "B66B": 0.01170568293021711, "F24S": 0.011705683029890408, "F21Y": 0.023411365860434224, "H05B": 0.011705683029890408, "G01N": 0.01170568293021711, "B29C": 0.046822731820541745, "C08L": 0.04682273192021499, "B82Y": 0.01170568293021711, "C09K": 0.023411365860434224, "B27K": 0.035117048790651376, "B21D": 0.011705683029890399, "B62B": 0.01170568302989043, "C08J": 0.03511704898999792, "E03B": 0.011705683029890408, "H01L": 0.023411366259127417, "E02F": 0.01170568293021711, "A01M": 0.011705683129563688, "C23C": 0.02341136596010752, "G09F": 0.011705683029890399, "B44C": 0.01170568302989043, "F21S": 0.01170568293021711, "B28B": 0.035117048790651334, "D21H": 0.01170568293021711, "E21F": 0.023411365760760944, "G10L": 0.01170568293021711, "E01F": 0.01170568293021709, "F25B": 0.011705683229237006, "F16C": 0.01170568293021711, "C03C": 0.02341136605978083, "E05G": 0.01170568293021711, "G01V": 0.01170568293021711, "H01G": 0.01170568293021711, "B08B": 0.01170568293021711, "F21V": 0.01170568293021711, "A47C": 0.011705683029890399, "B62D": 0.011705683029890399, "E01C": 0.01170568293021711, "B27N": 0.023411365760760944, "A61M": 0.011705683029890399, "G02B": 0.01170568293021711, "A01G": 0.011705683029890399, "G01K": 0.01170568293021711}