{"": 0.0016722403616462403, "E04B": 0.22575245171276778, "E04F": 0.08528425934101799, "E04C": 0.03678928865393037, "E04G": 0.028428086945372473, "E04H": 0.02341136576076045, "F16B": 0.010033442169877442, "H02J": 0.0016722403616462403, "A62C": 0.01337792309251652, "H02S": 0.011705682531523683, "H04R": 0.0250836055243669, "B27D": 0.0033444807232924805, "E02D": 0.006688961446584961, "H04B": 0.0016722403616462403, "B05D": 0.028428086247659377, "F16L": 0.005016721184612019, "F24F": 0.01337792309251652, "C01B": 0.0016722403616462403, "H02G": 0.023411365262393957, "E06B": 0.060200653617304416, "B27M": 0.01170568273087028, "A47B": 0.005016721084938721, "B01D": 0.005016721184612019, "C09J": 0.013377922893169924, "E04D": 0.02842808644700598, "B32B": 0.030100326908325516, "G01T": 0.001672240461319539, "B65D": 0.0016722403616462403, "F16J": 0.0016722403616462403, "E02B": 0.0066889616459315585, "C08K": 0.006688961446584961, "C09D": 0.03177256756899166, "B21C": 0.0033444808229657792, "G21C": 0.0033444807232924805, "D04H": 0.006688961546258259, "B05B": 0.013377923291863117, "G10K": 0.018394644077781942, "E05F": 0.0083612020075778, "H01M": 0.0033444808229657792, "F02B": 0.0033444808229657792, "B64F": 0.0016722403616462403, "B05C": 0.005016721084938721, "C04B": 0.013377922992843221, "E05C": 0.006688961446584961, "F16F": 0.0016722403616462403, "B23K": 0.00668896154625826, "F24D": 0.0016722403616462403, "C08G": 0.006688961446584961, "A41D": 0.0033444810223123766, "G08B": 0.0016722403616462403, "B66C": 0.006688961745604857, "E05D": 0.005016721284285318, "F01N": 0.005016721084938721, "F24J": 0.0033444807232924805, "B61B": 0.0016722403616462403, "F25D": 0.001672240461319539, "E05B": 0.0016722403616462403, "A63H": 0.0016722403616462403, "C09B": 0.0016722403616462403, "G01M": 0.0016722403616462403, "H04S": 0.0083612020075778, "B66B": 0.0016722403616462403, "F24S": 0.001672240461319539, "F21Y": 0.0033444807232924805, "H05B": 0.001672240461319539, "G01N": 0.0016722403616462403, "B29C": 0.006688961446584961, "C08L": 0.006688961546258259, "B82Y": 0.0016722403616462403, "C09K": 0.0033444807232924805, "B27K": 0.005016721084938721, "B21D": 0.0016722403616462403, "B62B": 0.0016722403616462403, "C08J": 0.005016721184612019, "E03B": 0.001672240461319539, "H01L": 0.0033444808229657792, "E02F": 0.0016722403616462403, "A01M": 0.0016722403616462403, "C23C": 0.0033444808229657792, "G09F": 0.0016722403616462403, "B44C": 0.0016722403616462403, "F21S": 0.0016722403616462403, "B28B": 0.005016721084938721, "D21H": 0.0016722403616462403, "E21F": 0.0033444807232924805, "G10L": 0.0016722403616462403, "E01F": 0.001672240461319539, "F25B": 0.0016722406606661363, "F16C": 0.0016722403616462403, "C03C": 0.0033444807232924805, "E05G": 0.0016722403616462403, "G01V": 0.0016722403616462403, "H01G": 0.0016722403616462403, "B08B": 0.0016722403616462403, "F21V": 0.0016722403616462403, "A47C": 0.0016722403616462403, "B62D": 0.0016722403616462403, "E01C": 0.0016722403616462403, "B27N": 0.0033444807232924805, "A61M": 0.0016722403616462403, "G02B": 0.0016722403616462403, "A01G": 0.0016722403616462403, "G01K": 0.0016722403616462403}