{"": 0.0033444811643218255, "E04B": 0.45150495997429835, "E04F": 0.17056854027747279, "E04C": 0.07357858631279322, "E04G": 0.056856180590857404, "E04H": 0.046822737197565266, "F16B": 0.020066886985930954, "H02J": 0.0033444811643218255, "A62C": 0.026755849513921195, "H02S": 0.023411368150252777, "H04R": 0.05016721756450066, "B27D": 0.006688962328643651, "E02D": 0.013377924657287304, "H04B": 0.0033444810646485064, "B05D": 0.05685617989314431, "F16L": 0.010033443592638776, "F24F": 0.026755849513921195, "C01B": 0.0033444811643218255, "H02G": 0.04682273689854541, "E06B": 0.12040132251362545, "B27M": 0.023411368349599372, "A47B": 0.010033443393292159, "B01D": 0.010033443592638776, "C09J": 0.0267558493145746, "E04D": 0.05685618009249091, "B32B": 0.06020066125681271, "G01T": 0.003344481263995124, "B65D": 0.0033444811643218255, "F16J": 0.0033444811643218255, "E02B": 0.013377924856633902, "C08K": 0.013377924657287304, "C09D": 0.06354514281982776, "B21C": 0.006688962428316949, "G21C": 0.006688962328643651, "D04H": 0.013377924756960603, "B05B": 0.026755849713267794, "G10K": 0.03678929290721337, "E05F": 0.01672240602095573, "H01M": 0.006688962428316949, "F02B": 0.006688962428316949, "B64F": 0.0033444811643218255, "B05C": 0.010033443492965477, "C04B": 0.026755849613594538, "E05C": 0.013377924856633942, "F16F": 0.0033444810646485064, "B23K": 0.013377924756960603, "F24D": 0.0033444811643218255, "C08G": 0.013377924657287304, "A41D": 0.006688962827010185, "G08B": 0.0033444811643218255, "B66C": 0.0133779249563072, "E05D": 0.010033443692312075, "F01N": 0.010033443492965477, "F24J": 0.006688962328643651, "B61B": 0.0033444811643218255, "F25D": 0.003344481263995124, "E05B": 0.0033444811643218255, "A63H": 0.0033444811643218255, "C09B": 0.0033444811643218255, "G01M": 0.0033444811643218255, "H04S": 0.01672240602095573, "B66B": 0.0033444811643218255, "F24S": 0.003344481263995124, "F21Y": 0.006688962328643651, "H05B": 0.003344481263995124, "G01N": 0.0033444811643218255, "B29C": 0.013377924657287304, "C08L": 0.013377924657287283, "B82Y": 0.0033444811643218255, "C09K": 0.006688962328643651, "B27K": 0.010033443393292159, "B21D": 0.0033444811643218255, "B62B": 0.0033444811643218255, "C08J": 0.010033443492965456, "E03B": 0.003344481263995124, "H01L": 0.006688962428316949, "E02F": 0.0033444811643218255, "A01M": 0.0033444811643218255, "C23C": 0.006688962428316949, "G09F": 0.0033444811643218255, "B44C": 0.0033444811643218255, "F21S": 0.0033444811643218255, "B28B": 0.010033443492965477, "D21H": 0.0033444811643218255, "E21F": 0.006688962328643651, "G10L": 0.0033444811643218255, "E01F": 0.003344481064648486, "F25B": 0.0033444814633417216, "F16C": 0.0033444811643218255, "C03C": 0.006688962328643651, "E05G": 0.0033444811643218255, "G01V": 0.0033444811643218255, "H01G": 0.0033444811643218255, "B08B": 0.0033444811643218255, "F21V": 0.0033444811643218255, "A47C": 0.0033444811643218255, "B62D": 0.0033444811643218255, "E01C": 0.0033444811643218255, "B27N": 0.006688962328643651, "A61M": 0.0033444811643218255, "G02B": 0.0033444811643218255, "A01G": 0.0033444811643218255, "G01K": 0.0033444811643218255}