{"": 0.00668896255665889, "E04B": 0.7826086142451021, "E04F": 0.44816048800692854, "E04C": 0.1739130250777052, "D06M": 0.00668896255665889, "C09C": 0.00668896255665889, "B32B": 0.22742472483326365, "H02S": 0.0334448121852547, "C09D": 0.12040132472410717, "C09K": 0.026755850226635555, "E01B": 0.01337792511331778, "E06B": 0.1538461383047881, "E04G": 0.1003344381505366, "F25B": 0.00668896255665889, "H02G": 0.07357858782422783, "E02B": 0.026755850027288978, "E02D": 0.020066886972263567, "B29C": 0.06688962526756895, "G10K": 0.053511700353597806, "E04D": 0.18729095128742937, "F21S": 0.026755850027288978, "B27J": 0.00668896255665889, "H01R": 0.00668896255665889, "B60P": 0.01337792511331778, "A01G": 0.033444812683621115, "B66C": 0.040133775240280015, "B27K": 0.00668896255665889, "B21D": 0.01337792511331778, "B01D": 0.006688962357312313, "A62C": 0.040133774841586874, "F24F": 0.04682273759759234, "C04B": 0.04013377504093342, "G09F": 0.00668896255665889, "C08L": 0.026755850027288978, "B01J": 0.00668896255665889, "E04H": 0.1270902874801126, "G02B": 0.01337792511331778, "B65G": 0.00668896255665889, "C08G": 0.006688962257638984, "B05D": 0.10033443825021, "B05C": 0.026755850226635555, "E03C": 0.00668896255665889, "D21H": 0.020066887470630092, "H04N": 0.00668896255665889, "H04B": 0.00668896255665889, "H04R": 0.06020066271091008, "B21C": 0.00668896255665889, "C03C": 0.01337792511331778, "B28B": 0.01337792511331778, "B29K": 0.00668896255665889, "F16B": 0.03344481258394781, "H02K": 0.00668896255665889, "A47G": 0.00668896255665889, "G01B": 0.020066887570303338, "C11D": 0.013377924913971202, "F16C": 0.00668896255665889, "D04H": 0.01337792511331778, "F02B": 0.01337792511331778, "C09J": 0.026755849827942366, "C08J": 0.01337792511331778, "B27M": 0.02006688766997667, "F25D": 0.020066887470630092, "F04B": 0.01337792511331778, "B29L": 0.00668896255665889, "G10L": 0.006688962357312313, "F16S": 0.0066889624569855905, "G21F": 0.00668896255665889, "H05K": 0.00668896245698558, "H01G": 0.006688962357312313, "F24J": 0.013377924913971202, "B05B": 0.013377924614951317, "H01L": 0.026755850126962258, "C08K": 0.01337792511331778, "F16L": 0.03344481238460128, "G08C": 0.00668896255665889, "H02J": 0.01337792511331778, "G21C": 0.02006688766997667, "F16J": 0.01337792511331778, "A47B": 0.00668896255665889, "E05F": 0.01337792511331778, "E21F": 0.020066887470630092, "F21V": 0.00668896255665889, "B66F": 0.00668896255665889, "A62B": 0.01337792511331778, "F28D": 0.006688962357312313, "A47C": 0.00668896255665889, "H04S": 0.02006688766997667, "F24S": 0.0066889624569855905, "D21J": 0.00668896255665889, "H04M": 0.01337792511331778, "E03D": 0.00668896255665889, "F16F": 0.020066887370956764, "G06F": 0.00668896255665889, "E02F": 0.00668896255665889, "B23K": 0.00668896245698558, "A01N": 0.006688962357312313, "E21D": 0.006688962257639024, "B28D": 0.00668896255665889, "C23C": 0.00668896255665889, "E01D": 0.00668896255665889, "H01M": 0.013377924913971202, "A01K": 0.00668896255665889, "E01F": 0.00668896255665889, "H03H": 0.006688962257639004, "H03G": 0.00668896255665889, "B66B": 0.00668896255665889, "G01N": 0.00668896255665889, "D03D": 0.00668896255665889, "C23F": 0.00668896255665889, "B27N": 0.006688962257639014, "B24B": 0.00668896255665889, "A61M": 0.00668896245698556, "H01B": 0.00668896255665889, "C22C": 0.00668896255665889, "F28F": 0.00668896255665889, "E05D": 0.006688962357312313}