{"": 0.010033442326888133, "E04B": 1.3545147033651839, "E04F": 0.5117055546843631, "E04C": 0.2207357296964392, "E04G": 0.17056851866003833, "E04H": 0.14046819197839416, "F16B": 0.06020065336328904, "H02J": 0.010033442227214844, "A62C": 0.08026753811673869, "H02S": 0.0702340955905039, "H04R": 0.15050163370724234, "B27D": 0.020066884454429692, "E02D": 0.04013376890885936, "H04B": 0.010033442127541524, "B05D": 0.17056851806199855, "F16L": 0.03010032678131784, "F24F": 0.08026753811673869, "C01B": 0.010033442227214844, "H02G": 0.1404681917790476, "E06B": 0.3612039213758137, "B27M": 0.07023409549083068, "A47B": 0.03010032628295135, "B01D": 0.030100326880991124, "C09J": 0.08026753781771881, "E04D": 0.17056851796232528, "B32B": 0.18060196108659965, "G01T": 0.010033442326888142, "B65D": 0.010033442227214844, "F16J": 0.010033442326888133, "E02B": 0.04013376920787925, "C08K": 0.040133769008532647, "C09D": 0.19063540291512138, "B21C": 0.020066884653776276, "G21C": 0.02006688455410298, "D04H": 0.04013376910820595, "B05B": 0.08026753831608528, "G10K": 0.11036786459903666, "E05F": 0.05016721143509408, "H01M": 0.020066884653776276, "F02B": 0.020066884653776276, "B64F": 0.010033442227214844, "B05C": 0.030100326681644536, "C04B": 0.08026753821641203, "E05C": 0.040133769108206006, "F16F": 0.010033442127541524, "B23K": 0.04013376910820595, "F24D": 0.010033442227214844, "C08G": 0.04013376890885936, "A41D": 0.020066884952796224, "G08B": 0.010033442227214844, "B66C": 0.040133769407225864, "E05D": 0.03010032688099113, "F01N": 0.030100326681644536, "F24J": 0.020066884454429692, "B61B": 0.010033442227214844, "F25D": 0.010033442326888142, "E05B": 0.010033442227214844, "A63H": 0.010033442127541555, "C09B": 0.010033442227214844, "G01M": 0.010033442227214844, "H04S": 0.050167211534767366, "B66B": 0.010033442227214844, "F24S": 0.010033442326888142, "F21Y": 0.020066884454429692, "H05B": 0.010033442326888142, "G01N": 0.010033442227214844, "B29C": 0.04013376890885936, "C08L": 0.04013376910820592, "B82Y": 0.010033442227214844, "C09K": 0.020066884454429692, "B27K": 0.030100326482297938, "B21D": 0.010033442326888133, "B62B": 0.010033442227214844, "C08J": 0.030100326781317806, "E03B": 0.010033442326888142, "H01L": 0.020066884753449567, "E02F": 0.010033442227214844, "A01M": 0.010033442426561422, "C23C": 0.02006688455410299, "G09F": 0.010033442326888133, "B44C": 0.010033442227214844, "F21S": 0.010033442227214844, "B28B": 0.030100326681644536, "D21H": 0.010033442227214844, "E21F": 0.020066884354756412, "G10L": 0.010033442227214844, "E01F": 0.010033442127541503, "F25B": 0.01003344252623474, "F16C": 0.010033442227214844, "C03C": 0.02006688455410298, "E05G": 0.010033442227214844, "G01V": 0.010033442227214844, "H01G": 0.010033442227214844, "B08B": 0.010033442227214844, "F21V": 0.010033442227214844, "A47C": 0.010033442326888133, "B62D": 0.010033442326888133, "E01C": 0.010033442227214844, "B27N": 0.020066884354756412, "A61M": 0.010033442326888133, "G02B": 0.010033442227214844, "A01G": 0.010033442326888133, "G01K": 0.010033442227214844}