{"": 0.005016721284285458, "E04B": 0.6772573756710177, "E04F": 0.2558527859969253, "E04C": 0.1103678687526465, "E04G": 0.0852842626302391, "E04H": 0.07023409877738283, "F16B": 0.03010032770571274, "H02J": 0.005016721284285458, "A62C": 0.04013377037395698, "H02S": 0.035117048989998206, "H04R": 0.07525081936395513, "B27D": 0.010033442568570916, "E02D": 0.02006688513714183, "H04B": 0.005016721184612138, "B05D": 0.085284261932526, "F16L": 0.015050163952529672, "F24F": 0.040133770473630266, "C01B": 0.005016721284285458, "H02G": 0.07023409857803627, "E06B": 0.18060196643362333, "B27M": 0.03511704879065168, "A47B": 0.015050163753183052, "B01D": 0.015050163952529672, "C09J": 0.040133770174610395, "E04D": 0.08528426213187261, "B32B": 0.09030098341615803, "G01T": 0.005016721383958756, "B65D": 0.005016721284285458, "F16J": 0.005016721284285458, "E02B": 0.020066885336488427, "C08K": 0.02006688513714183, "C09D": 0.09531770489979015, "B21C": 0.010033442668244213, "G21C": 0.010033442568570916, "D04H": 0.02006688523681513, "B05B": 0.04013377067297686, "G10K": 0.05518393422681335, "E05F": 0.025083606620773885, "H01M": 0.010033442668244213, "F02B": 0.010033442668244213, "B64F": 0.005016721284285458, "B05C": 0.01505016385285637, "C04B": 0.040133770573303605, "E05C": 0.02006688533648847, "F16F": 0.005016721184612138, "B23K": 0.02006688523681513, "F24D": 0.005016721284285458, "C08G": 0.02006688513714183, "A41D": 0.010033443066937448, "G08B": 0.005016721284285458, "B66C": 0.020066885436161724, "E05D": 0.015050164052202969, "F01N": 0.01505016385285637, "F24J": 0.010033442568570916, "B61B": 0.005016721284285458, "F25D": 0.005016721383958756, "E05B": 0.005016721284285458, "A63H": 0.005016721284285458, "C09B": 0.005016721284285458, "G01M": 0.005016721284285458, "H04S": 0.025083606620773885, "B66B": 0.005016721284285458, "F24S": 0.005016721383958756, "F21Y": 0.010033442568570916, "H05B": 0.005016721383958756, "G01N": 0.005016721284285458, "B29C": 0.02006688513714183, "C08L": 0.020066885137141808, "B82Y": 0.005016721284285458, "C09K": 0.010033442568570916, "B27K": 0.015050163653509776, "B21D": 0.005016721284285458, "B62B": 0.005016721284285458, "C08J": 0.01505016385285635, "E03B": 0.005016721383958756, "H01L": 0.010033442668244213, "E02F": 0.005016721284285458, "A01M": 0.005016721284285458, "C23C": 0.010033442668244213, "G09F": 0.005016721284285458, "B44C": 0.005016721284285458, "F21S": 0.005016721284285458, "B28B": 0.01505016385285637, "D21H": 0.005016721284285458, "E21F": 0.010033442468897636, "G10L": 0.005016721284285458, "E01F": 0.005016721184612118, "F25B": 0.005016721583305354, "F16C": 0.005016721284285458, "C03C": 0.010033442568570916, "E05G": 0.005016721284285458, "G01V": 0.005016721284285458, "H01G": 0.005016721284285458, "B08B": 0.005016721284285458, "F21V": 0.005016721284285458, "A47C": 0.005016721284285458, "B62D": 0.005016721284285458, "E01C": 0.005016721284285458, "B27N": 0.010033442468897636, "A61M": 0.005016721284285458, "G02B": 0.005016721284285458, "A01G": 0.005016721284285458, "G01K": 0.005016721284285458}