{"": 0.010033443308619995, "E04B": 1.1739128616265269, "E04F": 0.6722406982886501, "E04C": 0.2608695246286935, "D06M": 0.010033443308619995, "C09C": 0.010033443308619995, "B32B": 0.3411370701009208, "H02S": 0.050167215945060205, "C09D": 0.18060197825940677, "C09K": 0.04013377323447997, "E01B": 0.020066886617239994, "E06B": 0.23076919559989312, "E04G": 0.15050164942995312, "F25B": 0.010033443308619995, "H02G": 0.1103678759961268, "E02B": 0.040133773035133394, "E02D": 0.03010032912847359, "B29C": 0.1003344326875068, "G10K": 0.0802675463692867, "E04D": 0.2809364122426666, "F21S": 0.040133773035133394, "B27J": 0.010033443308619995, "H01R": 0.010033443308619995, "B60P": 0.020066886617239994, "A01G": 0.05016721644342662, "B66C": 0.06020065975204662, "B27K": 0.010033443308619995, "B21D": 0.020066886617239994, "B01D": 0.01003344310927342, "A62C": 0.06020065935335348, "F24F": 0.07023410286132008, "C04B": 0.06020065955270003, "G09F": 0.010033443308619995, "C08L": 0.040133773035133394, "B01J": 0.010033443308619995, "E04H": 0.19063542176737328, "G02B": 0.020066886517566693, "B65G": 0.010033443308619995, "C08G": 0.01003344300960009, "B05D": 0.15050164952962652, "B05C": 0.04013377323447997, "E03C": 0.010033443308619995, "D21H": 0.030100329726513417, "H04N": 0.010033443308619995, "H04B": 0.010033443308619995, "H04R": 0.0903009894785601, "B21C": 0.010033443308619995, "C03C": 0.020066886617239994, "B28B": 0.020066886617239994, "B29K": 0.010033443308619995, "F16B": 0.05016721634375332, "H02K": 0.010033443308619995, "A47G": 0.010033443308619995, "G01B": 0.030100329826186663, "C11D": 0.020066886417893417, "F16C": 0.010033443308619995, "D04H": 0.020066886617239994, "F02B": 0.020066886617239994, "C09J": 0.04013377283578678, "C08J": 0.020066886617239994, "B27M": 0.030100329925859995, "F25D": 0.030100329726513417, "F04B": 0.020066886617239994, "B29L": 0.010033443308619995, "G10L": 0.01003344310927342, "F16S": 0.010033443208946696, "G21F": 0.010033443308619995, "H05K": 0.010033443208946686, "H01G": 0.01003344310927342, "F24J": 0.020066886318220116, "B05B": 0.02006688611887353, "H01L": 0.04013377313480667, "C08K": 0.020066886617239994, "F16L": 0.050167216144406786, "G08C": 0.010033443308619995, "H02J": 0.020066886617239994, "G21C": 0.030100329925859995, "F16J": 0.020066886517566707, "A47B": 0.010033443308619995, "E05F": 0.020066886617239994, "E21F": 0.030100329726513417, "F21V": 0.010033443308619995, "B66F": 0.010033443308619995, "A62B": 0.020066886617239994, "F28D": 0.01003344310927342, "A47C": 0.010033443308619995, "H04S": 0.030100329925859995, "F24S": 0.010033443208946696, "D21J": 0.010033443308619995, "H04M": 0.020066886617239994, "E03D": 0.010033443507966573, "F16F": 0.03010032962684009, "G06F": 0.010033443308619995, "E02F": 0.010033443308619995, "B23K": 0.010033443208946686, "A01N": 0.01003344310927342, "E21D": 0.010033443009600131, "B28D": 0.010033443308619995, "C23C": 0.010033443308619995, "E01D": 0.010033443308619995, "H01M": 0.020066886417893417, "A01K": 0.010033443308619995, "E01F": 0.010033443308619995, "H03H": 0.01003344300960011, "H03G": 0.010033443308619995, "B66B": 0.010033443308619995, "G01N": 0.010033443308619995, "D03D": 0.010033443308619995, "C23F": 0.010033443308619995, "B27N": 0.01003344300960012, "B24B": 0.010033443308619995, "A61M": 0.010033443208946667, "H01B": 0.010033443308619995, "C22C": 0.010033443308619995, "F28F": 0.010033443308619995, "E05D": 0.01003344310927342}