{"": 0.006688961574927026, "E04B": 0.9030098025481363, "E04F": 0.3411370366333674, "E04C": 0.14715715315329528, "E04G": 0.11371234587669976, "E04H": 0.09364546145093867, "F16B": 0.04013376885152243, "H02J": 0.006688961475253738, "A62C": 0.0535116921010498, "H02S": 0.046822730326776175, "H04R": 0.10033442252749913, "B27D": 0.013377922950507475, "E02D": 0.02675584590101495, "H04B": 0.006688961375580418, "B05D": 0.11371234527865996, "F16L": 0.020066884525434515, "F24F": 0.0535116921010498, "C01B": 0.006688961475253738, "H02G": 0.0936454613512654, "E06B": 0.24080261420554114, "B27M": 0.046822730227102934, "A47B": 0.020066884226414602, "B01D": 0.0200668846251078, "C09J": 0.05351169180202993, "E04D": 0.11371234537833327, "B32B": 0.12040130715260686, "G01T": 0.006688961574927036, "B65D": 0.006688961475253738, "F16J": 0.006688961574927026, "E02B": 0.026755846200034836, "C08K": 0.026755846000688234, "C09D": 0.12709026882720728, "B21C": 0.013377923149854061, "G21C": 0.013377923050180764, "D04H": 0.02675584610036154, "B05B": 0.053511692300396395, "G10K": 0.0735785763274644, "E05F": 0.033444807675288575, "H01M": 0.013377923149854061, "F02B": 0.013377923149854061, "B64F": 0.006688961475253738, "B05C": 0.02006688442576121, "C04B": 0.05351169220072314, "E05C": 0.026755846100361594, "F16F": 0.006688961375580418, "B23K": 0.02675584610036154, "F24D": 0.006688961475253738, "C08G": 0.02675584590101495, "A41D": 0.013377923448874007, "G08B": 0.006688961475253738, "B66C": 0.02675584620003485, "E05D": 0.020066884724781096, "F01N": 0.02006688442576121, "F24J": 0.013377922950507475, "B61B": 0.006688961475253738, "F25D": 0.006688961574927036, "E05B": 0.006688961475253738, "A63H": 0.006688961475253738, "C09B": 0.006688961475253738, "G01M": 0.006688961475253738, "H04S": 0.03344480777496186, "B66B": 0.006688961475253738, "F24S": 0.006688961574927036, "F21Y": 0.013377922950507475, "H05B": 0.006688961574927036, "G01N": 0.006688961475253738, "B29C": 0.02675584590101495, "C08L": 0.026755846100361507, "B82Y": 0.006688961475253738, "C09K": 0.013377922950507475, "B27K": 0.020066884326087903, "B21D": 0.006688961574927026, "B62B": 0.006688961475253738, "C08J": 0.02006688452543448, "E03B": 0.006688961574927036, "H01L": 0.01337792324952735, "E02F": 0.006688961475253738, "A01M": 0.006688961475253738, "C23C": 0.013377923050180773, "G09F": 0.006688961574927026, "B44C": 0.006688961475253738, "F21S": 0.006688961475253738, "B28B": 0.02006688442576121, "D21H": 0.006688961475253738, "E21F": 0.013377922850834195, "G10L": 0.006688961475253738, "E01F": 0.006688961375580398, "F25B": 0.006688961774273633, "F16C": 0.006688961475253738, "C03C": 0.013377923050180764, "E05G": 0.006688961475253738, "G01V": 0.006688961475253738, "H01G": 0.006688961475253738, "B08B": 0.006688961475253738, "F21V": 0.006688961475253738, "A47C": 0.006688961574927026, "B62D": 0.006688961574927026, "E01C": 0.006688961475253738, "B27N": 0.013377922850834195, "A61M": 0.006688961574927026, "G02B": 0.006688961475253738, "A01G": 0.006688961574927026, "G01K": 0.006688961475253738}