{"": 0.011705684794008091, "E04B": 1.3695651151179058, "E04F": 0.7842808776103085, "E04C": 0.304347803049437, "D06M": 0.011705684794008091, "C09C": 0.011705684794008091, "B32B": 0.39799328050444227, "H02S": 0.05852842337200068, "C09D": 0.21070232499639274, "C09K": 0.04682273917603235, "E01B": 0.023411369588016186, "E06B": 0.2692307497638193, "E04G": 0.175585271511428, "F25B": 0.011705684794008091, "H02G": 0.1287625322357225, "E02B": 0.04682273897668578, "E02D": 0.03511705358463788, "B29C": 0.11705684754138776, "G10K": 0.09364547835206483, "E04D": 0.32775917373385954, "F21S": 0.04682273897668578, "B27J": 0.011705684794008091, "H01R": 0.011705684794008091, "B60P": 0.023411369588016186, "A01G": 0.0585284238703671, "B66C": 0.0702341086643752, "B27K": 0.011705684794008091, "B21D": 0.023411369588016186, "B01D": 0.011705684395314796, "A62C": 0.07023410826568206, "F24F": 0.08193979325903675, "C04B": 0.0702341084650286, "G09F": 0.011705684794008091, "C08L": 0.04682273897668578, "B01J": 0.011705684794008091, "E04H": 0.22240800989007398, "G02B": 0.023411369488342885, "B65G": 0.011705684794008091, "C08G": 0.011705684494988185, "B05D": 0.17558527181044817, "B05C": 0.04682273917603235, "E03C": 0.011705684794008091, "D21H": 0.03511705418267771, "H04N": 0.011705684794008091, "H04B": 0.011705684794008091, "H04R": 0.10535116284705297, "B21C": 0.011705684794008091, "C03C": 0.023411369588016186, "B28B": 0.023411369588016186, "B29K": 0.011705684794008091, "F16B": 0.0585284237706938, "H02K": 0.011705684794008091, "A47G": 0.011705684794008091, "G01B": 0.03511705428235095, "C11D": 0.023411369388669608, "F16C": 0.011705684794008091, "D04H": 0.023411369588016186, "F02B": 0.023411369588016186, "C09J": 0.04682273877733916, "C08J": 0.023411369588016186, "B27M": 0.03511705438202428, "F25D": 0.03511705418267771, "F04B": 0.023411369588016186, "B29L": 0.011705684794008091, "G10L": 0.011705684594661515, "F16S": 0.011705684694334792, "G21F": 0.011705684794008091, "H05K": 0.011705684694334782, "H01G": 0.011705684594661515, "F24J": 0.023411369288996307, "B05B": 0.023411369089649723, "H01L": 0.04682273907635905, "C08K": 0.023411369588016186, "F16L": 0.058528423571347264, "G08C": 0.011705684794008091, "H02J": 0.023411369588016186, "G21C": 0.03511705438202428, "F16J": 0.0234113694883429, "A47B": 0.011705684794008091, "E05F": 0.023411369588016186, "E21F": 0.03511705418267771, "F21V": 0.011705684794008091, "B66F": 0.011705684794008091, "A62B": 0.023411369588016186, "F28D": 0.011705684594661515, "A47C": 0.011705684794008091, "H04S": 0.03511705438202428, "F24S": 0.011705684694334792, "D21J": 0.011705684794008091, "H04M": 0.023411369588016186, "E03D": 0.011705684993354669, "F16F": 0.035117054083004376, "G06F": 0.011705684794008091, "E02F": 0.011705684794008091, "B23K": 0.011705684694334782, "A01N": 0.011705684594661515, "E21D": 0.011705684494988227, "B28D": 0.011705684794008091, "C23C": 0.011705684794008091, "E01D": 0.011705684794008091, "H01M": 0.023411369388669608, "A01K": 0.011705684794008091, "E01F": 0.011705684794008091, "H03H": 0.011705684694334926, "H03G": 0.011705684794008091, "B66B": 0.011705684794008091, "G01N": 0.011705684794008091, "D03D": 0.011705684794008091, "C23F": 0.011705684794008091, "B27N": 0.011705684494988216, "B24B": 0.011705684794008091, "A61M": 0.011705684694334762, "H01B": 0.011705684794008091, "C22C": 0.011705684794008091, "F28F": 0.011705684794008091, "E05D": 0.011705684594661515}