{"": 0.001672240461319539, "E04B": 0.1956521334760193, "E04F": 0.11204011060938932, "E04C": 0.0434782518946347, "D06M": 0.001672240461319539, "C09C": 0.001672240461319539, "B32B": 0.056856175186497805, "H02S": 0.008361202206924396, "C09D": 0.030100328303751707, "C09K": 0.006688961845278156, "E01B": 0.003344480922639078, "E06B": 0.03846153051067609, "E04G": 0.025083606820119786, "F25B": 0.001672240461319539, "H02G": 0.018394645074514927, "E02B": 0.006688961845278156, "E02D": 0.005016721383958617, "B29C": 0.016722404613195387, "G10K": 0.01337792359088301, "E04D": 0.04682273291694707, "F21S": 0.006688961845278156, "B27J": 0.001672240461319539, "H01R": 0.001672240461319539, "B60P": 0.003344480922639078, "A01G": 0.008361202306597695, "B66C": 0.010033442767917233, "B27K": 0.001672240461319539, "B21D": 0.003344480922639078, "B01D": 0.001672240461319539, "A62C": 0.010033442668243934, "F24F": 0.011705683129563474, "C04B": 0.010033442767917233, "G09F": 0.001672240461319539, "C08L": 0.006688961845278156, "B01J": 0.001672240461319539, "E04H": 0.031772568765071244, "G02B": 0.003344480922639078, "B65G": 0.001672240461319539, "C08G": 0.001672240461319539, "B05D": 0.025083606820119786, "B05C": 0.006688961845278156, "E03C": 0.001672240461319539, "D21H": 0.005016721383958617, "H04N": 0.001672240461319539, "H04B": 0.001672240461319539, "H04R": 0.015050164151875848, "B21C": 0.001672240461319539, "C03C": 0.003344480922639078, "B28B": 0.003344480922639078, "B29K": 0.001672240461319539, "F16B": 0.008361202206924396, "H02K": 0.001672240461319539, "A47G": 0.001672240461319539, "G01B": 0.005016721383958617, "C11D": 0.003344480922639078, "F16C": 0.001672240461319539, "D04H": 0.003344480922639078, "F02B": 0.003344480922639078, "C09J": 0.006688961845278156, "C08J": 0.003344480922639078, "B27M": 0.005016721383958617, "F25D": 0.005016721383958617, "F04B": 0.003344480922639078, "B29L": 0.001672240461319539, "G10L": 0.001672240461319539, "F16S": 0.0016722403616462403, "G21F": 0.001672240461319539, "H05K": 0.001672240461319539, "H01G": 0.001672240461319539, "F24J": 0.003344480922639078, "B05B": 0.003344480922639078, "H01L": 0.006688961745604858, "C08K": 0.003344480922639078, "F16L": 0.008361202306597695, "G08C": 0.001672240461319539, "H02J": 0.003344480922639078, "G21C": 0.005016721383958617, "F16J": 0.003344480922639078, "A47B": 0.001672240461319539, "E05F": 0.003344480922639078, "E21F": 0.005016721383958617, "F21V": 0.001672240461319539, "B66F": 0.001672240461319539, "A62B": 0.003344480922639078, "F28D": 0.001672240461319539, "A47C": 0.001672240461319539, "H04S": 0.005016721383958617, "F24S": 0.0016722403616462403, "D21J": 0.001672240461319539, "H04M": 0.003344480922639078, "E03D": 0.001672240461319539, "F16F": 0.005016721383958617, "G06F": 0.001672240461319539, "E02F": 0.001672240461319539, "B23K": 0.001672240461319539, "A01N": 0.001672240461319539, "E21D": 0.001672240461319539, "B28D": 0.001672240461319539, "C23C": 0.001672240461319539, "E01D": 0.001672240461319539, "H01M": 0.003344480922639078, "A01K": 0.001672240461319539, "E01F": 0.001672240461319539, "H03H": 0.001672240461319539, "H03G": 0.001672240461319539, "B66B": 0.001672240461319539, "G01N": 0.001672240461319539, "D03D": 0.001672240461319539, "C23F": 0.001672240461319539, "B27N": 0.0016722403616462403, "B24B": 0.001672240461319539, "A61M": 0.001672240461319539, "H01B": 0.001672240461319539, "C22C": 0.001672240461319539, "F28F": 0.001672240461319539, "E05D": 0.001672240461319539}