{"": 0.0033444814346731996, "E04B": 0.3913043268600317, "E04F": 0.22408025552506503, "E04C": 0.08695651710215664, "D06M": 0.0033444814346731996, "C09C": 0.0033444814346731996, "B32B": 0.11371236798150244, "H02S": 0.016722407073692696, "C09D": 0.06020066582411759, "C09K": 0.013377925738692797, "E01B": 0.006688962869346399, "E06B": 0.07692307289781034, "E04G": 0.05016722132075136, "F25B": 0.0033444814346731996, "H02G": 0.03678929568173186, "E02B": 0.013377925738692797, "E02D": 0.010033444204346268, "B29C": 0.03344481424705866, "G10K": 0.026755851377712293, "E04D": 0.09364548007117635, "F21S": 0.013377925738692797, "B27J": 0.0033444814346731996, "H01R": 0.0033444814346731996, "B60P": 0.006688962869346399, "A01G": 0.016722407073692668, "B66C": 0.020066888608039193, "B27K": 0.0033444814346731996, "B21D": 0.006688962869346399, "B01D": 0.0033444814346731996, "A62C": 0.020066888508365896, "F24F": 0.023411369943039096, "C04B": 0.020066888508365865, "G09F": 0.0033444814346731996, "C08L": 0.013377925738692797, "B01J": 0.0033444814346731996, "E04H": 0.06354514725879079, "G02B": 0.006688962869346399, "B65G": 0.0033444814346731996, "C08G": 0.0033444813349998706, "B05D": 0.05016722161977134, "B05C": 0.013377925738692797, "E03C": 0.0033444814346731996, "D21H": 0.010033444304019598, "H04N": 0.0033444814346731996, "H04B": 0.0033444814346731996, "H04R": 0.03010033281238546, "B21C": 0.0033444814346731996, "C03C": 0.006688962869346399, "B28B": 0.006688962869346399, "B29K": 0.0033444814346731996, "F16B": 0.016722406974019367, "H02K": 0.0033444814346731996, "A47G": 0.0033444814346731996, "G01B": 0.010033444204346268, "C11D": 0.006688962869346399, "F16C": 0.0033444814346731996, "D04H": 0.006688962869346399, "F02B": 0.006688962869346399, "C09J": 0.013377925639019468, "C08J": 0.006688962869346399, "B27M": 0.010033444304019598, "F25D": 0.010033444304019598, "F04B": 0.006688962869346399, "B29L": 0.0033444814346731996, "G10L": 0.0033444814346731996, "F16S": 0.003344481334999901, "G21F": 0.0033444814346731996, "H05K": 0.0033444814346731996, "H01G": 0.0033444814346731996, "F24J": 0.006688962869346399, "B05B": 0.006688962869346399, "H01L": 0.013377925639019498, "C08K": 0.006688962869346399, "F16L": 0.016722407173365997, "G08C": 0.0033444814346731996, "H02J": 0.006688962869346399, "G21C": 0.010033444304019598, "F16J": 0.006688962869346399, "A47B": 0.0033444814346731996, "E05F": 0.006688962869346399, "E21F": 0.010033444304019598, "F21V": 0.0033444814346731996, "B66F": 0.0033444814346731996, "A62B": 0.006688962869346399, "F28D": 0.0033444814346731996, "A47C": 0.0033444814346731996, "H04S": 0.010033444304019598, "F24S": 0.003344481334999901, "D21J": 0.0033444814346731996, "H04M": 0.006688962869346399, "E03D": 0.0033444814346731996, "F16F": 0.01003344420434627, "G06F": 0.0033444814346731996, "E02F": 0.0033444814346731996, "B23K": 0.0033444814346731996, "A01N": 0.0033444814346731996, "E21D": 0.0033444814346731996, "B28D": 0.0033444814346731996, "C23C": 0.0033444814346731996, "E01D": 0.0033444814346731996, "H01M": 0.006688962869346399, "A01K": 0.0033444814346731996, "E01F": 0.0033444814346731996, "H03H": 0.0033444814346731996, "H03G": 0.0033444814346731996, "B66B": 0.0033444814346731996, "G01N": 0.0033444814346731996, "D03D": 0.0033444814346731996, "C23F": 0.0033444814346731996, "B27N": 0.003344481334999901, "B24B": 0.0033444814346731996, "A61M": 0.0033444813349998706, "H01B": 0.0033444814346731996, "C22C": 0.0033444814346731996, "F28F": 0.0033444814346731996, "E05D": 0.0033444814346731996}