{"": 0.019801978702206853, "G01S": 0.03960395681426875, "G01B": 0.21782176513413037, "B65G": 0.019801978702206853, "F02D": 0.11881187221324109, "G01C": 0.27722770183089596, "F42D": 0.13861385091544795, "G01L": 0.019801978702206853, "E21D": 0.17821780831986164, "G01N": 0.138613850325303, "G02B": 0.039603957404413706, "G06K": 0.039603957404413706, "G10K": 0.05940593610662055, "E21F": 0.019801978702206853, "E21B": 0.1584158296176548, "E02D": 0.13861385209573787, "G06N": 0.019801978702206853, "G01V": 0.0792079148088274, "E04G": 0.039603957404413706, "G06T": 0.019801978702206853, "G06F": 0.01980197988249676, "G03B": 0.0198019781120619, "E01F": 0.019801978702206853, "E04B": 0.019801978702206853, "G01H": 0.019801978702206853, "E02B": 0.019801978702206853, "G01P": 0.019801978702206853, "B08B": 0.019801978702206853, "B66B": 0.019801978702206853, "A62C": 0.019801978702206853, "E02F": 0.019801978702206853}