{"": 0.009900989508864904, "E21D": 0.14851484322311856, "E02D": 0.03960395862560462, "G01V": 0.009900989508864904, "E21F": 0.039603958035459616, "G06T": 0.019801979017729808, "B66B": 0.019801979607874803, "E03F": 0.029702968526594712, "E21B": 0.049504947544324523, "G06K": 0.019801979607874803, "G09G": 0.019801979017729808, "G01N": 0.07920791666106423, "F21W": 0.009900989508864904, "F02D": 0.05940593764333442, "E02B": 0.029702969116739707, "G01L": 0.019801979607874803, "E04B": 0.009900989508864904, "G01B": 0.03960395862560462, "E01B": 0.019801979017729808, "G02B": 0.009900989508864904, "G01D": 0.019801979017729808, "G01C": 0.07920791607091925, "E21C": 0.029702968526594712, "G10K": 0.03960395862560462, "G01S": 0.009900989508864904, "G03B": 0.019801979017729808, "F42D": 0.029702969116739707, "F21V": 0.009900989508864904, "F21S": 0.009900991279299897, "E04G": 0.019801979017729808, "B63B": 0.009900989508864904, "B64D": 0.009900989508864904, "E01C": 0.009900989508864904, "A62C": 0.019801979017729808}