{"": 0.06930693010292431, "E21D": 1.0396039515438653, "E02D": 0.27722772159198733, "G01V": 0.06930693010292431, "E21F": 0.27722772041169735, "G06T": 0.1386138613861386, "B66B": 0.1386138619762836, "E03F": 0.20792079030877297, "E21B": 0.34653465051462173, "G06K": 0.1386138602058486, "G09G": 0.13861386020584862, "G01N": 0.5544554414135398, "F21W": 0.06930693010292431, "F02D": 0.41584158002740107, "E02B": 0.20792079089891796, "G01L": 0.1386138613861386, "E04B": 0.06930692951277931, "G01B": 0.27722772100184234, "E01B": 0.13861386020584862, "G02B": 0.06930693010292431, "G01D": 0.13861386020584862, "G01C": 0.5544554402332498, "E21C": 0.20792079030877297, "G10K": 0.2772277198215523, "G01S": 0.06930692951277931, "G03B": 0.13861386020584862, "F42D": 0.20792079089891796, "F21V": 0.06930693010292431, "F21S": 0.06930693069306931, "E04G": 0.13861386020584862, "B63B": 0.06930693010292431, "B64D": 0.06930693010292431, "E01C": 0.06930693010292431, "A62C": 0.13861386020584862}