{"": 0.059405940003914415, "E21D": 0.8910891006488617, "E02D": 0.2376237617860927, "G01V": 0.059405940003914415, "E21F": 0.23762376001565771, "G06T": 0.11881188118811879, "B66B": 0.11881188059797379, "E03F": 0.17821782001174324, "E21B": 0.2970297000195722, "G06K": 0.11881188059797379, "G09G": 0.1188118800078288, "G01N": 0.47524752062146053, "F21W": 0.059405940003914415, "F02D": 0.3564356406136316, "E02B": 0.17821782060188823, "G01L": 0.1188118800078288, "E04B": 0.05940593941376941, "G01B": 0.2376237606058027, "E01B": 0.1188118800078288, "G02B": 0.059405940003914415, "G01D": 0.1188118800078288, "G01C": 0.47524751944117055, "E21C": 0.17821782001174324, "G10K": 0.2376237600156577, "G01S": 0.05940593941376941, "G03B": 0.1188118800078288, "F42D": 0.17821782060188823, "F21V": 0.059405940003914415, "F21S": 0.059405941184204406, "E04G": 0.1188118800078288, "B63B": 0.059405940003914415, "B64D": 0.059405940003914415, "E01C": 0.059405940003914415, "A62C": 0.1188118800078288}