{"": 0.029702968801216756, "G01S": 0.05940593701228856, "G01B": 0.3267326562232394, "B65G": 0.029702968801216756, "F02D": 0.17821781280730054, "G01C": 0.4158415626268897, "F42D": 0.20792078160851732, "G01L": 0.029702968801216756, "E21D": 0.2673267192109508, "G01N": 0.20792078042822734, "G02B": 0.05940593760243351, "G06K": 0.05940593760243351, "G10K": 0.08910890640365024, "E21F": 0.029702968801216756, "E21B": 0.23762375040973407, "E02D": 0.20792078278880724, "G06N": 0.029702968801216756, "G01V": 0.11881187520486698, "E04G": 0.05940593760243351, "G06T": 0.029702968801216756, "G06F": 0.029702969981506663, "G03B": 0.029702967620926803, "E01F": 0.029702968801216756, "E04B": 0.029702968801216756, "G01H": 0.029702968801216756, "E02B": 0.029702968801216756, "G01P": 0.029702968801216756, "B08B": 0.029702968801216756, "B66B": 0.029702968801216756, "A62C": 0.029702968801216756, "E02F": 0.029702968801216756}