{"": 0.03960395980589461, "E21D": 0.5940593976785644, "E02D": 0.15841584099401343, "G01V": 0.03960395980589461, "E21F": 0.15841583922357844, "G06T": 0.07920792079207921, "B66B": 0.0792079202019342, "E03F": 0.1188118794176838, "E21B": 0.1980197990294731, "G06K": 0.0792079202019342, "G09G": 0.07920791961178922, "G01N": 0.31683167903730197, "F21W": 0.03960395980589461, "F02D": 0.2376237594255127, "E02B": 0.11881188000782879, "G01L": 0.0792079202019342, "E04B": 0.03960395921574961, "G01B": 0.15841583981372342, "E01B": 0.07920791961178922, "G02B": 0.03960395980589461, "G01D": 0.07920791961178922, "G01C": 0.316831678447157, "E21C": 0.1188118794176838, "G10K": 0.15841583981372342, "G01S": 0.03960395980589461, "G03B": 0.07920791961178922, "F42D": 0.11881188000782879, "F21V": 0.03960395980589461, "F21S": 0.0396039615763296, "E04G": 0.07920791961178922, "B63B": 0.03960395980589461, "B64D": 0.03960395980589461, "E01C": 0.03960395980589461, "A62C": 0.07920791961178922}