{"": 0.06930692888173333, "G01S": 0.13861385599303175, "G01B": 0.7623762135680522, "B65G": 0.06930692888173333, "F02D": 0.415841572700255, "G01C": 0.9702969966723819, "F42D": 0.48514850099184365, "G01L": 0.06930692888173333, "E21D": 0.6237623552144407, "G01N": 0.48514849686082884, "G02B": 0.13861385776346663, "G06K": 0.13861385776346663, "G10K": 0.20792078782548995, "E21F": 0.06930692770144332, "E21B": 0.5544554298735772, "E02D": 0.4851485009918436, "G06N": 0.06930692888173333, "G01V": 0.27722771552693326, "E04G": 0.13861385776346663, "G06T": 0.06930692888173333, "G06F": 0.06930692888173333, "G03B": 0.06930692770144337, "E01F": 0.06930692829158833, "E04B": 0.06930692770144342, "G01H": 0.06930692888173333, "E02B": 0.06930692888173333, "G01P": 0.06930692888173333, "B08B": 0.06930692888173333, "B66B": 0.06930692888173333, "A62C": 0.06930692888173333, "E02F": 0.06930692888173333}