{"": 0.009900989351103427, "G01S": 0.019801978702206853, "G01B": 0.10891088227199272, "B65G": 0.009900989351103427, "F02D": 0.05940593610662055, "G01C": 0.13861385091544795, "F42D": 0.06930692545772398, "G01L": 0.009900989351103427, "E21D": 0.08910890415993082, "G01N": 0.06930692545772398, "G02B": 0.019801978702206853, "G06K": 0.019801978702206853, "G10K": 0.02970296805331028, "E21F": 0.009900989351103427, "E21B": 0.0792079148088274, "E02D": 0.06930692545772398, "G06N": 0.009900989351103427, "G01V": 0.039603957404413706, "E04G": 0.019801978702206853, "G06T": 0.009900989351103427, "G06F": 0.009900989351103427, "G03B": 0.009900988760958473, "E01F": 0.009900989351103427, "E04B": 0.009900989351103427, "G01H": 0.009900989351103427, "E02B": 0.009900989351103427, "G01P": 0.009900989351103427, "B08B": 0.009900989351103427, "B66B": 0.009900989351103427, "A62C": 0.009900989351103427, "E02F": 0.009900989351103427}