{"": 0.05940593835033999, "G01S": 0.118811876110535, "G01B": 0.653465320083305, "B65G": 0.05940593835033999, "F02D": 0.3564356295118951, "G01C": 0.8316831351343246, "F42D": 0.41584157081296, "G01L": 0.05940593835033999, "E21D": 0.5346534427924803, "G01N": 0.4158415666819452, "G02B": 0.11881187670067994, "G06K": 0.11881187670067994, "G10K": 0.17821781623130992, "E21F": 0.059405937170049994, "E21B": 0.4752475079830102, "E02D": 0.4158415696326701, "G06N": 0.05940593835033999, "G01V": 0.23762375340135994, "E04G": 0.11881187670067994, "G06T": 0.05940593835033999, "G06F": 0.0594059395306299, "G03B": 0.05940593717005003, "E01F": 0.05940593776019499, "E04B": 0.05940593835033999, "G01H": 0.05940593835033999, "E02B": 0.05940593835033999, "G01P": 0.05940593835033999, "B08B": 0.05940593835033999, "B66B": 0.05940593835033999, "A62C": 0.05940593835033999, "E02F": 0.05940593835033999}