{"": 0.04950494825133009, "G01S": 0.0990098959125152, "G01B": 0.5445544301744861, "B65G": 0.04950494825133009, "F02D": 0.29702968950798064, "G01C": 0.6930692749284759, "F42D": 0.3465346389396007, "G01L": 0.04950494825133009, "E21D": 0.44554453308168107, "G01N": 0.34653463657902084, "G02B": 0.09900989650266015, "G06K": 0.09900989650266015, "G10K": 0.1485148447539902, "E21F": 0.04950494825133009, "E21B": 0.39603958601064093, "E02D": 0.34653463775931076, "G06N": 0.04950494825133009, "G01V": 0.1980197930053203, "E04G": 0.09900989650266015, "G06T": 0.04950494825133009, "G06F": 0.049504949431619996, "G03B": 0.049504947071040126, "E01F": 0.049504947661185086, "E04B": 0.04950494825133009, "G01H": 0.04950494825133009, "E02B": 0.04950494825133009, "G01P": 0.04950494825133009, "B08B": 0.04950494825133009, "B66B": 0.04950494825133009, "A62C": 0.04950494825133009, "E02F": 0.04950494825133009}