{"": 0.03960395890022666, "G01S": 0.07920791721030836, "G01B": 0.4356435473123484, "B65G": 0.03960395890022666, "F02D": 0.23762375340136, "G01C": 0.5544554240130284, "F42D": 0.27722771230158666, "G01L": 0.03960395890022666, "E21D": 0.35643563010204, "G01N": 0.2772277111212967, "G02B": 0.0792079178004533, "G06K": 0.0792079178004533, "G10K": 0.11881187670067993, "E21F": 0.03960395890022666, "E21B": 0.3168316712018133, "E02D": 0.2772277128917316, "G06N": 0.03960395890022666, "G01V": 0.1584158356009066, "E04G": 0.0792079178004533, "G06T": 0.03960395890022666, "G06F": 0.039603960080516566, "G03B": 0.0396039577199367, "E01F": 0.03960395831008166, "E04B": 0.03960395890022666, "G01H": 0.03960395890022666, "E02B": 0.03960395890022666, "G01P": 0.03960395890022666, "B08B": 0.03960395890022666, "B66B": 0.03960395890022666, "A62C": 0.03960395890022666, "E02F": 0.03960395890022666}