{"": 8.30758716922068e-41, "G06F": 8.597567659895407e-41, "E02B": 8.647164107779993e-41, "G06T": 8.59715132035388e-41, "H04R": 8.57711497991781e-41, "0000": 8.311438309979808e-41, "E02D": 8.596474768598895e-41, "F24F": 8.842635522527717e-41, "E04B": 8.592727712725125e-41, "G09G": 8.816770428510258e-41, "B09B": 8.582006969530759e-41, "G06Q": 8.836806768946329e-41, "F16F": 8.796525918303423e-41, "G16H": 8.537666808357966e-41, "E04G": 8.567799382676105e-41, "G06N": 8.541413864231712e-41, "G10L": 8.837743532914768e-41, "G01C": 8.817967404692148e-41, "E04C": 0.16697139742506908, "E04H": 8.827595256590005e-41, "E01D": 8.822755309419726e-41, "G01M": 8.812971330193796e-41, "G16Z": 0.4993720978761888, "B33Y": 8.002358242837445e-41, "A01K": 8.627856361541624e-41, "E21D": 8.837327193373238e-41, "C02F": 8.641387396641295e-41, "H04S": 8.841386503903129e-41, "E04F": 8.562907393063131e-41, "G10K": 8.587627553341409e-41, "G09B": 8.547763042240034e-41, "F16L": 8.571858693206e-41, "G08B": 8.806934406841644e-41, "G01H": 8.492129671003272e-41, "G05B": 8.828167723459607e-41, "G01N": 8.813283584849942e-41, "G06V": 8.416668129101177e-41, "B65G": 8.566342194280753e-41, "G09F": 8.51174967189781e-41, "A62B": 8.767538277724486e-41, "A01G": 8.581278375333084e-41, "A61M": 0.33365650469874225, "G01V": 8.496813490845459e-41, "H02B": 8.646851853123845e-41, "E03C": 8.501809565343814e-41, "G01R": 8.842011013215424e-41, "G21C": 8.566758533822283e-41, "G05D": 8.766237216657208e-41, "H02J": 8.77206597023862e-41, "H02S": 8.7779467662627e-41, "E04D": 8.778102893590772e-41, "G01W": 8.793351329299255e-41, "H01L": 8.556402087726757e-41, "E01C": 8.801730162572519e-41, "G21F": 8.811514141798441e-41, "G01L": 8.57123418389371e-41}