{"": 3.8592656562153076e-41, "G06F": 0.11423873960273957, "E02B": 3.9202196860560835e-41, "G06T": 3.9077155780529554e-41, "H04R": 3.902428606212697e-41, "0000": 0.028514853198549475, "E02D": 3.9074078706971735e-41, "F24F": 3.955773872346872e-41, "E04B": 3.907128136737371e-41, "G09G": 3.949759592211138e-41, "B09B": 0.028514853198549475, "G06Q": 0.028564881187211053, "F16F": 3.9445845139548024e-41, "G16H": 3.892498050639739e-41, "E04G": 3.9000788409503633e-41, "G06N": 3.893812800250808e-41, "G10L": 3.955158457635307e-41, "G01C": 3.9501232463588806e-41, "E04C": 3.949927432587019e-41, "E04H": 0.02857435714069544, "E01D": 3.950738661070444e-41, "G01M": 0.08580546495313293, "G16Z": 0.2572438643402094, "B33Y": 3.8671541538817123e-41, "A01K": 0.028564881187211053, "E21D": 3.9550185906554073e-41, "C02F": 3.9295068535214976e-41, "H04S": 0.02854928363029154, "E04F": 0.02854928363029154, "G10K": 3.9051699990187567e-41, "G09B": 3.895071603069917e-41, "F16L": 3.9017572447091745e-41, "G08B": 3.947241986572923e-41, "G01H": 0.028514853198549475, "G05B": 0.028593251902008694, "G01N": 0.02856315199081601, "G06V": 3.874790890984296e-41, "B65G": 0.028564881187211053, "G09F": 3.8862879567321435e-41, "A62B": 3.937255484208003e-41, "A01G": 0.028564881187211053, "A61M": 3.9028482071524e-41, "G01V": 3.8829311492145256e-41, "H02B": 3.9314090444481525e-41, "E03C": 3.8837703510939285e-41, "G01R": 3.9555780585750104e-41, "G21C": 0.02856315199081601, "G05D": 3.93686385666428e-41, "H02J": 3.938877941174854e-41, "H02S": 3.940024850410041e-41, "E04D": 3.940052823806022e-41, "G01W": 3.9443887001829424e-41, "H01L": 3.89716960776843e-41, "E01C": 0.05719504832282386, "G21F": 0.028514853198549475, "G01L": 0.08580546495313293}