{"": 0.010263927781646939, "E04H": 0.04105571077699996, "G06F": 1.0161288440904654, "G05B": 0.07184749394714687, "A01G": 0.030791783082749966, "B66C": 0.27712604800694046, "A61B": 0.16422284319539723, "E02D": 0.051319638471249956, "G06T": 0.3489735424784686, "G01B": 0.21554248219102848, "H04N": 0.3900292533428646, "G01M": 0.051319638471249956, "E05D": 0.0102639278690437, "A61G": 0.010263927519456295, "G06Q": 0.2771260486187183, "G03B": 0.1231671326805876, "H04B": 0.18475069867129398, "G21C": 0.01026392769424999, "G06K": 0.1847506989334846, "G09F": 0.030791783170146914, "B66B": 0.061583566340294056, "G01D": 0.051319638471249956, "B64C": 0.0615835662528969, "H04W": 0.16422284337019108, "A47G": 0.01026392769424999, "E01F": 0.020527855475896927, "G05D": 0.05131963864604367, "E04G": 0.08211142164139695, "H04L": 0.14369498789429413, "E02B": 0.030791783082750167, "A41D": 0.07184749394714712, "B62D": 0.030791783257543864, "B61K": 0.01026392769424999, "B60W": 0.05131963855864691, "G09G": 0.0718474940345437, "G08G": 0.08211142164139715, "E02F": 0.08211142164139694, "E03F": 0.01026392769424999, "G01S": 0.18475069867129376, "H04M": 0.04105571086439691, "G10L": 0.07184749429673445, "G01N": 0.23607033810391, "B41J": 0.01026392769424999, "B27C": 0.01026392769424999, "H04H": 0.04105571086439691, "E01D": 0.02052785556329358, "G08B": 0.12316713250579395, "H04Q": 0.15395891488936939, "B64D": 0.01026392769424999, "G01F": 0.030791783344940815, "B65G": 0.0615835664276908, "G01R": 0.030791783082749966, "G01K": 0.030791783170146917, "G07G": 0.01026392769424999, "D07B": 0.01026392769424999, "H02J": 0.020527855388499976, "B61G": 0.010263927869043716, "H04R": 0.01026392769424999, "A62C": 0.020527855388499976, "F24F": 0.0615835662528969, "G06V": 0.01026392769424999, "G01C": 0.13343105993785337, "G01P": 0.020527855301103116, "C04B": 0.0102639278690437, "G01W": 0.020527855388499976, "B25J": 0.01026392769424999, "G02B": 0.07184749377235312, "G01L": 0.020527855563293704, "B65F": 0.01026392769424999, "B64B": 0.01026392769424999, "H01P": 0.010263927869043591, "G10H": 0.01026392769424999, "G05G": 0.020527855388499976, "F16L": 0.01026392769424999, "A61K": 0.01026392769424999, "G04G": 0.01026392769424999, "B63B": 0.030791783082749966, "B09C": 0.01026392769424999, "B60Q": 0.01026392769424999, "B60R": 0.030791783170146914, "G08C": 0.030791782995353102, "G09B": 0.030791783082749966, "B60L": 0.030791783257543677, "B66F": 0.020527855388499976, "A47K": 0.01026392769424999, "H04J": 0.010263927781646939, "A01C": 0.030791783082749966, "G01V": 0.061583566340293945, "G07C": 0.01026392769424999, "E01C": 0.020527855388499976, "E21D": 0.030791783170146914, "B62B": 0.020527855650690638, "E05B": 0.020527855388499976, "B21D": 0.01026392769424999, "A63C": 0.01026392769424999, "B64F": 0.01026392769424999, "A63G": 0.01026392769424999, "A01M": 0.010263927606853181, "F21S": 0.01026392769424999, "B60T": 0.020527855388499976, "A61N": 0.010263927606853126, "A62B": 0.01026392760685319, "G07F": 0.02052785530110323, "B60G": 0.01026392769424999, "A61F": 0.01026392769424999, "F04D": 0.01026392769424999, "H03J": 0.010263927781646939, "G01H": 0.020527855301103116, "B63H": 0.020527855301103168, "B62J": 0.01026392769424999, "G02C": 0.01026392769424999, "H01Q": 0.02052785556329358, "B63C": 0.03079178317014693, "G01T": 0.010263927781646939, "F17D": 0.0102639278690437, "B09B": 0.01026392769424999, "G16H": 0.020527855388499976, "G04R": 0.01026392769424999, "F21Y": 0.01026392769424999, "G16Y": 0.020527855388499976, "B60K": 0.01026392769424999, "A42B": 0.01026392760685319, "E03D": 0.010263927694250193, "B60N": 0.010263927781646939}