{"": 0.008797653696502093, "E04H": 0.035190614436420575, "G06F": 0.87096770948633, "G05B": 0.06158357535113291, "A01G": 0.026392960827315428, "B66C": 0.23753664770802993, "A61B": 0.14076245792047634, "E02D": 0.043988268045525726, "G06T": 0.29912022358354456, "G01B": 0.18475072640298656, "H04N": 0.33431083810736123, "G01M": 0.043988268045525726, "E05D": 0.008797653783898855, "A61G": 0.008797653434311449, "G06Q": 0.23753664831980778, "G03B": 0.10557184365884936, "H04B": 0.15835776513868663, "G21C": 0.008797653609105144, "G06K": 0.15835776522608375, "G09F": 0.026392960914712375, "B66B": 0.05278592182942498, "G01D": 0.043988268045525726, "B64C": 0.05278592174202782, "H04W": 0.14076245800787343, "A47G": 0.008797653609105144, "E01F": 0.017595307305607235, "G05D": 0.04398826822031944, "E04G": 0.07038122896023813, "H04L": 0.12316715070226619, "E02B": 0.02639296082731563, "A41D": 0.061583575438529915, "B62D": 0.026392961002109326, "B61K": 0.008797653609105144, "B60W": 0.04398826813292268, "G09G": 0.061583575438529735, "G08G": 0.07038122896023832, "E02F": 0.07038122896023812, "E03F": 0.008797653609105144, "G01S": 0.1583577651386864, "H04M": 0.035190614523817526, "G10L": 0.06158357570072049, "G01N": 0.2023460341455784, "B41J": 0.008797653609105144, "B27C": 0.008797653609105144, "H04H": 0.035190614523817526, "E01D": 0.017595307393003887, "G08B": 0.10557184348405571, "H04Q": 0.13196480369959335, "B64D": 0.008797653609105144, "G01F": 0.026392961089506277, "B65G": 0.05278592191682172, "G01R": 0.026392960827315428, "G01K": 0.02639296091471238, "G07G": 0.008797653609105144, "D07B": 0.008797653609105144, "H02J": 0.017595307218210284, "B61G": 0.00879765378389887, "H04R": 0.008797653609105144, "A62C": 0.017595307218210284, "F24F": 0.05278592174202782, "G06V": 0.008797653609105144, "G01C": 0.11436949683097028, "G01P": 0.017595307130813424, "C04B": 0.008797653783898855, "G01W": 0.017595307218210284, "B25J": 0.008797653609105144, "G02B": 0.06158357517633915, "G01L": 0.017595307393004012, "B65F": 0.008797653609105144, "B64B": 0.008797653609105144, "H01P": 0.008797653783898745, "G10H": 0.008797653609105144, "G05G": 0.017595307218210284, "F16L": 0.008797653609105144, "A61K": 0.008797653609105144, "G04G": 0.008797653609105144, "B63B": 0.026392960827315428, "B09C": 0.008797653609105144, "B60Q": 0.008797653609105144, "B60R": 0.026392960914712375, "G08C": 0.026392960739918564, "G09B": 0.026392960827315428, "B60L": 0.02639296100210914, "B66F": 0.017595307218210284, "A47K": 0.008797653609105144, "H04J": 0.008797653696502093, "A01C": 0.026392960827315428, "G01V": 0.05278592182942487, "G07C": 0.008797653609105144, "E01C": 0.017595307218210284, "E21D": 0.026392960914712375, "B62B": 0.017595307480400946, "E05B": 0.017595307218210284, "B21D": 0.008797653609105144, "A63C": 0.008797653609105144, "B64F": 0.008797653609105144, "A63G": 0.008797653609105144, "A01M": 0.008797653521708335, "F21S": 0.008797653609105144, "B60T": 0.017595307218210284, "A61N": 0.00879765352170828, "A62B": 0.008797653521708344, "G07F": 0.017595307130813538, "B60G": 0.008797653609105144, "A61F": 0.008797653609105144, "F04D": 0.008797653609105144, "H03J": 0.008797653696502093, "G01H": 0.017595307130813424, "B63H": 0.017595307130813476, "B62J": 0.008797653609105144, "G02C": 0.008797653609105144, "H01Q": 0.017595307393003887, "B63C": 0.026392960914712393, "G01T": 0.008797653696502093, "F17D": 0.008797653783898855, "B09B": 0.008797653609105144, "G16H": 0.017595307218210284, "G04R": 0.008797653609105144, "F21Y": 0.008797653609105144, "G16Y": 0.017595307218210284, "B60K": 0.008797653609105144, "A42B": 0.008797653521708344, "E03D": 0.008797653696502093, "B60N": 0.008797653696502093}