{"": 0.0014662758348740537, "G07F": 0.007331379261767124, "B60R": 0.007331379174370269, "H04N": 0.0454545512306831, "G01B": 0.020527861775633607, "G06Q": 0.05425220623992743, "G06T": 0.038123172056312826, "B66C": 0.03665689622143877, "G06K": 0.0293255170470685, "G01N": 0.029325516697481083, "H04L": 0.013196482601263337, "G08B": 0.032258068454626046, "G06F": 0.11290323989707998, "B60W": 0.005865103514289926, "B60G": 0.004398827504622161, "H04H": 0.0014662758348740537, "F24F": 0.004398827592019016, "H04W": 0.011730206853786139, "G01C": 0.008797655271434888, "H04B": 0.0322580685420229, "H02J": 0.0029325516697481075, "A41D": 0.011730206853786139, "A47L": 0.0029325516697481075, "G08G": 0.014662758523534245, "G05B": 0.004398827592019016, "B63B": 0.005865103339496215, "B66B": 0.013196482688660192, "G01W": 0.00586510342689307, "E01C": 0.005865103339496215, "G01S": 0.03665689595924821, "E02F": 0.013196482513866481, "G10L": 0.007331379261767124, "B60T": 0.002932551757144963, "B60M": 0.0014662758348740537, "G02B": 0.008797655009244322, "H03H": 0.0014662758348740537, "G01H": 0.005865103339496215, "A62C": 0.00733137934916398, "G01R": 0.007331379174370269, "E04G": 0.014662758348740534, "H01Q": 0.0029325516697481075, "G01K": 0.0029325516697481075, "F16L": 0.004398827592019016, "E04F": 0.0029325516697481075, "G10K": 0.002932551757144963, "E04B": 0.004398827592019016, "G06V": 0.0029325516697481075, "G16Y": 0.004398827592019016, "G09G": 0.011730206941182994, "E02D": 0.013196482688660192, "A61B": 0.017595310018488644, "G02F": 0.0029325516697481075, "G01J": 0.0014662759222709091, "A63B": 0.0029325516697481075, "H04Q": 0.026392965289923534, "H04M": 0.01026393093151523, "A61G": 0.00586510342689307, "G04G": 0.0014662758348740537, "B23K": 0.0029325516697481075, "G21C": 0.004398827679415872, "H05B": 0.0014662758348740537, "G08C": 0.0029325516697481075, "G09F": 0.004398827504622161, "G05G": 0.004398827504622161, "B09B": 0.002932551757144963, "G01V": 0.00586510342689307, "C12N": 0.0014662758348740537, "B61B": 0.0029325516697481075, "G16H": 0.004398827504622161, "B65G": 0.005865103339496215, "B42D": 0.0014662758348740537, "B63H": 0.002932551757144963, "G01D": 0.004398827679415872, "B60Q": 0.002932551757144963, "E21D": 0.008797655096641177, "G04R": 0.0014662758348740537, "B61D": 0.0014662758348740537, "H01P": 0.0014662759222709091, "B05B": 0.0014662758348740537, "G03B": 0.011730206766389284, "A01G": 0.0014662758348740537, "E04C": 0.002932551757144963, "E03C": 0.0014662758348740537, "B61L": 0.0014662758348740537, "B62D": 0.004398827592019016, "F21Y": 0.0014662758348740537, "B64D": 0.007331379261767124, "E04H": 0.005865103339496215, "B25J": 0.005865103339496215, "B21D": 0.0029325516697481075, "D07B": 0.0014662758348740537, "B21C": 0.0014662758348740537, "G07C": 0.005865103339496215, "B64C": 0.0014662758348740537, "E21F": 0.0014662758348740537, "H04K": 0.0029325516697481075, "G01F": 0.00586510342689307, "A01C": 0.0014662758348740537, "B60K": 0.004398827504622161, "E01F": 0.0029325516697481075, "B63C": 0.0029325516697481075, "F02D": 0.0014662759222709091, "E02B": 0.00586510342689307, "H04R": 0.004398827504622161, "G01M": 0.00586510342689307, "G05D": 0.0029325516697481075, "A47C": 0.0014662758348740537, "G01P": 0.0014662758348740537, "E05B": 0.0029325516697481075, "H02G": 0.0029325516697481075, "A61M": 0.0014662758348740537, "B64B": 0.0014662758348740537, "B41J": 0.0014662758348740537, "E03D": 0.0014662758348740537, "A01K": 0.0014662759222709091, "H05K": 0.0014662758348740537, "B66F": 0.0014662758348740537, "H03M": 0.0014662758348740537, "A63H": 0.0014662758348740537, "E01H": 0.0014662758348740537, "B61F": 0.0014662758348740537, "B60F": 0.0014662758348740537, "E03F": 0.0029325516697481075, "E06B": 0.0014662758348740537, "H01L": 0.0014662758348740537, "G09D": 0.0014662758348740537, "B62B": 0.0014662758348740537, "A42B": 0.0014662758348740537}