{"": 0.005865103470719767, "G07F": 0.029325517965376847, "B60R": 0.02932551787798002, "H04N": 0.1818182110881874, "G01B": 0.08211144998842664, "G06Q": 0.2170088322620933, "G06T": 0.15249269321020745, "B66C": 0.14662758947729704, "G06K": 0.11730207177411074, "G01N": 0.11730207098753902, "H04L": 0.05278593228524021, "G08B": 0.12903227836596287, "G06F": 0.4516129761598991, "B60W": 0.02346041449465707, "B60G": 0.017595310849143602, "H04H": 0.00586510355811663, "F24F": 0.017595310849143585, "H04W": 0.04692082863972675, "G01C": 0.03519062178568406, "H04B": 0.1290322785407566, "H02J": 0.0117302072036301, "A41D": 0.04692082881452046, "A47L": 0.0117302072036301, "G08G": 0.058651036105547415, "G05B": 0.017595310849143585, "B63B": 0.02346041423246652, "B66B": 0.052785932460033935, "G01W": 0.023460414319863374, "E01C": 0.02346041431986336, "G01S": 0.14662758947729707, "E02F": 0.05278593228524023, "G10L": 0.029325517965376847, "B60T": 0.011730207203630116, "B60M": 0.005865103470719767, "G02B": 0.035190621348699776, "H03H": 0.00586510355811663, "G01H": 0.02346041431986339, "A62C": 0.0293255180527737, "G01R": 0.02932551787797999, "E04G": 0.05865103558116631, "H01Q": 0.01173020711623326, "G01K": 0.01173020711623326, "F16L": 0.017595310849143585, "E04F": 0.011730207203630131, "G10K": 0.011730207203630116, "E04B": 0.017595310936540456, "G06V": 0.01173020711623326, "G16Y": 0.017595310849143616, "G09G": 0.046920828989314156, "E02D": 0.05278593228524022, "A61B": 0.07038124304698698, "G02F": 0.01173020711623326, "G01J": 0.0058651036455134855, "A63B": 0.01173020711623326, "H04Q": 0.10557186500746489, "H04M": 0.04105572534380069, "A61G": 0.023460414407260214, "G04G": 0.00586510355811663, "B23K": 0.0117302072036301, "G21C": 0.017595311023937313, "H05B": 0.00586510364551347, "G08C": 0.01173020711623326, "G09F": 0.01759531067434989, "G05G": 0.01759531067434989, "B09B": 0.011730207465820713, "G01V": 0.023460414494657085, "C12N": 0.00586510355811663, "B61B": 0.011730207028836398, "G16H": 0.01759531076174673, "B65G": 0.02346041431986339, "B42D": 0.00586510364551347, "B63H": 0.011730207203630116, "G01D": 0.01759531102393728, "B60Q": 0.011730207203630116, "E21D": 0.03519062161089038, "G04R": 0.00586510364551347, "B61D": 0.00586510355811663, "H01P": 0.0058651036455134855, "B05B": 0.00586510355811663, "G03B": 0.046920828552329895, "A01G": 0.00586510355811663, "E04C": 0.011730207291026955, "E03C": 0.00586510355811663, "B61L": 0.00586510355811663, "B62D": 0.017595310849143585, "F21Y": 0.00586510355811663, "B64D": 0.029325517965376847, "E04H": 0.023460414145069657, "B25J": 0.023460414057672796, "B21D": 0.011730207203630131, "D07B": 0.00586510355811663, "B21C": 0.00586510355811663, "G07C": 0.02346041431986339, "B64C": 0.00586510355811663, "E21F": 0.00586510355811663, "H04K": 0.011730207378423873, "G01F": 0.023460414319863374, "A01C": 0.00586510355811663, "B60K": 0.01759531067434989, "E01F": 0.01173020711623326, "B63C": 0.01173020711623326, "F02D": 0.0058651036455134855, "E02B": 0.023460414407260214, "H04R": 0.017595310761746762, "G01M": 0.023460414494657085, "G05D": 0.01173020711623326, "A47C": 0.00586510355811663, "G01P": 0.005865103645513502, "E05B": 0.011730207203630109, "H02G": 0.01173020711623326, "A61M": 0.005865103470719767, "B64B": 0.00586510355811663, "B41J": 0.00586510355811663, "E03D": 0.00586510355811663, "A01K": 0.005865103820307197, "H05K": 0.005865103470719767, "B66F": 0.00586510364551347, "H03M": 0.00586510355811663, "A63H": 0.00586510355811663, "E01H": 0.00586510355811663, "B61F": 0.00586510355811663, "B60F": 0.00586510355811663, "E03F": 0.011730207028836398, "E06B": 0.00586510355811663, "H01L": 0.00586510355811663, "G09D": 0.00586510355811663, "B62B": 0.00586510355811663, "A42B": 0.00586510355811663}