{"": 0.005865101720736808, "E04H": 0.023460406533359436, "G06F": 0.5806450643225544, "G05B": 0.04105571160817276, "A01G": 0.01759530490001958, "B66C": 0.1583577442749705, "A61B": 0.09384162630823178, "E02D": 0.029325508166699293, "G06T": 0.19941345649492193, "G01B": 0.12316713464972515, "H04N": 0.22287386302828113, "G01M": 0.029325508166699293, "E05D": 0.005865101633339859, "A61G": 0.005865101458546164, "G06Q": 0.1583577448867484, "G03B": 0.07038121994966584, "H04B": 0.1055718295749116, "G21C": 0.005865101633339859, "G06K": 0.10557182974970558, "G09F": 0.017595304987416526, "B66B": 0.03519060997483326, "G01D": 0.029325508166699293, "B64C": 0.0351906098874361, "H04W": 0.09384162639562887, "A47G": 0.005865101633339859, "E01F": 0.011730203354076669, "G05D": 0.029325508166699293, "E04G": 0.04692081297932213, "H04L": 0.08211142312894895, "E02B": 0.01759530490001978, "A41D": 0.04105571160817291, "B62D": 0.017595305074813477, "B61K": 0.005865101633339859, "B60W": 0.029325508254096244, "G09G": 0.041055711433379015, "G08G": 0.04692081315411603, "E02F": 0.04692081315411582, "E03F": 0.005865101633339859, "G01S": 0.10557182957491137, "H04M": 0.023460406620756387, "G10L": 0.04105571169556977, "G01N": 0.13489733844078639, "B41J": 0.005865101633339859, "B27C": 0.005865101633339859, "H04H": 0.023460406620756387, "E01D": 0.01173020344147332, "G08B": 0.07038121960007848, "H04Q": 0.08797652423790772, "B64D": 0.005865101633339859, "G01F": 0.017595305162210428, "B65G": 0.03519061006223, "G01R": 0.01759530490001958, "G01K": 0.01759530498741653, "G07G": 0.005865101633339859, "D07B": 0.005865101633339859, "H02J": 0.011730203266679718, "B61G": 0.005865101633339859, "H04R": 0.005865101633339859, "A62C": 0.011730203266679718, "F24F": 0.0351906098874361, "G06V": 0.005865101633339859, "G01C": 0.07624632114602146, "G01P": 0.011730203266679718, "C04B": 0.005865101633339859, "G01W": 0.011730203266679718, "B25J": 0.005865101633339859, "G02B": 0.041055711433379015, "G01L": 0.011730203266679718, "B65F": 0.005865101633339859, "B64B": 0.005865101633339859, "H01P": 0.0058651018081334605, "G10H": 0.005865101633339859, "G05G": 0.011730203266679718, "F16L": 0.005865101633339859, "A61K": 0.005865101633339859, "G04G": 0.005865101633339859, "B63B": 0.01759530490001958, "B09C": 0.005865101633339859, "B60Q": 0.005865101633339859, "B60R": 0.017595304987416526, "G08C": 0.01759530490001958, "G09B": 0.01759530490001958, "B60L": 0.01759530490001958, "B66F": 0.011730203266679718, "A47K": 0.005865101633339859, "H04J": 0.005865101720736808, "A01C": 0.01759530490001958, "G01V": 0.03519061006223, "G07C": 0.005865101633339859, "E01C": 0.011730203266679718, "E21D": 0.017595304987416526, "B62B": 0.011730203354076669, "E05B": 0.011730203266679718, "B21D": 0.005865101633339859, "A63C": 0.005865101633339859, "B64F": 0.005865101633339859, "A63G": 0.005865101633339859, "A01M": 0.0058651015459430505, "F21S": 0.005865101633339859, "B60T": 0.011730203266679718, "A61N": 0.005865101633339859, "A62B": 0.005865101545943059, "G07F": 0.011730203179282972, "B60G": 0.005865101633339859, "A61F": 0.005865101633339859, "F04D": 0.005865101633339859, "H03J": 0.005865101720736808, "G01H": 0.011730203266679718, "B63H": 0.01173020317928291, "B62J": 0.005865101633339859, "G02C": 0.005865101633339859, "H01Q": 0.01173020344147332, "B63C": 0.017595305074813397, "G01T": 0.005865101720736808, "F17D": 0.005865101633339859, "B09B": 0.005865101633339859, "G16H": 0.011730203266679718, "G04R": 0.005865101633339859, "F21Y": 0.005865101633339859, "G16Y": 0.011730203266679718, "B60K": 0.005865101633339859, "A42B": 0.005865101545943059, "E03D": 0.005865101720736808, "B60N": 0.005865101720736808}