{"": 0.004398827635591962, "E04H": 0.017595310192780052, "G06F": 0.43548393067978425, "G05B": 0.03079179301215883, "A01G": 0.013196482644585039, "B66C": 0.11876834397605948, "A61B": 0.07038124094591414, "E02D": 0.021994137740975063, "G06T": 0.14956013759999692, "G01B": 0.09237537894907999, "H04N": 0.16715544779277672, "G01M": 0.021994137740975063, "E05D": 0.004398827548195013, "A61G": 0.004398827460798064, "G06Q": 0.11876834458783736, "G03B": 0.05278593092792765, "H04B": 0.079178896129701, "G21C": 0.004398827548195013, "G06K": 0.07917889621709823, "G09F": 0.013196482731981988, "B66B": 0.026392965551360927, "G01D": 0.021994137740975063, "B64C": 0.026392965376567025, "H04W": 0.07038124103331123, "A47G": 0.004398827548195013, "E01F": 0.008797655183786977, "G05D": 0.021994137740975063, "E04G": 0.035190620385560104, "H04L": 0.061583585936921016, "E02B": 0.013196482731981988, "A41D": 0.030791793012158987, "B62D": 0.013196482819378939, "B61K": 0.004398827548195013, "B60W": 0.021994137828372014, "G09G": 0.03079179283736509, "G08G": 0.035190620560354005, "E02F": 0.035190620472957054, "E03F": 0.004398827548195013, "G01S": 0.07917889604230402, "H04M": 0.017595310280177003, "G10L": 0.03079179318695259, "G01N": 0.10117303448245477, "B41J": 0.004398827548195013, "B27C": 0.004398827548195013, "H04H": 0.017595310280177003, "E01D": 0.008797655271183627, "G08B": 0.05278593057834029, "H04Q": 0.06598241296073493, "B64D": 0.004398827548195013, "G01F": 0.013196482906775888, "B65G": 0.026392965551360923, "G01R": 0.013196482644585039, "G01K": 0.01319648273198199, "G07G": 0.004398827548195013, "D07B": 0.004398827548195013, "H02J": 0.008797655096390026, "B61G": 0.004398827548195013, "H04R": 0.004398827548195013, "A62C": 0.008797655096390026, "F24F": 0.026392965376567025, "G06V": 0.004398827548195013, "G01C": 0.05718475812653516, "G01P": 0.008797655096390026, "C04B": 0.004398827548195013, "G01W": 0.008797655096390026, "B25J": 0.004398827548195013, "G02B": 0.03079179283736509, "G01L": 0.008797655096390026, "B65F": 0.004398827548195013, "B64B": 0.004398827548195013, "H01P": 0.004398827722988614, "G10H": 0.004398827548195013, "G05G": 0.008797655096390026, "F16L": 0.004398827548195013, "A61K": 0.004398827548195013, "G04G": 0.004398827548195013, "B63B": 0.013196482644585039, "B09C": 0.004398827548195013, "B60Q": 0.004398827548195013, "B60R": 0.013196482731981988, "G08C": 0.013196482644585039, "G09B": 0.013196482644585039, "B60L": 0.013196482644585039, "B66F": 0.008797655096390026, "A47K": 0.004398827548195013, "H04J": 0.004398827635591962, "A01C": 0.013196482644585039, "G01V": 0.026392965551360923, "G07C": 0.004398827548195013, "E01C": 0.008797655096390026, "E21D": 0.013196482731981988, "B62B": 0.008797655183786977, "E05B": 0.008797655096390026, "B21D": 0.004398827548195013, "A63C": 0.004398827548195013, "B64F": 0.004398827548195013, "A63G": 0.004398827548195013, "A01M": 0.004398827460798204, "F21S": 0.004398827548195013, "B60T": 0.008797655096390026, "A61N": 0.004398827548195013, "A62B": 0.004398827460798212, "G07F": 0.008797655096390026, "B60G": 0.004398827548195013, "A61F": 0.004398827548195013, "F04D": 0.004398827548195013, "H03J": 0.004398827635591962, "G01H": 0.008797655096390026, "B63H": 0.008797655008993217, "B62J": 0.004398827548195013, "G02C": 0.004398827548195013, "H01Q": 0.008797655271183627, "B63C": 0.013196482906775605, "G01T": 0.004398827635591962, "F17D": 0.004398827548195013, "B09B": 0.004398827548195013, "G16H": 0.008797655096390026, "G04R": 0.004398827548195013, "F21Y": 0.004398827548195013, "G16Y": 0.008797655096390026, "B60K": 0.004398827548195013, "A42B": 0.004398827460798212, "E03D": 0.004398827635591962, "B60N": 0.004398827635591962}