{"": 0.007331377643007717, "E04H": 0.02932551022244307, "G06F": 0.7258063805399754, "G05B": 0.05131964297667226, "A01G": 0.021994132666832304, "B66C": 0.19794719435107894, "A61B": 0.11730204106456643, "E02D": 0.036656887778053836, "G06T": 0.24926683785213305, "G01B": 0.15395892927960492, "H04N": 0.27859234816197226, "G01M": 0.036656887778053836, "E05D": 0.007331377730404479, "A61G": 0.007331377380817073, "G06Q": 0.19794719487545995, "G03B": 0.08797653101691683, "H04B": 0.13196479617578807, "G21C": 0.007331377555610768, "G06K": 0.1319647962631852, "G09F": 0.02199413275422925, "B66B": 0.04398826550845871, "G01D": 0.036656887778053836, "B64C": 0.04398826542106155, "H04W": 0.11730204115196352, "A47G": 0.007331377555610768, "E01F": 0.014662755198618486, "G05D": 0.03665688795284755, "E04G": 0.05865102053228311, "H04L": 0.1026392859533449, "E02B": 0.021994132666832505, "A41D": 0.05131964306406927, "B62D": 0.021994132841626202, "B61K": 0.007331377555610768, "B60W": 0.03665688786545079, "G09G": 0.05131964306406909, "G08G": 0.0586510205322833, "E02F": 0.05865102053228309, "E03F": 0.007331377555610768, "G01S": 0.13196479617578785, "H04M": 0.02932551030984002, "G10L": 0.051319643326259844, "G01N": 0.16862168500260485, "B41J": 0.007331377555610768, "B27C": 0.007331377555610768, "H04H": 0.02932551030984002, "E01D": 0.014662755286015136, "G08B": 0.08797653084212317, "H04Q": 0.10997066298457459, "B64D": 0.007331377555610768, "G01F": 0.021994132929023153, "B65G": 0.043988265595855454, "G01R": 0.021994132666832304, "G01K": 0.021994132754229255, "G07G": 0.007331377555610768, "D07B": 0.007331377555610768, "H02J": 0.014662755111221535, "B61G": 0.007331377555610768, "H04R": 0.007331377555610768, "A62C": 0.014662755111221535, "F24F": 0.04398826542106155, "G06V": 0.007331377555610768, "G01C": 0.09530790813554336, "G01P": 0.014662755111221535, "C04B": 0.007331377730404479, "G01W": 0.014662755111221535, "B25J": 0.007331377555610768, "G02B": 0.051319642889275374, "G01L": 0.014662755111221535, "B65F": 0.007331377555610768, "B64B": 0.007331377555610768, "H01P": 0.00733137773040437, "G10H": 0.007331377555610768, "G05G": 0.014662755111221535, "F16L": 0.007331377555610768, "A61K": 0.007331377555610768, "G04G": 0.007331377555610768, "B63B": 0.021994132666832304, "B09C": 0.007331377555610768, "B60Q": 0.007331377555610768, "B60R": 0.02199413275422925, "G08C": 0.021994132666832304, "G09B": 0.021994132666832304, "B60L": 0.021994132841626015, "B66F": 0.014662755111221535, "A47K": 0.007331377555610768, "H04J": 0.007331377643007717, "A01C": 0.021994132666832304, "G01V": 0.0439882655084586, "G07C": 0.007331377555610768, "E01C": 0.014662755111221535, "E21D": 0.02199413275422925, "B62B": 0.014662755373412197, "E05B": 0.014662755111221535, "B21D": 0.007331377555610768, "A63C": 0.007331377555610768, "B64F": 0.007331377555610768, "A63G": 0.007331377555610768, "A01M": 0.00733137746821396, "F21S": 0.007331377555610768, "B60T": 0.014662755111221535, "A61N": 0.007331377555610768, "A62B": 0.0073313774682139685, "G07F": 0.014662755023824789, "B60G": 0.007331377555610768, "A61F": 0.007331377555610768, "F04D": 0.007331377555610768, "H03J": 0.007331377643007717, "G01H": 0.014662755111221535, "B63H": 0.014662755023824726, "B62J": 0.007331377555610768, "G02C": 0.007331377555610768, "H01Q": 0.014662755286015136, "B63C": 0.02199413275422927, "G01T": 0.007331377643007717, "F17D": 0.007331377730404479, "B09B": 0.007331377555610768, "G16H": 0.014662755111221535, "G04R": 0.007331377555610768, "F21Y": 0.007331377555610768, "G16Y": 0.014662755111221535, "B60K": 0.007331377555610768, "A42B": 0.0073313774682139685, "E03D": 0.007331377643007717, "B60N": 0.007331377643007717}