{"": 0.0014662750037073024, "E04H": 0.00586510001482921, "G06F": 0.14516122580400687, "G05B": 0.01026392520074472, "A01G": 0.0043988250111219075, "B66C": 0.03958942510009716, "A61B": 0.023460400059316835, "E02D": 0.007331375018536512, "G06T": 0.04985335030084186, "G01B": 0.030791775252646945, "H04N": 0.05571845049046467, "G01M": 0.007331375018536512, "E05D": 0.0014662750037073024, "A61G": 0.0014662750037073024, "G06Q": 0.03958942553708116, "G03B": 0.017595300219281233, "H04B": 0.02639295015412824, "G21C": 0.0014662750037073024, "G06K": 0.026392950066731438, "G09F": 0.0043988250111219075, "B66B": 0.008797650022243815, "G01D": 0.007331375018536512, "B64C": 0.008797650022243815, "H04W": 0.023460399971920037, "A47G": 0.0014662750037073024, "E01F": 0.002932550007414605, "G05D": 0.007331375018536512, "E04G": 0.011730200029658421, "H04L": 0.020527850051902233, "E02B": 0.0043988250111219075, "A41D": 0.010263925025951118, "B62D": 0.0043988250111219075, "B61K": 0.0014662750037073024, "B60W": 0.007331375018536512, "G09G": 0.010263925025951118, "G08G": 0.011730200029658421, "E02F": 0.011730200029658421, "E03F": 0.0014662750037073024, "G01S": 0.02639295024152504, "H04M": 0.00586510001482921, "G10L": 0.01026392520074472, "G01N": 0.03372432526006155, "B41J": 0.0014662750037073024, "B27C": 0.0014662750037073024, "H04H": 0.00586510001482921, "E01D": 0.0029325501822082063, "G08B": 0.01759530004448763, "H04Q": 0.021994124793419133, "B64D": 0.0014662750037073024, "G01F": 0.0043988250111219075, "B65G": 0.008797650022243815, "G01R": 0.0043988250111219075, "G01K": 0.0043988250111219075, "G07G": 0.0014662750037073024, "D07B": 0.0014662750037073024, "H02J": 0.002932550007414605, "B61G": 0.0014662750037073024, "H04R": 0.0014662750037073024, "A62C": 0.002932550007414605, "F24F": 0.008797650022243815, "G06V": 0.0014662750037073024, "G01C": 0.01906157504819493, "G01P": 0.002932550007414605, "C04B": 0.0014662750037073024, "G01W": 0.002932550007414605, "B25J": 0.0014662750037073024, "G02B": 0.010263925025951118, "G01L": 0.002932550007414605, "B65F": 0.0014662750037073024, "B64B": 0.0014662750037073024, "H01P": 0.001466275178500904, "G10H": 0.0014662750037073024, "G05G": 0.002932550007414605, "F16L": 0.0014662750037073024, "A61K": 0.0014662750037073024, "G04G": 0.0014662750037073024, "B63B": 0.0043988250111219075, "B09C": 0.0014662750037073024, "B60Q": 0.0014662750037073024, "B60R": 0.0043988250111219075, "G08C": 0.0043988250111219075, "G09B": 0.0043988250111219075, "B60L": 0.0043988250111219075, "B66F": 0.002932550007414605, "A47K": 0.0014662750037073024, "H04J": 0.0014662750037073024, "A01C": 0.0043988250111219075, "G01V": 0.008797650022243815, "G07C": 0.0014662750037073024, "E01C": 0.002932550007414605, "E21D": 0.0043988250111219075, "B62B": 0.002932550007414605, "E05B": 0.002932550007414605, "B21D": 0.0014662750037073024, "A63C": 0.0014662750037073024, "B64F": 0.0014662750037073024, "A63G": 0.0014662750037073024, "A01M": 0.0014662750037073024, "F21S": 0.0014662750037073024, "B60T": 0.002932550007414605, "A61N": 0.0014662750037073024, "A62B": 0.0014662749163105017, "G07F": 0.002932550007414605, "B60G": 0.0014662750037073024, "A61F": 0.0014662750037073024, "F04D": 0.0014662750037073024, "H03J": 0.0014662750037073024, "G01H": 0.002932550007414605, "B63H": 0.002932550007414605, "B62J": 0.0014662750037073024, "G02C": 0.0014662750037073024, "H01Q": 0.0029325501822082063, "B63C": 0.0043988250111219075, "G01T": 0.0014662750037073024, "F17D": 0.0014662750037073024, "B09B": 0.0014662750037073024, "G16H": 0.002932550007414605, "G04R": 0.0014662750037073024, "F21Y": 0.0014662750037073024, "G16Y": 0.002932550007414605, "B60K": 0.0014662750037073024, "A42B": 0.0014662749163105017, "E03D": 0.0014662750037073024, "B60N": 0.0014662750037073024}