{"": 0.002932552500661358, "E04H": 0.011730209653057632, "G06F": 0.2903226923216565, "G05B": 0.02052786715504141, "A01G": 0.008797657239793226, "B66C": 0.07917891533293298, "A61B": 0.046920838787024424, "E02D": 0.01466276206632204, "G06T": 0.09970678301235614, "G01B": 0.06158360120293396, "H04N": 0.1114369926654135, "G01M": 0.01466276206632204, "E05D": 0.0029325524132644085, "A61G": 0.0029325523258674595, "G06Q": 0.07917891594471085, "G03B": 0.0351906293087604, "H04B": 0.05278594370095004, "G21C": 0.0029325524132644085, "G06K": 0.05278594387574408, "G09F": 0.008797657327190175, "B66B": 0.0175953147417773, "G01D": 0.01466276206632204, "B64C": 0.0175953145669834, "H04W": 0.04692083887442153, "A47G": 0.0029325524132644085, "E01F": 0.005865104913925767, "G05D": 0.01466276206632204, "E04G": 0.023460419306115265, "H04L": 0.041055734047892554, "E02B": 0.008797657327190175, "A41D": 0.020527867067644756, "B62D": 0.008797657414587125, "B61K": 0.0029325524132644085, "B60W": 0.01466276215371899, "G09G": 0.020527866892850858, "G08G": 0.023460419480909166, "E02F": 0.023460419393512216, "E03F": 0.0029325524132644085, "G01S": 0.05278594370094989, "H04M": 0.011730209740454583, "G10L": 0.02052786724243836, "G01N": 0.06744870646644753, "B41J": 0.0029325524132644085, "B27C": 0.0029325524132644085, "H04H": 0.011730209740454583, "E01D": 0.0058651050013224185, "G08B": 0.035190629046569846, "H04Q": 0.043988286024172665, "B64D": 0.0029325524132644085, "G01F": 0.008797657501984074, "B65G": 0.017595314741777297, "G01R": 0.008797657239793226, "G01K": 0.008797657327190176, "G07G": 0.0029325524132644085, "D07B": 0.0029325524132644085, "H02J": 0.005865104826528817, "B61G": 0.0029325524132644085, "H04R": 0.0029325524132644085, "A62C": 0.005865104826528817, "F24F": 0.0175953145669834, "G06V": 0.0029325524132644085, "G01C": 0.0381231813724373, "G01P": 0.005865104826528817, "C04B": 0.0029325524132644085, "G01W": 0.005865104826528817, "B25J": 0.0029325524132644085, "G02B": 0.020527866892850858, "G01L": 0.005865104826528817, "B65F": 0.0029325524132644085, "B64B": 0.0029325524132644085, "H01P": 0.00293255258805801, "G10H": 0.0029325524132644085, "G05G": 0.005865104826528817, "F16L": 0.0029325524132644085, "A61K": 0.0029325524132644085, "G04G": 0.0029325524132644085, "B63B": 0.008797657239793226, "B09C": 0.0029325524132644085, "B60Q": 0.0029325524132644085, "B60R": 0.008797657327190175, "G08C": 0.008797657239793226, "G09B": 0.008797657239793226, "B60L": 0.008797657239793226, "B66F": 0.005865104826528817, "A47K": 0.0029325524132644085, "H04J": 0.002932552500661358, "A01C": 0.008797657239793226, "G01V": 0.017595314741777297, "G07C": 0.0029325524132644085, "E01C": 0.005865104826528817, "E21D": 0.008797657327190175, "B62B": 0.005865104913925767, "E05B": 0.005865104826528817, "B21D": 0.0029325524132644085, "A63C": 0.0029325524132644085, "B64F": 0.0029325524132644085, "A63G": 0.0029325524132644085, "A01M": 0.0029325524132644085, "F21S": 0.0029325524132644085, "B60T": 0.005865104826528817, "A61N": 0.0029325524132644085, "A62B": 0.002932552325867608, "G07F": 0.005865104826528817, "B60G": 0.0029325524132644085, "A61F": 0.0029325524132644085, "F04D": 0.0029325524132644085, "H03J": 0.002932552500661358, "G01H": 0.005865104826528817, "B63H": 0.005865104826528817, "B62J": 0.0029325524132644085, "G02C": 0.0029325524132644085, "H01Q": 0.0058651050013224185, "B63C": 0.008797657327190175, "G01T": 0.002932552500661358, "F17D": 0.0029325524132644085, "B09B": 0.0029325524132644085, "G16H": 0.005865104826528817, "G04R": 0.0029325524132644085, "F21Y": 0.0029325524132644085, "G16Y": 0.005865104826528817, "B60K": 0.0029325524132644085, "A42B": 0.002932552325867608, "E03D": 0.002932552500661358, "B60N": 0.002932552500661358}