{"": 0.0029325514073012607, "G07F": 0.014662757211300002, "B60R": 0.014662757036506307, "H04N": 0.09090909441291069, "G01B": 0.04105571987701133, "G06Q": 0.10850440259452773, "G06T": 0.07624633711421386, "B66C": 0.07331378579430944, "G06K": 0.0586510286704063, "G01N": 0.05865102823342204, "H04L": 0.026392962927901872, "G08B": 0.06451613113542141, "G06F": 0.2258064601975306, "B60W": 0.011730205891395595, "B60G": 0.008797654309300624, "H04H": 0.0029325514073012607, "F24F": 0.008797654396697479, "H04W": 0.02346041143320379, "G01C": 0.01759530879339497, "H04B": 0.06451613122281827, "H02J": 0.005865102901999361, "A41D": 0.02346041152060063, "A47L": 0.005865102901999361, "G08G": 0.029325514509996823, "G05B": 0.008797654396697479, "B63B": 0.011730205629205044, "B66B": 0.026392963015298726, "G01W": 0.0117302057166019, "E01C": 0.011730205716601884, "G01S": 0.07331378561951572, "E02F": 0.026392962840505015, "G10L": 0.014662757211300002, "B60T": 0.005865102901999377, "B60M": 0.0029325514073012607, "G02B": 0.017595308443807564, "H03H": 0.0029325514073012607, "G01H": 0.011730205629205044, "A62C": 0.014662757298696857, "G01R": 0.014662757123903147, "E04G": 0.029325514073012593, "H01Q": 0.005865102814602521, "G01K": 0.005865102814602521, "F16L": 0.008797654396697479, "E04F": 0.005865102814602521, "G10K": 0.005865102901999377, "E04B": 0.008797654396697479, "G06V": 0.005865102814602521, "G16Y": 0.00879765430930064, "G09G": 0.023460411695394326, "E02D": 0.026392962927901886, "A61B": 0.03519061723720247, "G02F": 0.005865102814602521, "G01J": 0.002932551494698116, "A63B": 0.005865102814602521, "H04Q": 0.0527859259432006, "H04M": 0.020527860113299358, "A61G": 0.01173020580399874, "G04G": 0.0029325514073012607, "B23K": 0.005865102901999361, "G21C": 0.008797654484094334, "H05B": 0.0029325514946981004, "G08C": 0.005865102814602521, "G09F": 0.008797654221903784, "G05G": 0.008797654221903784, "B09B": 0.005865102901999377, "G01V": 0.01173020580399874, "C12N": 0.0029325514073012607, "B61B": 0.005865102814602521, "G16H": 0.008797654309300624, "B65G": 0.011730205629205044, "B42D": 0.0029325514946981004, "B63H": 0.005865102901999377, "G01D": 0.008797654571491174, "B60Q": 0.005865102901999377, "E21D": 0.01759530853120442, "G04R": 0.0029325514946981004, "B61D": 0.0029325514073012607, "H01P": 0.002932551494698116, "B05B": 0.0029325514073012607, "G03B": 0.023460411345806936, "A01G": 0.0029325514073012607, "E04C": 0.0058651029893962165, "E03C": 0.0029325514073012607, "B61L": 0.0029325514073012607, "B62D": 0.008797654396697479, "F21Y": 0.0029325514073012607, "B64D": 0.014662757211300002, "E04H": 0.011730205629205044, "B25J": 0.011730205629205044, "B21D": 0.005865102814602521, "D07B": 0.0029325514073012607, "B21C": 0.0029325514073012607, "G07C": 0.011730205629205044, "B64C": 0.0029325514073012607, "E21F": 0.0029325514073012607, "H04K": 0.005865102814602521, "G01F": 0.0117302057166019, "A01C": 0.0029325514073012607, "B60K": 0.008797654221903784, "E01F": 0.005865102814602521, "B63C": 0.005865102814602521, "F02D": 0.002932551494698116, "E02B": 0.01173020580399874, "H04R": 0.008797654221903784, "G01M": 0.01173020580399874, "G05D": 0.005865102814602521, "A47C": 0.0029325514073012607, "G01P": 0.0029325514073012607, "E05B": 0.005865102901999361, "H02G": 0.005865102814602521, "A61M": 0.0029325514073012607, "B64B": 0.0029325514073012607, "B41J": 0.0029325514073012607, "E03D": 0.0029325514073012607, "A01K": 0.002932551582094956, "H05K": 0.0029325514073012607, "B66F": 0.0029325514946981004, "H03M": 0.0029325514073012607, "A63H": 0.0029325514073012607, "E01H": 0.0029325514073012607, "B61F": 0.0029325514073012607, "B60F": 0.0029325514073012607, "E03F": 0.005865102814602521, "E06B": 0.0029325514073012607, "H01L": 0.0029325514073012607, "G09D": 0.0029325514073012607, "B62B": 0.0029325514073012607, "A42B": 0.0029325514073012607}