{"": 0.004398827373398773, "G07F": 0.021994137478771877, "B60R": 0.02199413730397818, "H04N": 0.13636365180904578, "G01B": 0.06158358462593262, "G06Q": 0.16275661639902567, "G06T": 0.11436951450506769, "B66C": 0.10997068686947829, "G06K": 0.08797654974029386, "G01N": 0.087976549041119, "H04L": 0.03958944740935126, "G08B": 0.096774204137504, "G06F": 0.3387097159670092, "B60W": 0.017595310105373095, "B60G": 0.013196482469783749, "H04H": 0.004398827460795636, "F24F": 0.013196482557180603, "H04W": 0.035190619861158796, "G01C": 0.02639296511436122, "H04B": 0.09677420431229772, "H02J": 0.008797655008988112, "A41D": 0.035190619948555636, "A47L": 0.008797655008988112, "G08G": 0.0439882750449406, "G05B": 0.013196482557180603, "B63B": 0.017595309843182545, "B66B": 0.039589447496748115, "G01W": 0.017595309930579398, "E01C": 0.017595309930579384, "G01S": 0.1099706868694783, "E02F": 0.03958944732195441, "G10L": 0.021994137478771877, "B60T": 0.008797655008988128, "B60M": 0.004398827373398773, "G02B": 0.02639296476477381, "H03H": 0.004398827460795636, "G01H": 0.017595309843182545, "A62C": 0.02199413756616873, "G01R": 0.02199413739137502, "E04G": 0.04398827460795637, "H01Q": 0.008797654921591272, "G01K": 0.008797654921591272, "F16L": 0.013196482557180603, "E04F": 0.008797654921591272, "G10K": 0.008797655008988128, "E04B": 0.013196482557180603, "G06V": 0.008797654921591272, "G16Y": 0.013196482469783763, "G09G": 0.03519062012334933, "E02D": 0.039589447409351275, "A61B": 0.05278592987913501, "G02F": 0.008797654921591272, "G01J": 0.0043988275481924915, "A63B": 0.008797654921591272, "H04Q": 0.07917889481870254, "H04M": 0.03079179248775998, "A61G": 0.017595310017976238, "G04G": 0.004398827460795636, "B23K": 0.008797655008988112, "G21C": 0.01319648264457746, "H05B": 0.004398827548192476, "G08C": 0.008797654921591272, "G09F": 0.01319648238238691, "G05G": 0.01319648238238691, "B09B": 0.008797655183781854, "G01V": 0.017595310017976238, "C12N": 0.004398827460795636, "B61B": 0.00879765483419441, "G16H": 0.013196482469783749, "B65G": 0.017595309843182545, "B42D": 0.004398827548192476, "B63H": 0.008797655008988128, "G01D": 0.0131964827319743, "B60Q": 0.008797655008988128, "E21D": 0.02639296485217067, "G04R": 0.004398827548192476, "B61D": 0.004398827460795636, "H01P": 0.0043988275481924915, "B05B": 0.004398827460795636, "G03B": 0.03519061977376194, "A01G": 0.004398827460795636, "E04C": 0.008797655096384967, "E03C": 0.004398827460795636, "B61L": 0.004398827460795636, "B62D": 0.013196482557180603, "F21Y": 0.004398827460795636, "B64D": 0.021994137478771877, "E04H": 0.01759530975578568, "B25J": 0.01759530966838882, "B21D": 0.008797654921591272, "D07B": 0.004398827460795636, "B21C": 0.004398827460795636, "G07C": 0.017595309843182545, "B64C": 0.004398827460795636, "E21F": 0.004398827460795636, "H04K": 0.008797654921591272, "G01F": 0.017595309930579398, "A01C": 0.004398827460795636, "B60K": 0.01319648238238691, "E01F": 0.008797654921591272, "B63C": 0.008797654921591272, "F02D": 0.0043988275481924915, "E02B": 0.017595310017976238, "H04R": 0.01319648238238691, "G01M": 0.017595310017976238, "G05D": 0.008797654921591272, "A47C": 0.004398827460795636, "G01P": 0.004398827460795636, "E05B": 0.00879765492159125, "H02G": 0.008797654921591272, "A61M": 0.004398827373398773, "B64B": 0.004398827460795636, "B41J": 0.004398827460795636, "E03D": 0.004398827460795636, "A01K": 0.004398827635589331, "H05K": 0.004398827373398773, "B66F": 0.004398827548192476, "H03M": 0.004398827460795636, "A63H": 0.004398827460795636, "E01H": 0.004398827460795636, "B61F": 0.004398827460795636, "B60F": 0.004398827460795636, "E03F": 0.00879765483419441, "E06B": 0.004398827460795636, "H01L": 0.004398827460795636, "G09D": 0.004398827460795636, "B62B": 0.004398827460795636, "A42B": 0.004398827460795636}