{"": 0.05208333354029397, "E04B": 0.6250000093132263, "F16F": 0.052083334161175686, "G06F": 1.7708333608590916, "G06N": 0.10416666832235137, "H04S": 0.052083334161175686, "G06Q": 0.26041667080587844, "G10L": 0.052083334161175686, "F24F": 0.3645833360238212, "G01R": 0.052083334161175686, "E21D": 0.10416666832235137, "E04H": 0.20833333664470277, "G09G": 0.10416666832235137, "G10K": 0.052083334161175686, "G06T": 0.4166666726685239, "A61M": 0.052083334161175686, "G01H": 0.10416666832235137, "A62B": 0.052083334161175686, "E04G": 0.10416666770146965, "E04C": 0.052083334161175686, "E02D": 0.10416666832235137, "A01G": 0.05208333354029397, "G01C": 0.052083334161175686, "H04R": 0.052083334161175686, "G01M": 0.052083333540293965, "E04D": 0.052083334161175686}