{"": 0.06250000041392123, "E04B": 0.7500000142802806, "F16F": 0.06250000103480294, "G06F": 2.1250000389085892, "G06N": 0.12500000206960588, "H04S": 0.06250000103480294, "G06Q": 0.31250000579489645, "G10L": 0.06250000103480294, "F24F": 0.4375000053809755, "G01R": 0.06250000103480294, "E21D": 0.12500000269048764, "E04H": 0.25000000662273886, "G09G": 0.12500000206960588, "G10K": 0.06250000103480294, "G06T": 0.5000000107619508, "A61M": 0.06250000103480294, "G01H": 0.1250000033113694, "A62B": 0.06250000103480294, "E04G": 0.12500000144872417, "E04C": 0.06250000103480294, "E02D": 0.12500000206960588, "A01G": 0.062500001034803, "G01C": 0.06250000103480294, "H04R": 0.06250000103480294, "G01M": 0.06250000041392122, "E04D": 0.0625000016556847}