{"": 0.010416666666666666, "E04B": 0.12499999937911829, "F16F": 0.010416666666666666, "G06F": 0.35416666666666674, "G06N": 0.020833333333333332, "H04S": 0.010416666666666666, "G06Q": 0.05208333333333333, "G10L": 0.010416666666666666, "F24F": 0.07291666604578495, "G01R": 0.010416666666666666, "E21D": 0.020833333333333332, "E04H": 0.041666666666666664, "G09G": 0.020833333333333332, "G10K": 0.010416666666666666, "G06T": 0.08333333333333333, "A61M": 0.010416666666666666, "G01H": 0.020833333333333332, "A62B": 0.010416666666666666, "E04G": 0.020833333333333332, "E04C": 0.010416666666666666, "E02D": 0.020833333333333332, "A01G": 0.010416666666666666, "G01C": 0.010416666666666666, "H04R": 0.010416666666666666, "G01M": 0.01041666604578495, "E04D": 0.010416666666666666}