{"": 0.06250000000000039, "G06F": 1.9374999956538372, "G01N": 0.12500000000000078, "E04B": 0.37500000124176597, "G06T": 0.49999999937912176, "H04S": 0.06250000000000039, "G10L": 0.12500000000000078, "G06Q": 0.37499999937912076, "G01M": 0.18750000000000122, "G06N": 0.12500000000000078, "G01C": 0.06250000000000039, "E04H": 0.12500000000000078, "E21D": 0.12500000000000078, "E04C": 0.12500000000000078, "E02D": 0.12500000000000078, "G09B": 0.12500000000000078, "G10K": 0.12500000000000078, "E04G": 0.18750000000000122, "F24F": 0.25000000000000155, "H04R": 0.06250000000000039, "F16F": 0.06250000000000039, "G01R": 0.062499999379118674, "E04D": 0.06250000000000039, "G09G": 0.06250000000000039, "H02B": 0.06250000000000039, "A61M": 0.06250000000000039, "A01G": 0.12499999937911907, "E04F": 0.06250000000000039, "G16H": 0.12500000000000078, "B65G": 0.06250000000000039, "F16L": 0.062499999379118626}