{"": 0.03125, "E04B": 0.3750000006208818, "F16F": 0.03125, "G06F": 1.062500002483526, "G06N": 0.06249999999999999, "H04S": 0.03125, "G06Q": 0.15624999999999997, "G10L": 0.03125, "F24F": 0.21874999937911824, "G01R": 0.03125, "E21D": 0.06249999999999999, "E04H": 0.125, "G09G": 0.06249999999999999, "G10K": 0.03125, "G06T": 0.24999999937911818, "A61M": 0.03125, "G01H": 0.06249999999999999, "A62B": 0.03125, "E04G": 0.06249999999999999, "E04C": 0.03125, "E02D": 0.06249999999999999, "A01G": 0.03125, "G01C": 0.03125, "H04R": 0.03125, "G01M": 0.03124999937911828, "E04D": 0.03125}