{"": 0.04166666604578495, "E04B": 0.5000000000000002, "F16F": 0.041666666666666664, "G06F": 1.4166666679084317, "G06N": 0.08333333333333333, "H04S": 0.041666666666666664, "G06Q": 0.20833333333333326, "G10L": 0.041666666666666664, "F24F": 0.29166666418313975, "G01R": 0.041666666666666664, "E21D": 0.08333333333333333, "E04H": 0.16666666666666663, "G09G": 0.08333333333333333, "G10K": 0.041666666666666664, "G06T": 0.33333333271245164, "A61M": 0.041666666666666664, "G01H": 0.08333333333333333, "A62B": 0.041666666666666664, "E04G": 0.08333333271245161, "E04C": 0.041666666666666664, "E02D": 0.08333333333333333, "A01G": 0.04166666604578495, "G01C": 0.041666666666666664, "H04R": 0.041666666666666664, "G01M": 0.04166666604578494, "E04D": 0.041666666666666664}