{"": 0.0729166670805879, "E04B": 0.8750000136593985, "F16F": 0.07291666770146961, "G06F": 2.479166705575251, "G06N": 0.1458333354029392, "H04S": 0.07291666770146961, "G06Q": 0.3645833391282299, "G10L": 0.07291666770146961, "F24F": 0.5104166720476422, "G01R": 0.07291666770146961, "E21D": 0.14583333602382095, "E04H": 0.2916666732894056, "G09G": 0.1458333354029392, "G10K": 0.07291666770146961, "G06T": 0.5833333434744021, "A61M": 0.07291666770146961, "G01H": 0.14583333664470272, "A62B": 0.07291666770146961, "E04G": 0.14583333478205748, "E04C": 0.07291666770146961, "E02D": 0.1458333354029392, "A01G": 0.07291666708058794, "G01C": 0.07291666770146961, "H04R": 0.07291666770146961, "G01M": 0.07291666708058789, "E04D": 0.07291666832235137}