{"": 0.05208333250549137, "G06F": 1.6145833033240589, "G01N": 0.10416666501098273, "E04B": 0.31249999627471176, "G06T": 0.4166666594230495, "H04S": 0.05208333250549137, "G10L": 0.10416666501098273, "G06Q": 0.31249999441206655, "G01M": 0.15624999751647412, "G06N": 0.10416666501098273, "G01C": 0.05208333250549137, "E04H": 0.10416666501098273, "E21D": 0.10416666501098273, "E04C": 0.10416666501098273, "E02D": 0.10416666501098273, "G09B": 0.10416666501098273, "G10K": 0.10416666501098273, "E04G": 0.15624999751647412, "F24F": 0.20833333002196544, "H04R": 0.05208333250549137, "F16F": 0.05208333250549137, "G01R": 0.05208333188460965, "E04D": 0.05208333250549137, "G09G": 0.05208333250549137, "H02B": 0.05208333250549137, "A61M": 0.05208333250549137, "A01G": 0.10416666439010103, "E04F": 0.05208333250549137, "G16H": 0.10416666501098273, "B65G": 0.05208333250549137, "F16L": 0.05208333250549137}