{"": 0.010416667494509022, "G06F": 0.32291669170889814, "G01N": 0.020833334989018043, "E04B": 0.06250000496705413, "G06T": 0.08333333933519041, "H04S": 0.010416667494509022, "G10L": 0.020833334989018043, "G06Q": 0.06250000434617237, "G01M": 0.031250002483527065, "G06N": 0.020833334989018043, "G01C": 0.010416667494509022, "E04H": 0.020833334989018043, "E21D": 0.020833334989018043, "E04C": 0.020833334989018043, "E02D": 0.020833334989018043, "G09B": 0.020833334989018043, "G10K": 0.020833334989018043, "E04G": 0.031250002483527065, "F24F": 0.041666669978036086, "H04R": 0.010416667494509022, "F16F": 0.010416667494509022, "G01R": 0.010416667494509022, "E04D": 0.010416667494509022, "G09G": 0.010416667494509022, "H02B": 0.010416667494509022, "A61M": 0.010416667494509022, "A01G": 0.020833334989018043, "E04F": 0.010416667494509022, "G16H": 0.020833334989018043, "B65G": 0.010416667494509022, "F16L": 0.010416667494509022}