{"": 0.041666667494509015, "G06F": 1.2916666886044903, "G01N": 0.08333333498901804, "E04B": 0.2500000062088175, "G06T": 0.3333333393351905, "H04S": 0.041666667494509015, "G10L": 0.08333333498901804, "G06Q": 0.2500000043461723, "G01M": 0.12500000248352708, "G06N": 0.08333333498901804, "G01C": 0.041666667494509015, "E04H": 0.08333333498901804, "E21D": 0.08333333498901804, "E04C": 0.08333333498901804, "E02D": 0.08333333498901804, "G09B": 0.08333333498901804, "G10K": 0.08333333498901804, "E04G": 0.12500000248352708, "F24F": 0.16666666997803606, "H04R": 0.041666667494509015, "F16F": 0.041666667494509015, "G01R": 0.0416666668736273, "E04D": 0.041666667494509015, "G09G": 0.041666667494509015, "H02B": 0.041666667494509015, "A61M": 0.041666667494509015, "A01G": 0.08333333436813634, "E04F": 0.041666667494509015, "G16H": 0.08333333498901804, "B65G": 0.041666667494509015, "F16L": 0.041666667494509015}