{"": 0.020833333333333332, "E04B": 0.24999999937911818, "F16F": 0.020833333333333332, "G06F": 0.7083333364377415, "G06N": 0.041666666666666664, "H04S": 0.020833333333333332, "G06Q": 0.10416666666666667, "G10L": 0.020833333333333332, "F24F": 0.14583333271245164, "G01R": 0.020833333333333332, "E21D": 0.041666666666666664, "E04H": 0.08333333333333333, "G09G": 0.041666666666666664, "G10K": 0.020833333333333332, "G06T": 0.16666666604578492, "A61M": 0.020833333333333332, "G01H": 0.041666666666666664, "A62B": 0.020833333333333332, "E04G": 0.041666666666666664, "E04C": 0.020833333333333332, "E02D": 0.041666666666666664, "A01G": 0.020833333333333332, "G01C": 0.020833333333333332, "H04R": 0.020833333333333332, "G01M": 0.020833332712451615, "E04D": 0.020833333333333332}