{"": 0.004189109812822048, "F16J": 0.012567329474136198, "E02B": 0.07121486738869569, "B66C": 0.16337528380583075, "F16B": 0.22621193124785144, "B66B": 0.07121486721034534, "B08B": 0.06702575743319336, "E01B": 0.04189109834224074, "E04G": 0.5780971579861398, "B63B": 0.11729507543674833, "E04C": 0.15918617395733875, "D01F": 0.016756439358298323, "E04B": 0.7875526495903413, "B25B": 0.02094554924246049, "E01D": 0.08797130678266411, "G01K": 0.016756439358298323, "B62B": 0.004189109777151982, "C25F": 0.0041891098484920985, "F16F": 0.050269318074894986, "G01N": 0.3812089953210295, "B33Y": 0.02094554920679042, "E04H": 0.11729507550808849, "B05B": 0.050269318074894966, "F16G": 0.020945549206790443, "E04F": 0.1382406247862188, "H01M": 0.008378219696984199, "B22C": 0.004189109812822048, "G01F": 0.029323768903774635, "F23N": 0.0041891098484920985, "A01K": 0.008378219696984199, "E21F": 0.020945549206790433, "B01D": 0.03351287871659664, "B62D": 0.02932376883243447, "G21F": 0.1298624051962449, "B05C": 0.016756439358298344, "G05B": 0.008378219696984199, "E21B": 0.02513465901961247, "C04B": 0.38120899507133926, "F03D": 0.10053863604277995, "B28B": 0.16756439340463233, "C23F": 0.03351287864525653, "B23D": 0.01675643935829833, "B66D": 0.008378219696984199, "A62C": 0.012567329545476298, "B32B": 0.054458427852046964, "B06B": 0.0041891098484920985, "F24F": 0.0041891098484920985, "B05D": 0.05026931803922496, "E21D": 0.09216041652414601, "G01S": 0.0041891098484920985, "G01B": 0.037701988565088745, "E06B": 0.05026931818190517, "B23K": 0.14661884459021302, "E01C": 0.12986240501789462, "H02P": 0.025134659055282536, "C08L": 0.05445842778070685, "G01L": 0.02094554913545033, "E01F": 0.05864753780754927, "E02D": 0.2387792610786882, "C07D": 0.0041891098484920985, "G01G": 0.00837821962564407, "G21C": 0.04608020826207295, "F24H": 0.0041891098484920985, "D01D": 0.0041891098484920985, "F16L": 0.12986240505356467, "C11D": 0.0041891098484920985, "B26F": 0.012567329509806241, "B28D": 0.012567329509806251, "B29C": 0.041891098377910774, "C08F": 0.016756439358298323, "B24C": 0.012567329545476298, "F16C": 0.02932376886810457, "D06B": 0.0041891098484920985, "G01C": 0.033512878716596674, "G06Q": 0.02094554920679042, "B23P": 0.012567329545476298, "B65G": 0.05864753766486902, "G06K": 0.029323768903774618, "B02C": 0.012567329545476298, "B28C": 0.02932376890377461, "B24B": 0.03351287875226671, "C08K": 0.033512878716596674, "B01F": 0.04189109837791078, "B01J": 0.03770198852941867, "C08G": 0.02932376879676441, "E04D": 0.05026931807489501, "C23C": 0.0041891098484920985, "G01T": 0.008378219696984199, "A43B": 0.0041891098484920985, "H02G": 0.037701988529418654, "F24S": 0.016756439393968394, "C09K": 0.08378219679149172, "G05D": 0.008378219696984199, "C02F": 0.012567329545476298, "B09B": 0.012567329545476298, "E01H": 0.008378219696984199, "B66F": 0.03351287868092659, "B21K": 0.0041891098484920985, "D02J": 0.0041891098484920985, "C09D": 0.02932376876109438, "B03C": 0.016756439393968394, "B25D": 0.012567329438466127, "C01F": 0.008378219696984199, "F28D": 0.008378219661314152, "B23H": 0.0041891098484920985, "B64B": 0.0041891098484920985, "B42D": 0.0041891098484920985, "E06C": 0.03770198856508871, "C23G": 0.0041891098484920985, "D02G": 0.008378219661314128, "B65D": 0.033512878680926596, "B21D": 0.01675643932262828, "G02B": 0.016756439358298337, "B41M": 0.008378219589974012, "B29K": 0.0041891098484920985, "B63H": 0.0041891098484920985, "C12Q": 0.0041891098484920985, "B25J": 0.016756439286958195, "B60S": 0.0041891098484920985, "B60V": 0.0041891098484920985, "E03B": 0.00837821966131414, "H02K": 0.012567329509806227, "B60T": 0.0041891098484920985, "B23B": 0.016756439322628252, "F16M": 0.0041891098484920985, "B27M": 0.008378219696984199, "H01S": 0.0041891098484920985, "B23Q": 0.008378219696984199, "G08C": 0.008378219696984199, "B61B": 0.008378219696984199, "B21F": 0.016756439393968394, "F23G": 0.0041891098484920985, "G01M": 0.02094554924246049, "G06N": 0.0041891098484920985, "A01N": 0.02513465887693224, "F28F": 0.008378219661314149, "A47L": 0.016756439393968394, "H01R": 0.016756439358298323, "E03C": 0.004189109812822035, "G10K": 0.008378219696984199, "H04N": 0.004189109812822048, "F25D": 0.008378219696984199, "B21J": 0.00837821966131414, "E21C": 0.0041891098484920985, "G01J": 0.008378219696984199, "C09J": 0.020945549135450277, "C10C": 0.0041891098484920985, "B61D": 0.008378219661314152, "D07B": 0.008378219696984199, "A61B": 0.0041891098484920985, "B63C": 0.004189109812822051, "G21H": 0.0041891098128220275, "A01G": 0.012567329545476298, "A43C": 0.0041891098484920985, "F23M": 0.0041891098484920985, "E02F": 0.008378219696984199, "F23J": 0.008378219696984199, "H02S": 0.012567329509806241, "B60P": 0.008378219696984199, "F22B": 0.0041891098484920985, "G09B": 0.00837821966131414, "C25D": 0.0041891098484920985, "H01L": 0.0041891098128220405, "F03B": 0.012567329545476298, "G06T": 0.0041891098484920985, "B60R": 0.0041891098484920985, "C22B": 0.0041891098484920985, "B60K": 0.0041891098484920985, "D04C": 0.0041891098484920985, "F03G": 0.0041891098484920985, "C07C": 0.008378219661314128, "B64F": 0.0041891098484920985, "A61M": 0.008378219696984199, "G01V": 0.0041891098484920985, "F24V": 0.0041891098128220405, "H02N": 0.0041891098484920985, "C10B": 0.004189109812822051, "B44C": 0.0041891098484920985, "A62B": 0.00837821962564407, "B29B": 0.0041891098484920985, "B64C": 0.0041891098484920985, "D06H": 0.0041891098128220275, "H01Q": 0.0041891098484920985, "B25H": 0.004189109777151982, "B82Y": 0.0041891098484920985, "E03F": 0.0041891098484920985, "F42D": 0.0041891098484920985, "B65H": 0.0041891098484920985, "H02J": 0.0041891098128220405, "F28G": 0.0041891098484920985, "G07B": 0.0041891098484920985}