{"": 0.0005984440891994357, "F16J": 0.001795332267598307, "E02B": 0.01017354951639041, "B66C": 0.023339319407437907, "F16B": 0.03231598074542945, "B66B": 0.01017354951639041, "B08B": 0.009575105391520925, "E01B": 0.005984440856324311, "E04G": 0.08258528409550166, "B63B": 0.016756434497584207, "E04C": 0.022740875282568424, "D01F": 0.0023937763567977426, "E04B": 0.11250748830578283, "B25B": 0.0029922204459971783, "E01D": 0.012567325873188154, "G01K": 0.0023937763567977426, "B62B": 0.0005984440891994357, "C25F": 0.0005984440891994357, "F16F": 0.00718132907039323, "G01N": 0.054458412045808584, "B33Y": 0.0029922204459971783, "E04H": 0.016756434354904013, "B05B": 0.00718132907039323, "F16G": 0.002992220410327131, "E04F": 0.019748654872241294, "H01M": 0.0011968881783988713, "B22C": 0.0005984440891994357, "G01F": 0.004189108588726002, "F23N": 0.0005984440891994357, "A01K": 0.0011968881783988713, "E21F": 0.0029922204459971783, "B01D": 0.004787552713595485, "B62D": 0.004189108624396049, "G21F": 0.018551766765182515, "B05C": 0.0023937763211276954, "G05B": 0.0011968881783988713, "E21B": 0.003590664535196614, "C04B": 0.05445841186745833, "F03D": 0.01436265803377632, "B28B": 0.023937763532307393, "C23F": 0.004787552713595485, "B23D": 0.0023937763567977426, "B66D": 0.0011968881783988713, "A62C": 0.001795332267598307, "B32B": 0.007779773159592666, "B06B": 0.0005984440891994357, "F24F": 0.0005984440891994357, "B05D": 0.007181329034723183, "E21D": 0.013165769926717544, "G01S": 0.0005984440891994357, "G01B": 0.005385996767124875, "E06B": 0.00718132907039323, "B23K": 0.02094554312198026, "E01C": 0.01855176669384242, "H02P": 0.003590664535196614, "C08L": 0.007779773123922617, "G01L": 0.002992220410327131, "E01F": 0.008378217177452007, "E02D": 0.03411131308436785, "C07D": 0.0005984440891994357, "G01G": 0.0011968881783988713, "G21C": 0.0065828849811937935, "F24H": 0.0005984440891994357, "D01D": 0.0005984440891994357, "F16L": 0.018551766729512465, "C11D": 0.0005984440891994357, "B26F": 0.001795332267598307, "B28D": 0.0017953322319282598, "B29C": 0.0059844408919943574, "C08F": 0.0023937763567977426, "B24C": 0.001795332267598307, "F16C": 0.004189108588726002, "D06B": 0.0005984440891994357, "G01C": 0.004787552713595485, "G06Q": 0.0029922204459971783, "B23P": 0.001795332267598307, "B65G": 0.008378217213122053, "G06K": 0.004189108624396049, "B02C": 0.001795332267598307, "B28C": 0.004189108624396049, "B24B": 0.004787552713595485, "C08K": 0.00478755264225539, "B01F": 0.0059844408919943574, "B01J": 0.005385996802794921, "C08G": 0.004189108624396049, "E04D": 0.007181328999053134, "C23C": 0.0005984440891994357, "G01T": 0.0011968881783988713, "A43B": 0.0005984440891994357, "H02G": 0.005385996802794921, "F24S": 0.0023937763567977426, "C09K": 0.011968881783988718, "G05D": 0.0011968881783988713, "C02F": 0.001795332267598307, "B09B": 0.001795332267598307, "E01H": 0.0011968881783988713, "B66F": 0.004787552677925438, "B21K": 0.0005984440891994357, "D02J": 0.0005984440891994357, "C09D": 0.004189108588726002, "B03C": 0.0023937763567977426, "B25D": 0.001795332267598307, "C01F": 0.0011968881783988713, "F28D": 0.001196888142728824, "B23H": 0.0005984440891994357, "B64B": 0.0005984440891994357, "B42D": 0.0005984440891994357, "E06C": 0.005385996802794921, "C23G": 0.0005984440891994357, "D02G": 0.0011968881783988713, "B65D": 0.004787552713595485, "B21D": 0.0023937763211276954, "G02B": 0.0023937763567977426, "B41M": 0.0011968881783988713, "B29K": 0.0005984440891994357, "B63H": 0.0005984440891994357, "C12Q": 0.0005984440891994357, "B25J": 0.0023937763567977426, "B60S": 0.0005984440891994357, "B60V": 0.0005984440891994357, "E03B": 0.0011968881783988713, "H02K": 0.001795332267598307, "B60T": 0.0005984440891994357, "B23B": 0.0023937763567977426, "F16M": 0.0005984440891994357, "B27M": 0.0011968881783988713, "H01S": 0.0005984440891994357, "B23Q": 0.0011968881783988713, "G08C": 0.0011968881783988713, "B61B": 0.0011968881783988713, "B21F": 0.0023937763567977426, "F23G": 0.0005984440891994357, "G01M": 0.0029922204459971783, "G06N": 0.0005984440891994357, "A01N": 0.0035906644995265667, "F28F": 0.0011968881783988713, "A47L": 0.0023937763567977426, "H01R": 0.0023937763567977426, "E03C": 0.0005984440891994357, "G10K": 0.0011968881783988713, "H04N": 0.0005984440891994357, "F25D": 0.0011968881783988713, "B21J": 0.0011968881783988713, "E21C": 0.0005984440891994357, "G01J": 0.0011968881783988713, "C09J": 0.0029922204459971783, "C10C": 0.0005984440891994357, "B61D": 0.001196888142728824, "D07B": 0.0011968881783988713, "A61B": 0.0005984440891994357, "B63C": 0.0005984440535293883, "G21H": 0.0005984440891994357, "A01G": 0.001795332267598307, "A43C": 0.0005984440891994357, "F23M": 0.0005984440891994357, "E02F": 0.0011968881783988713, "F23J": 0.0011968881783988713, "H02S": 0.001795332267598307, "B60P": 0.0011968881783988713, "F22B": 0.0005984440891994357, "G09B": 0.0011968881783988713, "C25D": 0.0005984440891994357, "H01L": 0.0005984440891994357, "F03B": 0.001795332267598307, "G06T": 0.0005984440891994357, "B60R": 0.0005984440891994357, "C22B": 0.0005984440891994357, "B60K": 0.0005984440891994357, "D04C": 0.0005984440891994357, "F03G": 0.0005984440891994357, "C07C": 0.0011968881783988713, "B64F": 0.0005984440891994357, "A61M": 0.0011968881783988713, "G01V": 0.0005984440891994357, "F24V": 0.0005984440891994357, "H02N": 0.0005984440891994357, "C10B": 0.0005984440535293883, "B44C": 0.0005984440891994357, "A62B": 0.0011968881783988713, "B29B": 0.0005984440891994357, "B64C": 0.0005984440891994357, "D06H": 0.0005984440891994357, "H01Q": 0.0005984440891994357, "B25H": 0.0005984440891994357, "B82Y": 0.0005984440891994357, "E03F": 0.0005984440891994357, "F42D": 0.0005984440891994357, "B65H": 0.0005984440891994357, "H02J": 0.0005984440891994357, "F28G": 0.0005984440891994357, "G07B": 0.0005984440891994357}