{"": 0.0011968876100696144, "B66C": 0.062238155545269604, "E04G": 0.14362651303000365, "G21F": 0.025134639740121856, "B32B": 0.021543976945582972, "E04F": 0.035906628195078276, "E02D": 0.076600806687755, "G01N": 0.10173544667756734, "C08K": 0.007181325660417686, "E04B": 0.2429681845944392, "C23F": 0.010771988490626532, "C04B": 0.12088564858136146, "G02B": 0.005984438014678063, "B65G": 0.02513463981146192, "B63B": 0.04189106631676645, "B26D": 0.002393775220139229, "E03F": 0.003590662830208843, "E04H": 0.031119077826139985, "B28B": 0.05266305462904275, "E01C": 0.02154397698125307, "B66F": 0.01196887610069615, "F16G": 0.0011968876100696144, "G06T": 0.004787550440278458, "G01B": 0.010771988490626532, "B23B": 0.005984437979008011, "D02G": 0.003590662830208843, "B08B": 0.017953314115374173, "B05C": 0.002393775220139229, "F16B": 0.03710351580514801, "F16F": 0.009575100880556917, "F16L": 0.031119077790469886, "B21D": 0.002393775220139229, "B23K": 0.051466166876292886, "E06C": 0.01675642654097461, "B25F": 0.0011968876100696144, "B24B": 0.009575100880556917, "G06K": 0.007181325660417686, "B05B": 0.015559538930904997, "F16C": 0.009575100880556917, "B66B": 0.016756426469634506, "E04C": 0.04428484142989551, "C02F": 0.008378213199147196, "B24C": 0.005984438050348072, "G01M": 0.010771988490626532, "G01V": 0.0011968876100696144, "E21D": 0.017953314151044227, "E02B": 0.01555953889523499, "B61B": 0.004787550440278458, "E04D": 0.017953314151044227, "A62B": 0.0011968876100696144, "C09D": 0.0083782132704873, "H01F": 0.002393775220139229, "B60R": 0.0011968876100696144, "B60G": 0.0011968876100696144, "H02S": 0.004787550404608449, "G01S": 0.002393775220139229, "C09K": 0.020347089371183458, "B01F": 0.004787550404608406, "B09B": 0.007181325660417686, "G09B": 0.0011968876100696144, "F24H": 0.0011968876100696144, "E01D": 0.033512853046279205, "B25D": 0.003590662830208843, "F03D": 0.022740864484312617, "F23J": 0.005984438050348072, "G10K": 0.002393775220139229, "C01F": 0.002393775220139229, "H02G": 0.011968876029356043, "F28C": 0.0011968876100696144, "E01B": 0.0083782132704873, "A01N": 0.007181325660417686, "G01L": 0.005984437979007967, "G21C": 0.011968876065026095, "B26F": 0.004787550440278458, "F03G": 0.002393775220139229, "A47K": 0.002393775220139229, "B02C": 0.010771988490626532, "C09J": 0.004787550440278458, "E05D": 0.0011968876100696144, "C08L": 0.015559538895234943, "B23G": 0.0011968876100696144, "B82Y": 0.002393775220139229, "C08J": 0.0035906627945388346, "B21J": 0.0011968876100696144, "B25J": 0.007181325660417686, "G01C": 0.014362651320835381, "B01J": 0.008378213234817293, "F23G": 0.0011968876100696144, "H02K": 0.0011968876100696144, "A43C": 0.003590662830208843, "B03C": 0.0083782132704873, "E06B": 0.014362651392175397, "E01H": 0.003590662830208843, "B62B": 0.002393775220139229, "E02F": 0.005984438050348072, "G05D": 0.002393775220139229, "F24S": 0.003590662830208843, "F24F": 0.003590662830208843, "B64F": 0.002393775220139229, "H01Q": 0.002393775220139229, "G01G": 0.002393775220139229, "G01F": 0.008378213234817293, "B63J": 0.0011968876100696144, "B29C": 0.014362651320835381, "B33Y": 0.003590662830208843, "B61K": 0.002393775220139229, "G21K": 0.0011968876100696144, "F16S": 0.0011968876100696144, "E01F": 0.009575100880556917, "B01D": 0.0083782132704873, "B28C": 0.009575100880556917, "B21F": 0.002393775220139229, "F21Y": 0.0011968876100696144, "D04C": 0.0011968876100696144, "F03B": 0.004787550440278458, "A01G": 0.007181325660417686, "B06B": 0.002393775220139229, "B25H": 0.0011968876100696144, "E21C": 0.003590662830208843, "G06Q": 0.002393775220139229, "C08G": 0.005984438050348072, "B27F": 0.0011968876100696144, "B21C": 0.002393775220139229, "G01D": 0.002393775220139229, "G03B": 0.002393775220139229, "A47L": 0.002393775220139229, "A61B": 0.002393775220139229, "F25B": 0.004787550440278458, "F42D": 0.0011968876100696144, "B63C": 0.0011968876100696144, "B62D": 0.003590662830208843, "C12N": 0.0011968876100696144, "B42D": 0.0011968876100696144, "A47B": 0.002393775220139229, "F02C": 0.0011968876100696144, "A63B": 0.0011968876100696144, "B65B": 0.002393775220139229, "B29B": 0.0011968876100696144, "B60P": 0.002393775220139229, "C23C": 0.0011968876100696144, "B61J": 0.0011968876100696144, "B64C": 0.002393775220139229, "E21B": 0.008378213199147196, "C22C": 0.0011968876100696144, "E21F": 0.005984438050348072, "D01F": 0.003590662830208843, "F28F": 0.0011968876100696144, "F04B": 0.004787550404608406, "F04F": 0.0011968876100696144, "F23M": 0.0011968876100696144, "G06F": 0.0011968876100696144, "B21B": 0.0011968876100696144, "F22B": 0.003590662830208843, "C23G": 0.0011968876100696144, "C22B": 0.0011968876100696144, "H02B": 0.0011968876100696144, "E03C": 0.002393775184469177, "B05D": 0.0083782132704873, "B65D": 0.004787550440278458, "B23P": 0.0011968876100696144, "D06M": 0.0011968876100696144, "G01H": 0.0011968876100696144, "H02N": 0.0011968876100696144, "B27M": 0.002393775220139229, "F24J": 0.0011968876100696144, "C21D": 0.0011968876100696144, "B29L": 0.0011968876100696144, "A43B": 0.0011968876100696144, "B23D": 0.003590662794538791, "H01R": 0.0011968876100696144, "H01S": 0.0011968876100696144, "B25B": 0.0023937752914792456, "F01D": 0.003590662830208843, "H02P": 0.002393775220139229, "H04R": 0.0011968876100696144, "F28D": 0.003590662830208843, "B24D": 0.0011968876100696144, "E03B": 0.0011968876100696144, "F16K": 0.002393775220139229, "D04H": 0.0011968876100696144, "F23K": 0.0011968876100696144, "B60K": 0.0011968876100696144, "F16J": 0.0011968876100696144, "C12Q": 0.0011968876100696144, "H05B": 0.0011968876100696144, "G01T": 0.0011968876100696144, "C07D": 0.0011968876100696144, "C25F": 0.0011968876100696144, "A63C": 0.0011968876100696144, "B44C": 0.0023937751844692206, "G08C": 0.0011968876100696144, "C08F": 0.0011968876100696144, "G01P": 0.0011968876100696144, "B28D": 0.0011968876100696144, "G01K": 0.002393775220139229, "C10G": 0.0011968876100696144, "B23Q": 0.0011968876100696144, "G07B": 0.0011968876100696144, "A47C": 0.0011968876100696144, "B22C": 0.002393775220139229, "C12P": 0.0011968876100696144, "C14B": 0.0011968876100696144, "C07C": 0.0011968876100696144, "B30B": 0.0011968876100696144, "F21V": 0.0011968876100696144, "A62D": 0.0011968876100696144, "C10B": 0.0011968876100696144, "B60B": 0.0011968876100696144}