{"": 0.0035906594720218556, "B66C": 0.18671429254513436, "E04G": 0.43087913724901017, "G21F": 0.07540384898379794, "B32B": 0.06463187060340264, "E04F": 0.10771978408931455, "E02D": 0.2298022063520761, "G01N": 0.30520605515752675, "C08K": 0.021543956939140595, "E04B": 0.7289038735694938, "C23F": 0.032315935462215915, "C04B": 0.3626566069952377, "G02B": 0.017953297395778906, "B65G": 0.0754038489837985, "B63B": 0.1256730815921039, "B26D": 0.00718131894404371, "E03F": 0.010771978416065416, "E04H": 0.09335714612988785, "B28B": 0.1579890166262808, "E01C": 0.06463187053206329, "B66F": 0.03590659472021842, "F16G": 0.0035906594720218556, "G06T": 0.014362637923757237, "G01B": 0.032315935319536346, "B23B": 0.017953297253099174, "D02G": 0.010771978416065564, "B08B": 0.053859892044657826, "B05C": 0.0071813190510531645, "F16B": 0.11131044366834622, "F16F": 0.028725275776174855, "F16L": 0.0933571463795771, "B21D": 0.00718131894404371, "B23K": 0.1543983572612677, "E06C": 0.05026923275098527, "B25F": 0.0035906595076916734, "B24B": 0.028725275704834567, "G06K": 0.02154395686780096, "B05B": 0.04667857320762362, "F16C": 0.028725275811844524, "B66B": 0.050269232715314985, "E04C": 0.132854400607487, "C02F": 0.025134616268482714, "B24C": 0.017953297395779097, "G01M": 0.032315935283866525, "G01V": 0.0035906594720218556, "E21D": 0.053859892115997406, "E02B": 0.046678573171953765, "B61B": 0.014362637923757238, "E04D": 0.053859892080327654, "A62B": 0.0035906594720217064, "C09D": 0.025134616339822818, "H01F": 0.00718131894404371, "B60R": 0.0035906595076916734, "B60G": 0.0035906594720218556, "H02S": 0.01436263785241741, "G01S": 0.007181318979713529, "C09K": 0.06104121120272017, "B01F": 0.014362637888087186, "B09B": 0.021543956903470777, "G09B": 0.0035906594720218556, "F24H": 0.0035906594720218556, "E01D": 0.10053846510960199, "B25D": 0.010771978416065564, "F03D": 0.0682225299684147, "F23J": 0.017953297395779097, "G10K": 0.00718131894404371, "C01F": 0.00718131894404371, "H02G": 0.035906594791557736, "F28C": 0.0035906594720218556, "E01B": 0.025134616304153, "A01N": 0.02154395683213114, "G01L": 0.01795329725309906, "G21C": 0.035906594684548515, "B26F": 0.014362637852417178, "F03G": 0.007181318979713529, "A47K": 0.007181318979713529, "B02C": 0.032315935283866525, "C09J": 0.014362637923757237, "E05D": 0.0035906594720218556, "C08L": 0.04667857320762354, "B23G": 0.0035906594720218556, "B82Y": 0.007181318979713529, "C08J": 0.010771978344725588, "B21J": 0.0035906594720218556, "B25J": 0.02154395683213114, "G01C": 0.04308791362859218, "B01J": 0.025134616375492448, "F23G": 0.0035906594720218556, "H02K": 0.0035906594720218556, "A43C": 0.010771978416065564, "B03C": 0.025134616304153, "E06B": 0.043087913842611604, "E01H": 0.010771978416065564, "B62B": 0.00718131894404371, "E02F": 0.017953297395779097, "G05D": 0.00718131894404371, "F24S": 0.010771978416065564, "F24F": 0.010771978380395597, "B64F": 0.007181318979713529, "H01Q": 0.00718131894404371, "G01G": 0.00718131894404371, "G01F": 0.02513461626848277, "B63J": 0.0035906595076916734, "B29C": 0.04308791366426198, "B33Y": 0.010771978416065564, "B61K": 0.00718131894404371, "G21K": 0.0035906594720218556, "F16S": 0.0035906595076916734, "E01F": 0.028725275811844673, "B01D": 0.025134616339822818, "B28C": 0.028725275776174706, "B21F": 0.00718131894404371, "F21Y": 0.0035906595076916734, "D04C": 0.0035906594720218556, "F03B": 0.014362637888087419, "A01G": 0.021543956903470777, "B06B": 0.00718131894404371, "B25H": 0.0035906594720218556, "E21C": 0.010771978416065564, "G06Q": 0.00718131894404371, "C08G": 0.017953297431448915, "B27F": 0.0035906594720218556, "B21C": 0.00718131894404371, "G01D": 0.007181318979713529, "G03B": 0.007181318944043563, "A47L": 0.00718131894404371, "A61B": 0.007181318979713529, "F25B": 0.014362637923757237, "F42D": 0.0035906594720218556, "B63C": 0.0035906594720218556, "B62D": 0.010771978451735382, "C12N": 0.0035906594720218556, "B42D": 0.0035906594720218556, "A47B": 0.007181318944043563, "F02C": 0.0035906594720218556, "A63B": 0.0035906594720218556, "B65B": 0.00718131894404371, "B29B": 0.0035906594720218556, "B60P": 0.00718131894404371, "C23C": 0.0035906594720218556, "B61J": 0.0035906594720218556, "B64C": 0.00718131894404371, "E21B": 0.025134616268482565, "C22C": 0.0035906595076916734, "E21F": 0.01795329736010928, "D01F": 0.010771978416065564, "F28F": 0.0035906594720218556, "F04B": 0.014362637888087185, "F04F": 0.0035906594720218556, "F23M": 0.0035906594720218556, "G06F": 0.0035906594720218556, "B21B": 0.0035906594720218556, "F22B": 0.010771978451735382, "C23G": 0.0035906594363518886, "C22B": 0.0035906595076916734, "H02B": 0.0035906594720218556, "E03C": 0.007181318908373658, "B05D": 0.02513461630415285, "B65D": 0.014362637888087419, "B23P": 0.0035906595076916734, "D06M": 0.0035906594720218556, "G01H": 0.0035906594720218556, "H02N": 0.0035906594720218556, "B27M": 0.00718131894404371, "F24J": 0.0035906594720218556, "C21D": 0.0035906594720218556, "B29L": 0.0035906594720218556, "A43B": 0.0035906594720218556, "B23D": 0.010771978380395512, "H01R": 0.0035906594720218556, "H01S": 0.0035906594720218556, "B25B": 0.007181319015383579, "F01D": 0.010771978451735382, "H02P": 0.00718131894404371, "H04R": 0.0035906594720218556, "F28D": 0.010771978487405201, "B24D": 0.0035906594720218556, "E03B": 0.0035906594720218556, "F16K": 0.007181318979713529, "D04H": 0.0035906594720218556, "F23K": 0.0035906594720218556, "B60K": 0.0035906595076916734, "F16J": 0.0035906594720218556, "C12Q": 0.0035906594720218556, "H05B": 0.0035906594720218556, "G01T": 0.0035906594720218556, "C07D": 0.0035906595076916734, "C25F": 0.0035906594720218556, "A63C": 0.0035906594720218556, "B44C": 0.00718131897971334, "G08C": 0.0035906594720218556, "C08F": 0.0035906594720218556, "G01P": 0.0035906594720218556, "B28D": 0.0035906594720218556, "G01K": 0.007181318979713529, "C10G": 0.0035906594720218556, "B23Q": 0.0035906594720218556, "G07B": 0.0035906594720218556, "A47C": 0.0035906594720218556, "B22C": 0.007181319015383348, "C12P": 0.0035906594720218556, "C14B": 0.0035906594720218556, "C07C": 0.0035906594720218556, "B30B": 0.0035906594720218556, "F21V": 0.0035906594720218556, "A62D": 0.0035906594720218556, "C10B": 0.0035906594720218556, "B60B": 0.0035906594720218556}