{"": 0.0005984434334347833, "B66C": 0.03111905846726868, "E04G": 0.07181321190516396, "G21F": 0.012567312066460444, "B32B": 0.010771981837496109, "E04F": 0.017953303003043496, "E02D": 0.038300379561476076, "G01N": 0.05086769173494658, "C08K": 0.0035906606006087002, "E04B": 0.12148401684458053, "C23F": 0.00538599090091305, "C04B": 0.060442786776913164, "G02B": 0.0029922171315039086, "B65G": 0.01256731210213045, "B63B": 0.020945520134547396, "B26D": 0.0011968868668695667, "E03F": 0.00179533030030435, "E04H": 0.01555952923363436, "B28B": 0.02633151096412042, "E01C": 0.0107719818018261, "B66F": 0.0059844343343478336, "F16G": 0.0005984434334347833, "G06T": 0.0023937737337391333, "G01B": 0.00538599090091305, "B23B": 0.0029922171315039086, "D02G": 0.00179533030030435, "B08B": 0.00897665150152175, "B05C": 0.0011968868668695667, "F16B": 0.018551746329468252, "F16F": 0.004787547467478267, "F16L": 0.015559529269304368, "B21D": 0.0011968868668695667, "B23K": 0.025733067566355645, "E06C": 0.008378208068086966, "B25F": 0.0005984434334347833, "B24B": 0.004787547467478267, "G06K": 0.0035906606006087002, "B05B": 0.007779764634652184, "F16C": 0.004787547467478267, "B66B": 0.008378208068086966, "E04C": 0.022142407001416963, "C02F": 0.004189104034043483, "B24C": 0.0029922171671739168, "G01M": 0.00538599090091305, "G01V": 0.0005984434334347833, "E21D": 0.00897665150152175, "E02B": 0.007779764598982176, "B61B": 0.0023937737337391333, "E04D": 0.00897665150152175, "A62B": 0.0005984434334347833, "C09D": 0.004189104034043483, "H01F": 0.0011968868668695667, "B60R": 0.0005984434334347833, "B60G": 0.0005984434334347833, "H02S": 0.002393773698069125, "G01S": 0.0011968868668695667, "C09K": 0.010173538368391317, "B01F": 0.0023937737337391333, "B09B": 0.0035906606006087002, "G09B": 0.0005984434334347833, "F24H": 0.0005984434334347833, "E01D": 0.016756416100503924, "B25D": 0.00179533030030435, "F03D": 0.011370425163920868, "F23J": 0.0029922171671739168, "G10K": 0.0011968868668695667, "C01F": 0.0011968868668695667, "H02G": 0.0059844343343478336, "F28C": 0.0005984434334347833, "E01B": 0.004189104034043483, "A01N": 0.0035906606006087002, "G01L": 0.0029922171671739168, "G21C": 0.0059844343343478336, "B26F": 0.0023937737337391333, "F03G": 0.0011968868668695667, "A47K": 0.0011968868668695667, "B02C": 0.00538599090091305, "C09J": 0.0023937737337391333, "E05D": 0.0005984434334347833, "C08L": 0.007779764634652184, "B23G": 0.0005984434334347833, "B82Y": 0.0011968868668695667, "C08J": 0.0017953302646343417, "B21J": 0.0005984434334347833, "B25J": 0.0035906606006087002, "G01C": 0.0071813212012174004, "B01J": 0.0041891039983734755, "F23G": 0.0005984434334347833, "H02K": 0.0005984434334347833, "A43C": 0.00179533030030435, "B03C": 0.004189104034043483, "E06B": 0.007181321272557417, "E01H": 0.00179533030030435, "B62B": 0.0011968868668695667, "E02F": 0.0029922171671739168, "G05D": 0.0011968868668695667, "F24S": 0.00179533030030435, "F24F": 0.00179533030030435, "B64F": 0.0011968868668695667, "H01Q": 0.0011968868668695667, "G01G": 0.0011968868668695667, "G01F": 0.0041891039983734755, "B63J": 0.0005984434334347833, "B29C": 0.0071813212012174004, "B33Y": 0.00179533030030435, "B61K": 0.0011968868668695667, "G21K": 0.0005984434334347833, "F16S": 0.0005984434334347833, "E01F": 0.004787547467478267, "B01D": 0.004189104034043483, "B28C": 0.004787547467478267, "B21F": 0.0011968868668695667, "F21Y": 0.0005984434334347833, "D04C": 0.0005984434334347833, "F03B": 0.0023937737337391333, "A01G": 0.0035906606006087002, "B06B": 0.0011968868668695667, "B25H": 0.0005984434334347833, "E21C": 0.00179533030030435, "G06Q": 0.0011968868668695667, "C08G": 0.0029922171671739168, "B27F": 0.0005984434334347833, "B21C": 0.0011968868668695667, "G01D": 0.0011968868668695667, "G03B": 0.0011968868668695667, "A47L": 0.0011968868668695667, "A61B": 0.0011968868668695667, "F25B": 0.0023937737337391333, "F42D": 0.0005984434334347833, "B63C": 0.0005984434334347833, "B62D": 0.00179533030030435, "C12N": 0.0005984434334347833, "B42D": 0.0005984434334347833, "A47B": 0.0011968868668695667, "F02C": 0.0005984434334347833, "A63B": 0.0005984434334347833, "B65B": 0.0011968868668695667, "B29B": 0.0005984434334347833, "B60P": 0.0011968868668695667, "C23C": 0.0005984434334347833, "B61J": 0.0005984434334347833, "B64C": 0.0011968868668695667, "E21B": 0.004189104034043483, "C22C": 0.0005984434334347833, "E21F": 0.0029922171671739168, "D01F": 0.00179533030030435, "F28F": 0.0005984434334347833, "F04B": 0.0023937737337391333, "F04F": 0.0005984434334347833, "F23M": 0.0005984434334347833, "G06F": 0.0005984434334347833, "B21B": 0.0005984434334347833, "F22B": 0.00179533030030435, "C23G": 0.0005984434334347833, "C22B": 0.0005984434334347833, "H02B": 0.0005984434334347833, "E03C": 0.0011968868668695667, "B05D": 0.004189104034043483, "B65D": 0.0023937737337391333, "B23P": 0.0005984434334347833, "D06M": 0.0005984434334347833, "G01H": 0.0005984434334347833, "H02N": 0.0005984434334347833, "B27M": 0.0011968868668695667, "F24J": 0.0005984434334347833, "C21D": 0.0005984434334347833, "B29L": 0.0005984434334347833, "A43B": 0.0005984434334347833, "B23D": 0.00179533030030435, "H01R": 0.0005984434334347833, "H01S": 0.0005984434334347833, "B25B": 0.0011968869382095832, "F01D": 0.00179533030030435, "H02P": 0.0011968868668695667, "H04R": 0.0005984434334347833, "F28D": 0.00179533030030435, "B24D": 0.0005984434334347833, "E03B": 0.0005984434334347833, "F16K": 0.0011968868668695667, "D04H": 0.0005984434334347833, "F23K": 0.0005984434334347833, "B60K": 0.0005984434334347833, "F16J": 0.0005984434334347833, "C12Q": 0.0005984434334347833, "H05B": 0.0005984434334347833, "G01T": 0.0005984434334347833, "C07D": 0.0005984434334347833, "C25F": 0.0005984434334347833, "A63C": 0.0005984434334347833, "B44C": 0.0011968868311995583, "G08C": 0.0005984434334347833, "C08F": 0.0005984434334347833, "G01P": 0.0005984434334347833, "B28D": 0.0005984434334347833, "G01K": 0.0011968868668695667, "C10G": 0.0005984434334347833, "B23Q": 0.0005984434334347833, "G07B": 0.0005984434334347833, "A47C": 0.0005984434334347833, "B22C": 0.0011968868668695667, "C12P": 0.0005984434334347833, "C14B": 0.0005984434334347833, "C07C": 0.0005984434334347833, "B30B": 0.0005984434334347833, "F21V": 0.0005984434334347833, "A62D": 0.0005984434334347833, "C10B": 0.0005984434334347833, "B60B": 0.0005984434334347833}