{"": 0.004189103867245287, "B66C": 0.21783340423571892, "E04G": 0.502692471738493, "G21F": 0.08797118263895261, "B32B": 0.0754038708588666, "E04F": 0.1256731178722012, "E02D": 0.2681026515700827, "G01N": 0.35607383388800645, "C08K": 0.025134623738521968, "E04B": 0.8503880974996266, "C23F": 0.037701935661287975, "C04B": 0.4230994970480539, "G02B": 0.020945519657256585, "B65G": 0.0879711823535926, "B63B": 0.1466186378504887, "B26D": 0.008378207877170836, "E03F": 0.012567311744415976, "E04H": 0.10891670190383995, "B28B": 0.18432057265569693, "E01C": 0.07540387071618711, "B66F": 0.041891039243173785, "F16G": 0.004189103938585419, "G06T": 0.01675641571867136, "G01B": 0.03770193537592815, "B23B": 0.020945519585916984, "D02G": 0.012567311744416124, "B08B": 0.06283655882909088, "B05C": 0.00837820791284016, "F16B": 0.1298622218464563, "F16F": 0.033512831437343224, "F16L": 0.1089167023675496, "B21D": 0.008378207877170836, "B23K": 0.18013146861009988, "E06C": 0.058647455140194885, "B25F": 0.004189103902915105, "B24B": 0.033512831258992744, "G06K": 0.0251346235958422, "B05B": 0.05445835102325947, "F16C": 0.033512831401672764, "B66B": 0.058647455247204855, "E04C": 0.15499684537095815, "C02F": 0.02932372753442765, "B24C": 0.020945519657256776, "G01M": 0.037701935161908, "G01V": 0.004189103867245287, "E21D": 0.06283655882909032, "E02B": 0.054458351094599816, "B61B": 0.01675641571867136, "E04D": 0.06283655879342058, "A62B": 0.004189103867245138, "C09D": 0.029323727605767753, "H01F": 0.008378207877170836, "B60R": 0.004189103974255237, "B60G": 0.004189103938585419, "H02S": 0.016756415647331532, "G01S": 0.008378207841500524, "C09K": 0.07121476684894026, "B01F": 0.01675641575434144, "B09B": 0.025134623560171886, "G09B": 0.004189103938585419, "F24H": 0.004189103867245287, "E01D": 0.11729490981668121, "B25D": 0.012567311815756255, "F03D": 0.07959297458343202, "F23J": 0.020945519657256776, "G10K": 0.008378207877170836, "C01F": 0.008378207805830706, "H02G": 0.04189103938585323, "F28C": 0.004189103938585419, "E01B": 0.029323727498757803, "A01N": 0.025134623560172382, "G01L": 0.02094551958591687, "G21C": 0.04189103935018414, "B26F": 0.0167564156473313, "F03G": 0.008378207841500524, "A47K": 0.008378207912840656, "B02C": 0.03770193534025833, "C09J": 0.01675641579001149, "E05D": 0.004189103938585419, "C08L": 0.05445835109459952, "B23G": 0.004189103867245287, "B82Y": 0.008378207912840656, "C08J": 0.01256731174441628, "B21J": 0.004189103938585419, "B25J": 0.02513462348883225, "G01C": 0.050269247084674666, "B01J": 0.029323727427416988, "F23G": 0.004189103938585419, "H02K": 0.004189103938585419, "A43C": 0.012567311815756255, "B03C": 0.02932372742741767, "E06B": 0.050269247227353965, "E01H": 0.012567311815756255, "B62B": 0.008378207877170836, "E02F": 0.020945519585916644, "G05D": 0.008378207877170836, "F24S": 0.012567311744416124, "F24F": 0.012567311780086288, "B64F": 0.008378207912840656, "H01Q": 0.008378207877170836, "G01G": 0.008378207877170836, "G01F": 0.02932372739174744, "B63J": 0.004189103974255237, "B29C": 0.050269247191684595, "B33Y": 0.012567311673075992, "B61K": 0.008378207877170836, "G21K": 0.004189103938585419, "F16S": 0.004189103974255237, "E01F": 0.033512831330332775, "B01D": 0.02932372753442762, "B28C": 0.03351283143734307, "B21F": 0.008378207877170836, "F21Y": 0.004189103974255237, "D04C": 0.004189103938585419, "F03B": 0.01675641568300154, "A01G": 0.025134623560171886, "B06B": 0.008378207877170836, "B25H": 0.004189103867245287, "E21C": 0.012567311815756255, "G06Q": 0.008378207877170836, "C08G": 0.020945519692926594, "B27F": 0.004189103938585419, "B21C": 0.008378207805830706, "G01D": 0.008378207841500524, "G03B": 0.008378207734490427, "A47L": 0.008378207877170836, "A61B": 0.008378207912840656, "F25B": 0.01675641579001149, "F42D": 0.004189103938585419, "B63C": 0.004189103938585419, "B62D": 0.012567311851426073, "C12N": 0.004189103938585419, "B42D": 0.004189103867245287, "A47B": 0.008378207770160493, "F02C": 0.004189103938585419, "A63B": 0.004189103938585419, "B65B": 0.008378207877170836, "B29B": 0.004189103938585419, "B60P": 0.008378207877170836, "C23C": 0.004189103938585419, "B61J": 0.004189103938585419, "B64C": 0.008378207877170836, "E21B": 0.029323727463087368, "C22C": 0.004189103902915105, "E21F": 0.020945519621586958, "D01F": 0.012567311815756255, "F28F": 0.004189103867245287, "F04B": 0.016756415683001305, "F04F": 0.004189103867245287, "F23M": 0.004189103938585419, "G06F": 0.004189103867245287, "B21B": 0.004189103938585419, "F22B": 0.012567311851426073, "C23G": 0.00418910383157532, "C22B": 0.004189103974255237, "H02B": 0.004189103938585419, "E03C": 0.008378207770160653, "B05D": 0.029323727498757654, "B65D": 0.016756415754341673, "B23P": 0.004189103974255237, "D06M": 0.004189103938585419, "G01H": 0.004189103938585419, "H02N": 0.004189103938585419, "B27M": 0.008378207877170836, "F24J": 0.004189103938585419, "C21D": 0.004189103938585419, "B29L": 0.004189103867245287, "A43B": 0.004189103938585419, "B23D": 0.012567311780086203, "H01R": 0.004189103938585419, "H01S": 0.004189103938585419, "B25B": 0.008378207877170574, "F01D": 0.012567311851426073, "H02P": 0.008378207877170836, "H04R": 0.004189103867245287, "F28D": 0.012567311815755761, "B24D": 0.004189103867245287, "E03B": 0.004189103938585419, "F16K": 0.008378207912840656, "D04H": 0.004189103938585419, "F23K": 0.004189103867245287, "B60K": 0.004189103867245039, "F16J": 0.004189103938585419, "C12Q": 0.004189103938585419, "H05B": 0.004189103867245287, "G01T": 0.004189103938585419, "C07D": 0.004189103902915105, "C25F": 0.004189103938585419, "A63C": 0.004189103938585419, "B44C": 0.008378207841500335, "G08C": 0.004189103938585419, "C08F": 0.004189103938585419, "G01P": 0.004189103938585419, "B28D": 0.004189103938585419, "G01K": 0.008378207912840656, "C10G": 0.004189103938585419, "B23Q": 0.004189103938585419, "G07B": 0.004189103938585419, "A47C": 0.004189103938585419, "B22C": 0.008378207948510474, "C12P": 0.004189103938585419, "C14B": 0.004189103938585419, "C07C": 0.004189103938585419, "B30B": 0.004189103867245287, "F21V": 0.004189103938585419, "A62D": 0.004189103938585419, "C10B": 0.004189103938585419, "B60B": 0.004189103938585419}