{"": 0.0017953326691054327, "F16J": 0.00538599804298635, "E02B": 0.030520655981183194, "B66C": 0.07001797534356362, "F16B": 0.09694796570117559, "B66B": 0.030520655945513123, "B08B": 0.028725323169397545, "E01B": 0.017953326976414708, "E04G": 0.24775591286664506, "B63B": 0.05026931566237336, "E04C": 0.06822264267445823, "D01F": 0.0071813307834318624, "E04B": 0.33752254774872215, "B25B": 0.008976663523877415, "E01D": 0.037701986800285116, "G01K": 0.0071813307834318624, "B62B": 0.001795332704775483, "C25F": 0.001795332704775483, "F16F": 0.02154399242163572, "G01N": 0.1633752758848781, "B33Y": 0.008976663488207344, "E04H": 0.050269315519693145, "B05B": 0.021543992457305792, "F16G": 0.008976663488207368, "E04F": 0.05924597911491069, "H01M": 0.0035906654095509655, "B22C": 0.0017953326691054327, "G01F": 0.01256732889775833, "F23N": 0.001795332704775483, "A01K": 0.0035906654095509655, "E21F": 0.008976663523877415, "B01D": 0.01436266163820386, "B62D": 0.012567328897758306, "G21F": 0.05565531381236988, "B05C": 0.007181330783431886, "G05B": 0.0035906654095509655, "E21B": 0.010771996228652896, "C04B": 0.16337527574219798, "F03D": 0.04308798473626127, "B28B": 0.0718133079413289, "C23F": 0.01436266160253381, "B23D": 0.0071813308191019335, "B66D": 0.0035906654095509655, "A62C": 0.00538599811432645, "B32B": 0.023339325055071105, "B06B": 0.001795332704775483, "F24F": 0.001795332704775483, "B05D": 0.021543992421635745, "E21D": 0.0394973193980504, "G01S": 0.001795332704775483, "G01B": 0.016157994307309298, "E06B": 0.021543992457305792, "B23K": 0.062836644702812, "E01C": 0.055655313669689656, "H02P": 0.010771996192982846, "C08L": 0.023339325090741176, "G01L": 0.008976663488207368, "E01F": 0.02513465779551666, "E02D": 0.10233396417220256, "C07D": 0.001795332704775483, "G01G": 0.003590665373880895, "G21C": 0.01974865975253031, "F24H": 0.001795332704775483, "D01D": 0.001795332704775483, "F16L": 0.055655313634019564, "C11D": 0.001795332704775483, "B26F": 0.00538599811432645, "B28D": 0.005385998078656403, "B29C": 0.017953327047754826, "C08F": 0.0071813308191019335, "B24C": 0.00538599811432645, "F16C": 0.01256732889775833, "D06B": 0.001795332704775483, "G01C": 0.01436266160253381, "G06Q": 0.008976663488207344, "B23P": 0.00538599811432645, "B65G": 0.025134657795516657, "G06K": 0.012567328933428377, "B02C": 0.00538599811432645, "B28C": 0.012567328897758306, "B24B": 0.01436266163820386, "C08K": 0.014362661566863765, "B01F": 0.017953327047754826, "B01J": 0.016157994271639203, "C08G": 0.012567328897758306, "E04D": 0.021543992350295627, "C23C": 0.001795332704775483, "G01T": 0.0035906654095509655, "A43B": 0.001795332704775483, "H02G": 0.016157994307309274, "F24S": 0.0071813308191019335, "C09K": 0.03590665402416949, "G05D": 0.0035906654095509655, "C02F": 0.00538599811432645, "B09B": 0.00538599811432645, "E01H": 0.0035906654095509655, "B66F": 0.01436266156686374, "B21K": 0.001795332704775483, "D02J": 0.001795332704775483, "C09D": 0.01256732889775833, "B03C": 0.0071813308191019335, "B25D": 0.005385998007316278, "C01F": 0.0035906654095509655, "F28D": 0.0035906653738809182, "B23H": 0.001795332704775483, "B64B": 0.001795332704775483, "B42D": 0.001795332704775483, "E06C": 0.016157994307309274, "C23G": 0.001795332704775483, "D02G": 0.0035906654095509655, "B65D": 0.01436266163820386, "B21D": 0.007181330783431886, "G02B": 0.0071813308191019335, "B41M": 0.0035906654095509655, "B29K": 0.001795332704775483, "B63H": 0.001795332704775483, "C12Q": 0.001795332704775483, "B25J": 0.0071813308191019335, "B60S": 0.001795332704775483, "B60V": 0.001795332704775483, "E03B": 0.0035906654095509655, "H02K": 0.00538599811432645, "B60T": 0.001795332704775483, "B23B": 0.007181330747761791, "F16M": 0.001795332704775483, "B27M": 0.0035906654095509655, "H01S": 0.001795332704775483, "B23Q": 0.0035906654095509655, "G08C": 0.0035906654095509655, "B61B": 0.0035906654095509655, "B21F": 0.0071813308191019335, "F23G": 0.001795332704775483, "G01M": 0.008976663523877415, "G06N": 0.001795332704775483, "A01N": 0.010771996157312778, "F28F": 0.0035906653738809156, "A47L": 0.0071813308191019335, "H01R": 0.0071813308191019335, "E03C": 0.001795332704775483, "G10K": 0.0035906654095509655, "H04N": 0.0017953326691054327, "F25D": 0.0035906654095509655, "B21J": 0.0035906654095509655, "E21C": 0.001795332704775483, "G01J": 0.0035906654095509655, "C09J": 0.008976663488207344, "C10C": 0.001795332704775483, "B61D": 0.0035906653738809182, "D07B": 0.0035906654095509655, "A61B": 0.001795332704775483, "B63C": 0.0017953326691054353, "G21H": 0.0017953326691054119, "A01G": 0.00538599811432645, "A43C": 0.001795332704775483, "F23M": 0.001795332704775483, "E02F": 0.0035906654095509655, "F23J": 0.0035906654095509655, "H02S": 0.00538599811432645, "B60P": 0.0035906654095509655, "F22B": 0.001795332704775483, "G09B": 0.0035906654095509655, "C25D": 0.001795332704775483, "H01L": 0.001795332704775483, "F03B": 0.00538599811432645, "G06T": 0.001795332704775483, "B60R": 0.001795332704775483, "C22B": 0.001795332704775483, "B60K": 0.001795332704775483, "D04C": 0.001795332704775483, "F03G": 0.001795332704775483, "C07C": 0.0035906654095509655, "B64F": 0.001795332704775483, "A61M": 0.0035906654095509655, "G01V": 0.001795332704775483, "F24V": 0.001795332704775483, "H02N": 0.001795332704775483, "C10B": 0.0017953326691054353, "B44C": 0.001795332704775483, "A62B": 0.003590665373880895, "B29B": 0.001795332704775483, "B64C": 0.001795332704775483, "D06H": 0.0017953326691054119, "H01Q": 0.001795332704775483, "B25H": 0.001795332704775483, "B82Y": 0.001795332704775483, "E03F": 0.001795332704775483, "F42D": 0.001795332704775483, "B65H": 0.001795332704775483, "H02J": 0.001795332704775483, "F28G": 0.001795332704775483, "G07B": 0.001795332704775483}