{"": 0.001196888186446516, "F16J": 0.0035906645950095984, "E02B": 0.020347099775981616, "B66C": 0.046678640591206015, "F16B": 0.06463196378027436, "B66B": 0.020347099775981616, "B08B": 0.019150211482524954, "E01B": 0.011968882185495616, "E04G": 0.1651705744023949, "B63B": 0.03351287018359377, "E04C": 0.0454817523334194, "D01F": 0.004787552888466265, "E04B": 0.22501498515152218, "B25B": 0.00598444111058283, "E01D": 0.02513465266444787, "G01K": 0.004787552888466265, "B62B": 0.001196888222116566, "C25F": 0.001196888222116566, "F16F": 0.014362658665398795, "G01N": 0.10891682814126707, "B33Y": 0.00598444111058283, "E04H": 0.03351287007658363, "B05B": 0.014362658665398795, "F16G": 0.0059844410749127835, "E04F": 0.03949731125850659, "H01M": 0.002393776444233132, "B22C": 0.001196888186446516, "G01F": 0.008378217519145916, "F23N": 0.001196888222116566, "A01K": 0.002393776444233132, "E21F": 0.00598444111058283, "B01D": 0.00957510577693253, "B62D": 0.008378217554815963, "G21F": 0.03710353488561354, "B05C": 0.004787552852796217, "G05B": 0.002393776444233132, "E21B": 0.007181329332699397, "C04B": 0.10891682785590667, "F03D": 0.028725317223787416, "B28B": 0.04787552884899264, "C23F": 0.009575105741262479, "B23D": 0.004787552888466265, "B66D": 0.002393776444233132, "A62C": 0.003590664666349698, "B32B": 0.015559546816175262, "B06B": 0.001196888222116566, "F24F": 0.001196888222116566, "B05D": 0.014362658629728749, "E21D": 0.026331540850894383, "G01S": 0.001196888222116566, "G01B": 0.010771993963379049, "E06B": 0.014362658665398795, "B23K": 0.04189108773840978, "E01C": 0.03710353477860339, "H02P": 0.007181329297029347, "C08L": 0.015559546816175263, "G01L": 0.0059844410749127835, "E01F": 0.01675643503829183, "E02D": 0.06822262866064432, "C07D": 0.001196888222116566, "G01G": 0.002393776444233132, "G21C": 0.013165770443282229, "F24H": 0.001196888222116566, "D01D": 0.001196888222116566, "F16L": 0.03710353481427344, "C11D": 0.001196888222116566, "B26F": 0.003590664666349698, "B28D": 0.0035906646306796512, "B29C": 0.011968882221165662, "C08F": 0.004787552888466265, "B24C": 0.003590664666349698, "F16C": 0.008378217519145916, "D06B": 0.001196888222116566, "G01C": 0.009575105741262479, "G06Q": 0.00598444111058283, "B23P": 0.003590664666349698, "B65G": 0.016756435038291828, "G06K": 0.008378217554815963, "B02C": 0.003590664666349698, "B28C": 0.008378217554815963, "B24B": 0.00957510577693253, "C08K": 0.009575105705592434, "B01F": 0.011968882221165662, "B01J": 0.010771993999049096, "C08G": 0.008378217554815963, "E04D": 0.0143626585940587, "C23C": 0.001196888222116566, "G01T": 0.002393776444233132, "A43B": 0.001196888222116566, "H02G": 0.010771993999049096, "F24S": 0.004787552888466265, "C09K": 0.023937764442331304, "G05D": 0.002393776444233132, "C02F": 0.003590664666349698, "B09B": 0.003590664666349698, "E01H": 0.002393776444233132, "B66F": 0.00957510574126248, "B21K": 0.001196888222116566, "D02J": 0.001196888222116566, "C09D": 0.008378217519145916, "B03C": 0.004787552888466265, "B25D": 0.0035906645950095975, "C01F": 0.002393776444233132, "F28D": 0.0023937764085630846, "B23H": 0.001196888222116566, "B64B": 0.001196888222116566, "B42D": 0.001196888222116566, "E06C": 0.010771993999049096, "C23G": 0.001196888222116566, "D02G": 0.002393776444233132, "B65D": 0.00957510577693253, "B21D": 0.004787552852796217, "G02B": 0.004787552888466265, "B41M": 0.002393776444233132, "B29K": 0.001196888222116566, "B63H": 0.001196888222116566, "C12Q": 0.001196888222116566, "B25J": 0.004787552888466265, "B60S": 0.001196888222116566, "B60V": 0.001196888222116566, "E03B": 0.002393776444233132, "H02K": 0.003590664666349698, "B60T": 0.001196888222116566, "B23B": 0.004787552888466265, "F16M": 0.001196888222116566, "B27M": 0.002393776444233132, "H01S": 0.001196888222116566, "B23Q": 0.002393776444233132, "G08C": 0.002393776444233132, "B61B": 0.002393776444233132, "B21F": 0.004787552888466265, "F23G": 0.001196888222116566, "G01M": 0.00598444111058283, "G06N": 0.001196888222116566, "A01N": 0.007181329297029349, "F28F": 0.002393776408563082, "A47L": 0.004787552888466265, "H01R": 0.004787552888466265, "E03C": 0.001196888222116566, "G10K": 0.002393776444233132, "H04N": 0.001196888186446516, "F25D": 0.002393776444233132, "B21J": 0.002393776444233132, "E21C": 0.001196888222116566, "G01J": 0.002393776444233132, "C09J": 0.00598444111058283, "C10C": 0.001196888222116566, "B61D": 0.0023937764085630846, "D07B": 0.002393776444233132, "A61B": 0.001196888222116566, "B63C": 0.0011968881864465185, "G21H": 0.001196888222116566, "A01G": 0.003590664666349698, "A43C": 0.001196888222116566, "F23M": 0.001196888222116566, "E02F": 0.002393776444233132, "F23J": 0.002393776444233132, "H02S": 0.003590664666349698, "B60P": 0.002393776444233132, "F22B": 0.001196888222116566, "G09B": 0.002393776444233132, "C25D": 0.001196888222116566, "H01L": 0.001196888222116566, "F03B": 0.003590664666349698, "G06T": 0.001196888222116566, "B60R": 0.001196888222116566, "C22B": 0.001196888222116566, "B60K": 0.001196888222116566, "D04C": 0.001196888222116566, "F03G": 0.001196888222116566, "C07C": 0.002393776444233132, "B64F": 0.001196888222116566, "A61M": 0.002393776444233132, "G01V": 0.001196888222116566, "F24V": 0.001196888222116566, "H02N": 0.001196888222116566, "C10B": 0.0011968881864465185, "B44C": 0.001196888222116566, "A62B": 0.002393776444233132, "B29B": 0.001196888222116566, "B64C": 0.001196888222116566, "D06H": 0.001196888222116566, "H01Q": 0.001196888222116566, "B25H": 0.001196888222116566, "B82Y": 0.001196888222116566, "E03F": 0.001196888222116566, "F42D": 0.001196888222116566, "B65H": 0.001196888222116566, "H02J": 0.001196888222116566, "F28G": 0.001196888222116566, "G07B": 0.001196888222116566}