{"": 0.00239377671458718, "F16J": 0.007181330179431593, "E02B": 0.040694204754372895, "B66C": 0.09335729311735175, "F16B": 0.12926394412151998, "B66B": 0.040694204718702824, "B08B": 0.0383004278971055, "E01B": 0.023937767395562134, "E04G": 0.3303411910717879, "B63B": 0.06702574890019224, "E04C": 0.09096351640276461, "D01F": 0.009575106965358852, "E04B": 0.45003002829929317, "B25B": 0.01196888375128615, "E01D": 0.0502693117554018, "G01K": 0.009575106965358852, "B62B": 0.0023937767502572303, "C25F": 0.0023937767502572303, "F16F": 0.02872532093174664, "G01N": 0.21783368388103813, "B33Y": 0.011968883715616078, "E04H": 0.06702574879318206, "B05B": 0.028725321003086755, "F16G": 0.011968883715616102, "E04F": 0.0789946325801383, "H01M": 0.0047875535005144606, "B22C": 0.00239377671458718, "G01F": 0.01675643721613056, "F23N": 0.0023937767502572303, "A01K": 0.0047875535005144606, "E21F": 0.01196888375128615, "B01D": 0.019150214002057835, "B62D": 0.016756437216130536, "G21F": 0.07420707922230403, "B05C": 0.009575106965358874, "G05B": 0.0047875535005144606, "E21B": 0.014362660501543377, "C04B": 0.21783368377402806, "F03D": 0.057450641827823196, "B28B": 0.09575106965358862, "C23F": 0.019150213966387785, "B23D": 0.009575107001028923, "B66D": 0.0047875535005144606, "A62C": 0.007181330250771693, "B32B": 0.031119097646333815, "B06B": 0.0023937767502572303, "F24F": 0.0023937767502572303, "B05D": 0.028725320931746665, "E21D": 0.05266308839864883, "G01S": 0.0023937767502572303, "G01B": 0.02154399071664502, "E06B": 0.028725321003086755, "B23K": 0.08378218629467314, "E01C": 0.07420707907962382, "H02P": 0.014362660465873327, "C08L": 0.031119097682003886, "G01L": 0.011968883715616102, "E01F": 0.03351287443226112, "E02D": 0.1364452746933223, "C07D": 0.0023937767502572303, "G01G": 0.00478755346484439, "G21C": 0.026331544252829527, "F24H": 0.0023937767502572303, "D01D": 0.0023937767502572303, "F16L": 0.07420707904395372, "C11D": 0.0023937767502572303, "B26F": 0.007181330250771693, "B28D": 0.007181330215101646, "B29C": 0.023937767502572295, "C08F": 0.009575107001028923, "B24C": 0.007181330250771693, "F16C": 0.01675643721613056, "D06B": 0.0023937767502572303, "G01C": 0.01915021393071774, "G06Q": 0.011968883715616078, "B23P": 0.007181330250771693, "B65G": 0.03351287439659107, "G06K": 0.016756437251800607, "B02C": 0.007181330250771693, "B28C": 0.016756437216130536, "B24B": 0.019150214002057835, "C08K": 0.01915021393071774, "B01F": 0.023937767502572295, "B01J": 0.02154399064530488, "C08G": 0.016756437216130536, "E04D": 0.02872532089607659, "C23C": 0.0023937767502572303, "G01T": 0.0047875535005144606, "A43B": 0.0023937767502572303, "H02G": 0.021543990716644996, "F24S": 0.009575107001028923, "C09K": 0.04787553493380443, "G05D": 0.0047875535005144606, "C02F": 0.007181330250771693, "B09B": 0.007181330250771693, "E01H": 0.0047875535005144606, "B66F": 0.019150213930717717, "B21K": 0.0023937767502572303, "D02J": 0.0023937767502572303, "C09D": 0.01675643721613056, "B03C": 0.009575107001028923, "B25D": 0.0071813301437615214, "C01F": 0.0047875535005144606, "F28D": 0.004787553464844414, "B23H": 0.0023937767502572303, "B64B": 0.0023937767502572303, "B42D": 0.0023937767502572303, "E06C": 0.021543990716644996, "C23G": 0.0023937767502572303, "D02G": 0.0047875535005144606, "B65D": 0.019150214002057835, "B21D": 0.009575106965358874, "G02B": 0.009575107001028923, "B41M": 0.0047875535005144606, "B29K": 0.0023937767502572303, "B63H": 0.0023937767502572303, "C12Q": 0.0023937767502572303, "B25J": 0.009575107001028923, "B60S": 0.0023937767502572303, "B60V": 0.0023937767502572303, "E03B": 0.0047875535005144606, "H02K": 0.007181330250771693, "B60T": 0.0023937767502572303, "B23B": 0.00957510692968878, "F16M": 0.0023937767502572303, "B27M": 0.0047875535005144606, "H01S": 0.0023937767502572303, "B23Q": 0.0047875535005144606, "G08C": 0.0047875535005144606, "B61B": 0.0047875535005144606, "B21F": 0.009575107001028923, "F23G": 0.0023937767502572303, "G01M": 0.01196888375128615, "G06N": 0.0023937767502572303, "A01N": 0.014362660358863171, "F28F": 0.004787553464844411, "A47L": 0.009575107001028923, "H01R": 0.009575107001028923, "E03C": 0.0023937767502572303, "G10K": 0.0047875535005144606, "H04N": 0.00239377671458718, "F25D": 0.0047875535005144606, "B21J": 0.0047875535005144606, "E21C": 0.0023937767502572303, "G01J": 0.0047875535005144606, "C09J": 0.011968883715616078, "C10C": 0.0023937767502572303, "B61D": 0.004787553464844414, "D07B": 0.0047875535005144606, "A61B": 0.0023937767502572303, "B63C": 0.0023937767145871826, "G21H": 0.002393776714587159, "A01G": 0.007181330250771693, "A43C": 0.0023937767502572303, "F23M": 0.0023937767502572303, "E02F": 0.0047875535005144606, "F23J": 0.0047875535005144606, "H02S": 0.007181330250771693, "B60P": 0.0047875535005144606, "F22B": 0.0023937767502572303, "G09B": 0.0047875535005144606, "C25D": 0.0023937767502572303, "H01L": 0.0023937767502572303, "F03B": 0.007181330250771693, "G06T": 0.0023937767502572303, "B60R": 0.0023937767502572303, "C22B": 0.0023937767502572303, "B60K": 0.0023937767502572303, "D04C": 0.0023937767502572303, "F03G": 0.0023937767502572303, "C07C": 0.0047875535005144606, "B64F": 0.0023937767502572303, "A61M": 0.0047875535005144606, "G01V": 0.0023937767502572303, "F24V": 0.0023937767502572303, "H02N": 0.0023937767502572303, "C10B": 0.0023937767145871826, "B44C": 0.0023937767502572303, "A62B": 0.00478755346484439, "B29B": 0.0023937767502572303, "B64C": 0.0023937767502572303, "D06H": 0.002393776714587159, "H01Q": 0.0023937767502572303, "B25H": 0.0023937767502572303, "B82Y": 0.0023937767502572303, "E03F": 0.0023937767502572303, "F42D": 0.0023937767502572303, "B65H": 0.0023937767502572303, "H02J": 0.0023937767502572303, "F28G": 0.0023937767502572303, "G07B": 0.0023937767502572303}