{"": 0.001795330344023686, "B66C": 0.09335717767521122, "E04G": 0.21543964106882194, "G21F": 0.03770193715315734, "B32B": 0.032315946156756266, "E04F": 0.053859910249370306, "E02D": 0.11490114169648537, "G01N": 0.15260307902799322, "C08K": 0.010771982064142118, "E04B": 0.36445205937310066, "C23F": 0.016157973167553113, "C04B": 0.18132836456804255, "G02B": 0.008976651684448422, "B65G": 0.03770193718882743, "B63B": 0.06283656200515886, "B26D": 0.0035906606880473715, "E03F": 0.005385990996401091, "E04H": 0.04667858880193587, "B28B": 0.07899453488735181, "E01C": 0.032315946192426365, "B66F": 0.017953303404566905, "F16G": 0.001795330344023686, "G06T": 0.007181321376094743, "G01B": 0.016157973096213182, "B23B": 0.00897665164877837, "D02G": 0.005385991032071057, "B08B": 0.026929955124685257, "B05C": 0.0035906606880473715, "F16B": 0.055655240450714245, "F16F": 0.014362642752189495, "F16L": 0.04667858883760571, "B21D": 0.0035906606880473715, "B23K": 0.07719920443631785, "E06C": 0.02513462481633162, "B25F": 0.001795330344023686, "B24B": 0.014362642716519528, "G06K": 0.010771982064142118, "B05B": 0.02333929443663797, "F16C": 0.014362642716519528, "B66B": 0.025134624744991518, "E04C": 0.06642722258619606, "C02F": 0.012567312336825702, "B24C": 0.00897665172011843, "G01M": 0.016157973096213182, "G01V": 0.001795330344023686, "E21D": 0.02692995516035531, "E02B": 0.023339294436637927, "B61B": 0.007181321376094743, "E04D": 0.02692995516035531, "A62B": 0.0017953303083537192, "C09D": 0.012567312408165806, "H01F": 0.0035906606880473715, "B60R": 0.001795330344023686, "B60G": 0.001795330344023686, "H02S": 0.0071813213404247345, "G01S": 0.0035906606880473715, "C09K": 0.030520615777062752, "B01F": 0.007181321340424691, "B09B": 0.010771982064142118, "G09B": 0.001795330344023686, "F24H": 0.001795330344023686, "E01D": 0.0502692495256532, "B25D": 0.005385991032071057, "F03D": 0.03411127642943997, "F23J": 0.00897665172011843, "G10K": 0.0035906606880473715, "C01F": 0.0035906606880473715, "H02G": 0.017953303368896764, "F28C": 0.001795330344023686, "E01B": 0.012567312408165806, "A01N": 0.010771982064142118, "G01L": 0.008976651577438393, "G21C": 0.017953303404566818, "B26F": 0.007181321340424777, "F03G": 0.0035906606880473715, "A47K": 0.0035906606880473715, "B02C": 0.016157973096213182, "C09J": 0.007181321376094743, "E05D": 0.001795330344023686, "C08L": 0.023339294436637882, "B23G": 0.001795330344023686, "B82Y": 0.0035906606880473715, "C08J": 0.005385990960731083, "B21J": 0.001795330344023686, "B25J": 0.010771982064142118, "G01C": 0.021543964128284247, "B01J": 0.012567312372495799, "F23G": 0.001795330344023686, "H02K": 0.001795330344023686, "A43C": 0.005385991032071057, "B03C": 0.012567312408165806, "E06B": 0.021543964163954297, "E01H": 0.005385991032071057, "B62B": 0.0035906606880473715, "E02F": 0.00897665172011843, "G05D": 0.0035906606880473715, "F24S": 0.005385991032071057, "F24F": 0.005385990996401091, "B64F": 0.0035906606880473715, "H01Q": 0.0035906606880473715, "G01G": 0.0035906606880473715, "G01F": 0.012567312372495799, "B63J": 0.001795330344023686, "B29C": 0.021543964056944313, "B33Y": 0.005385991032071057, "B61K": 0.0035906606880473715, "G21K": 0.001795330344023686, "F16S": 0.001795330344023686, "E01F": 0.014362642752189495, "B01D": 0.012567312408165806, "B28C": 0.014362642716519528, "B21F": 0.0035906606880473715, "F21Y": 0.001795330344023686, "D04C": 0.001795330344023686, "F03B": 0.007181321376094743, "A01G": 0.010771982064142118, "B06B": 0.0035906606880473715, "B25H": 0.001795330344023686, "E21C": 0.005385991032071057, "G06Q": 0.0035906606880473715, "C08G": 0.00897665172011843, "B27F": 0.001795330344023686, "B21C": 0.0035906606880473715, "G01D": 0.0035906606880473715, "G03B": 0.0035906606523774054, "A47L": 0.0035906606880473715, "A61B": 0.0035906606880473715, "F25B": 0.007181321376094743, "F42D": 0.001795330344023686, "B63C": 0.001795330344023686, "B62D": 0.005385991032071057, "C12N": 0.001795330344023686, "B42D": 0.001795330344023686, "A47B": 0.0035906606523774054, "F02C": 0.001795330344023686, "A63B": 0.001795330344023686, "B65B": 0.0035906606880473715, "B29B": 0.001795330344023686, "B60P": 0.0035906606880473715, "C23C": 0.001795330344023686, "B61J": 0.001795330344023686, "B64C": 0.0035906606880473715, "E21B": 0.012567312301155735, "C22C": 0.001795330344023686, "E21F": 0.00897665172011843, "D01F": 0.005385991032071057, "F28F": 0.001795330344023686, "F04B": 0.007181321340424691, "F04F": 0.001795330344023686, "F23M": 0.001795330344023686, "G06F": 0.001795330344023686, "B21B": 0.001795330344023686, "F22B": 0.005385991032071057, "C23G": 0.0017953303083537192, "C22B": 0.001795330344023686, "H02B": 0.001795330344023686, "E03C": 0.0035906606523773196, "B05D": 0.012567312372495839, "B65D": 0.007181321376094743, "B23P": 0.001795330344023686, "D06M": 0.001795330344023686, "G01H": 0.001795330344023686, "H02N": 0.001795330344023686, "B27M": 0.0035906606880473715, "F24J": 0.001795330344023686, "C21D": 0.001795330344023686, "B29L": 0.001795330344023686, "A43B": 0.001795330344023686, "B23D": 0.005385990996401005, "H01R": 0.001795330344023686, "H01S": 0.001795330344023686, "B25B": 0.003590660723717422, "F01D": 0.005385991032071057, "H02P": 0.0035906606880473715, "H04R": 0.001795330344023686, "F28D": 0.005385991032071057, "B24D": 0.001795330344023686, "E03B": 0.001795330344023686, "F16K": 0.0035906606880473715, "D04H": 0.001795330344023686, "F23K": 0.001795330344023686, "B60K": 0.001795330344023686, "F16J": 0.001795330344023686, "C12Q": 0.001795330344023686, "H05B": 0.001795330344023686, "G01T": 0.001795330344023686, "C07D": 0.001795330344023686, "C25F": 0.001795330344023686, "A63C": 0.001795330344023686, "B44C": 0.003590660652377364, "G08C": 0.001795330344023686, "C08F": 0.001795330344023686, "G01P": 0.001795330344023686, "B28D": 0.001795330344023686, "G01K": 0.0035906606880473715, "C10G": 0.001795330344023686, "B23Q": 0.001795330344023686, "G07B": 0.001795330344023686, "A47C": 0.001795330344023686, "B22C": 0.0035906606880473715, "C12P": 0.001795330344023686, "C14B": 0.001795330344023686, "C07C": 0.001795330344023686, "B30B": 0.001795330344023686, "F21V": 0.001795330344023686, "A62D": 0.001795330344023686, "C10B": 0.001795330344023686, "B60B": 0.001795330344023686}