{"": 0.002992221197246097, "F16J": 0.008976663627408343, "E02B": 0.05086776095957447, "B66C": 0.11669662790537942, "F16B": 0.16157994614943139, "B66B": 0.05086776085256426, "B08B": 0.04787553958397809, "E01B": 0.029922212222151297, "E04G": 0.41292652942903163, "B63B": 0.08378219430763169, "E04C": 0.11370440674380343, "D01F": 0.011968884895994517, "E04B": 0.5625375907181384, "B25B": 0.014961106164580731, "E01D": 0.06283664589123905, "G01K": 0.011968884895994517, "B62B": 0.002992221232916147, "C25F": 0.002992221232916147, "F16F": 0.03590665468798357, "G01N": 0.27229213155331, "B33Y": 0.01496110612891066, "E04H": 0.08378219430763172, "B05B": 0.03590665472365361, "F16G": 0.014961106128910684, "E04F": 0.09874330047221247, "H01M": 0.005984442465832295, "B22C": 0.002992221197246097, "G01F": 0.020945548594742975, "F23N": 0.002992221232916147, "A01K": 0.005984442465832295, "E21F": 0.014961106164580731, "B01D": 0.023937769827659095, "B62D": 0.02094554852340281, "G21F": 0.09275885814906037, "B05C": 0.01196888489599454, "G05B": 0.005984442465832295, "E21B": 0.017953327397496877, "C04B": 0.2722921314463, "F03D": 0.07181330937596712, "B28B": 0.11968884892427521, "C23F": 0.023937769791989045, "B23D": 0.011968884931664588, "B66D": 0.005984442465832295, "A62C": 0.008976663698748444, "B32B": 0.03889887588522966, "B06B": 0.002992221232916147, "F24F": 0.002992221232916147, "B05D": 0.03590665472365366, "E21D": 0.06582886701714499, "G01S": 0.002992221232916147, "G01B": 0.026929991060575267, "E06B": 0.035906654794993755, "B23K": 0.10472774315206515, "E01C": 0.09275885797071008, "H02P": 0.017953327361826827, "C08L": 0.03889887592089973, "G01L": 0.014961106128910684, "E01F": 0.04189109718948595, "E02D": 0.17055661006220024, "C07D": 0.002992221232916147, "G01G": 0.005984442430162225, "G21C": 0.03291443356207761, "F24H": 0.002992221232916147, "D01D": 0.002992221232916147, "F16L": 0.09275885800638013, "C11D": 0.002992221232916147, "B26F": 0.008976663698748444, "B28D": 0.008976663663078397, "B29C": 0.029922212293491388, "C08F": 0.011968884895994517, "B24C": 0.008976663698748444, "F16C": 0.020945548594742975, "D06B": 0.002992221232916147, "G01C": 0.023937769791989073, "G06Q": 0.01496110612891066, "B23P": 0.008976663698748444, "B65G": 0.04189109708247576, "G06K": 0.02094554863041302, "B02C": 0.008976663698748444, "B28C": 0.02094554859474295, "B24B": 0.023937769863329166, "C08K": 0.023937769791989073, "B01F": 0.02992221232916146, "B01J": 0.02692999098923513, "C08G": 0.02094554855907288, "E04D": 0.03590665468798359, "C23C": 0.002992221232916147, "G01T": 0.005984442465832295, "A43B": 0.002992221232916147, "H02G": 0.026929991024905172, "F24S": 0.011968884931664588, "C09K": 0.05984442455131268, "G05D": 0.005984442465832295, "C02F": 0.008976663698748444, "B09B": 0.008976663698748444, "E01H": 0.005984442465832295, "B66F": 0.02393776979198905, "B21K": 0.002992221232916147, "D02J": 0.002992221232916147, "C09D": 0.020945548523402833, "B03C": 0.011968884931664588, "B25D": 0.008976663591738272, "C01F": 0.005984442465832295, "F28D": 0.005984442430162248, "B23H": 0.002992221232916147, "B64B": 0.002992221232916147, "B42D": 0.002992221232916147, "E06C": 0.026929991024905172, "C23G": 0.002992221232916147, "D02G": 0.005984442430162224, "B65D": 0.023937769863329166, "B21D": 0.01196888489599454, "G02B": 0.011968884931664588, "B41M": 0.005984442430162224, "B29K": 0.002992221232916147, "B63H": 0.002992221232916147, "C12Q": 0.002992221232916147, "B25J": 0.011968884860324448, "B60S": 0.002992221232916147, "B60V": 0.002992221232916147, "E03B": 0.005984442465832295, "H02K": 0.008976663663078373, "B60T": 0.002992221232916147, "B23B": 0.011968884860324446, "F16M": 0.002992221232916147, "B27M": 0.005984442465832295, "H01S": 0.002992221232916147, "B23Q": 0.005984442465832295, "G08C": 0.005984442465832295, "B61B": 0.005984442465832295, "B21F": 0.011968884931664588, "F23G": 0.002992221232916147, "G01M": 0.014961106164580731, "G06N": 0.002992221232916147, "A01N": 0.01795332718347653, "F28F": 0.005984442430162246, "A47L": 0.011968884931664588, "H01R": 0.011968884895994517, "E03C": 0.002992221232916147, "G10K": 0.005984442465832295, "H04N": 0.002992221197246097, "F25D": 0.005984442465832295, "B21J": 0.005984442465832295, "E21C": 0.002992221232916147, "G01J": 0.005984442465832295, "C09J": 0.01496110605757052, "C10C": 0.002992221232916147, "B61D": 0.005984442430162248, "D07B": 0.005984442465832295, "A61B": 0.002992221232916147, "B63C": 0.0029922211972460994, "G21H": 0.002992221197246076, "A01G": 0.008976663698748444, "A43C": 0.002992221232916147, "F23M": 0.002992221232916147, "E02F": 0.005984442465832295, "F23J": 0.005984442465832295, "H02S": 0.008976663698748444, "B60P": 0.005984442465832295, "F22B": 0.002992221232916147, "G09B": 0.005984442465832295, "C25D": 0.002992221232916147, "H01L": 0.002992221232916147, "F03B": 0.008976663698748444, "G06T": 0.002992221232916147, "B60R": 0.002992221232916147, "C22B": 0.002992221232916147, "B60K": 0.002992221232916147, "D04C": 0.002992221232916147, "F03G": 0.002992221232916147, "C07C": 0.005984442430162224, "B64F": 0.002992221232916147, "A61M": 0.005984442465832295, "G01V": 0.002992221232916147, "F24V": 0.002992221232916147, "H02N": 0.002992221232916147, "C10B": 0.0029922211972460994, "B44C": 0.002992221232916147, "A62B": 0.005984442430162225, "B29B": 0.002992221232916147, "B64C": 0.002992221232916147, "D06H": 0.002992221197246076, "H01Q": 0.002992221232916147, "B25H": 0.002992221232916147, "B82Y": 0.002992221232916147, "E03F": 0.002992221232916147, "F42D": 0.002992221232916147, "B65H": 0.002992221232916147, "H02J": 0.002992221232916147, "F28G": 0.002992221232916147, "G07B": 0.002992221232916147}