{"": 0.0029922154265401082, "B66C": 0.15559520221575285, "E04G": 0.35906585182686895, "G21F": 0.06283652402868126, "B32B": 0.05385987778473119, "E04F": 0.08976646272486215, "E02D": 0.1915017874412434, "G01N": 0.2543383112915771, "C08K": 0.017953292666250113, "E04B": 0.6074197323367077, "C23F": 0.02692993905288019, "C04B": 0.3022137584015799, "G02B": 0.01496107716837017, "B65G": 0.06283652402868181, "B63B": 0.10472754000024274, "B26D": 0.005984430853080215, "E03F": 0.008976646279620176, "E04H": 0.07779760098303248, "B28B": 0.1316574786250833, "E01C": 0.053859877713391846, "B66F": 0.029922154265400947, "F16G": 0.0029922154265401082, "G06T": 0.011968861741830249, "G01B": 0.02692993891020062, "B23B": 0.014961077061360482, "D02G": 0.008976646279620323, "B08B": 0.04488323136243162, "B05C": 0.005984430960089669, "F16B": 0.09275867825841207, "F16F": 0.02393772341232088, "F16L": 0.07779760119705167, "B21D": 0.005984430853080215, "B23K": 0.12866526334122202, "E06C": 0.041891016114240814, "B25F": 0.002992215462209926, "B24B": 0.023937723376650635, "G06K": 0.017953292594910478, "B05B": 0.03889880061636091, "F16C": 0.02393772344799055, "B66B": 0.04189101607857053, "E04C": 0.11071197092466216, "C02F": 0.020945507950110485, "B24C": 0.01496107716837036, "G01M": 0.026929938874530802, "G01V": 0.0029922154265401082, "E21D": 0.0448832314337712, "E02B": 0.038898800580691055, "B61B": 0.01196886174183025, "E04D": 0.044883231433771494, "A62B": 0.002992215426539959, "C09D": 0.02094550802145059, "H01F": 0.005984430853080215, "B60R": 0.002992215462209926, "B60G": 0.0029922154265401082, "H02S": 0.011968861670490423, "G01S": 0.005984430888750033, "C09K": 0.05086766246520052, "B01F": 0.011968861706160199, "B09B": 0.017953292630580295, "G09B": 0.0029922154265401082, "F24H": 0.0029922154265401082, "E01D": 0.08378203183611307, "B25D": 0.008976646279620323, "F03D": 0.05685209310426151, "F23J": 0.01496107716837036, "G10K": 0.005984430853080215, "C01F": 0.005984430853080215, "H02G": 0.029922154336740264, "F28C": 0.0029922154265401082, "E01B": 0.02094550798578077, "A01N": 0.01795329255924066, "G01L": 0.014961077025690323, "G21C": 0.029922154229731043, "B26F": 0.01196886167049019, "F03G": 0.005984430888750033, "A47K": 0.005984430888750033, "B02C": 0.026929938874530802, "C09J": 0.011968861741830249, "E05D": 0.0029922154265401082, "C08L": 0.03889880061636083, "B23G": 0.0029922154265401082, "B82Y": 0.005984430888750033, "C08J": 0.008976646208280347, "B21J": 0.0029922154265401082, "B25J": 0.01795329255924066, "G01C": 0.035906585082811214, "B01J": 0.02094550805712022, "F23G": 0.0029922154265401082, "H02K": 0.0029922154265401082, "A43C": 0.008976646279620323, "B03C": 0.02094550798578077, "E06B": 0.03590658529683064, "E01H": 0.008976646279620323, "B62B": 0.005984430853080215, "E02F": 0.01496107716837036, "G05D": 0.005984430853080215, "F24S": 0.008976646279620323, "F24F": 0.008976646243950356, "B64F": 0.005984430888750033, "H01Q": 0.005984430853080215, "G01G": 0.005984430853080215, "G01F": 0.020945507985780584, "B63J": 0.002992215462209926, "B29C": 0.035906585118481014, "B33Y": 0.008976646279620323, "B61K": 0.005984430853080215, "G21K": 0.0029922154265401082, "F16S": 0.002992215462209926, "E01F": 0.023937723447990698, "B01D": 0.02094550802145059, "B28C": 0.02393772341232073, "B21F": 0.005984430853080215, "F21Y": 0.002992215462209926, "D04C": 0.0029922154265401082, "F03B": 0.011968861706160431, "A01G": 0.017953292630580295, "B06B": 0.005984430853080215, "B25H": 0.0029922154265401082, "E21C": 0.008976646279620323, "G06Q": 0.005984430853080215, "C08G": 0.014961077204040179, "B27F": 0.0029922154265401082, "B21C": 0.005984430853080215, "G01D": 0.005984430888750033, "G03B": 0.005984430853080067, "A47L": 0.005984430853080215, "A61B": 0.005984430888750033, "F25B": 0.011968861741830249, "F42D": 0.0029922154265401082, "B63C": 0.0029922154265401082, "B62D": 0.00897664631529014, "C12N": 0.0029922154265401082, "B42D": 0.0029922154265401082, "A47B": 0.005984430853080067, "F02C": 0.0029922154265401082, "A63B": 0.0029922154265401082, "B65B": 0.005984430853080215, "B29B": 0.0029922154265401082, "B60P": 0.005984430853080215, "C23C": 0.0029922154265401082, "B61J": 0.0029922154265401082, "B64C": 0.005984430853080215, "E21B": 0.020945507950110336, "C22C": 0.002992215462209926, "E21F": 0.014961077132700543, "D01F": 0.008976646279620323, "F28F": 0.0029922154265401082, "F04B": 0.011968861706160197, "F04F": 0.0029922154265401082, "F23M": 0.0029922154265401082, "G06F": 0.0029922154265401082, "B21B": 0.0029922154265401082, "F22B": 0.00897664631529014, "C23G": 0.0029922153908701413, "C22B": 0.002992215462209926, "H02B": 0.0029922154265401082, "E03C": 0.005984430817410163, "B05D": 0.020945507985780622, "B65D": 0.011968861706160431, "B23P": 0.002992215462209926, "D06M": 0.0029922154265401082, "G01H": 0.0029922154265401082, "H02N": 0.0029922154265401082, "B27M": 0.005984430853080215, "F24J": 0.0029922154265401082, "C21D": 0.0029922154265401082, "B29L": 0.0029922154265401082, "A43B": 0.0029922154265401082, "B23D": 0.008976646243950271, "H01R": 0.0029922154265401082, "H01S": 0.0029922154265401082, "B25B": 0.005984430924420084, "F01D": 0.00897664631529014, "H02P": 0.005984430853080215, "H04R": 0.0029922154265401082, "F28D": 0.00897664635095996, "B24D": 0.0029922154265401082, "E03B": 0.0029922154265401082, "F16K": 0.005984430888750033, "D04H": 0.0029922154265401082, "F23K": 0.0029922154265401082, "B60K": 0.002992215462209926, "F16J": 0.0029922154265401082, "C12Q": 0.0029922154265401082, "H05B": 0.0029922154265401082, "G01T": 0.0029922154265401082, "C07D": 0.002992215462209926, "C25F": 0.0029922154265401082, "A63C": 0.0029922154265401082, "B44C": 0.005984430888749844, "G08C": 0.0029922154265401082, "C08F": 0.0029922154265401082, "G01P": 0.0029922154265401082, "B28D": 0.0029922154265401082, "G01K": 0.005984430888750033, "C10G": 0.0029922154265401082, "B23Q": 0.0029922154265401082, "G07B": 0.0029922154265401082, "A47C": 0.0029922154265401082, "B22C": 0.005984430924419852, "C12P": 0.0029922154265401082, "C14B": 0.0029922154265401082, "C07C": 0.0029922154265401082, "B30B": 0.0029922154265401082, "F21V": 0.0029922154265401082, "A62D": 0.0029922154265401082, "C10B": 0.0029922154265401082, "B60B": 0.0029922154265401082}