{"": 0.0023937705504211925, "B66C": 0.12447606869323995, "E04G": 0.2872524667639375, "G21F": 0.050269181665854104, "B32B": 0.04308787001459068, "E04F": 0.07181311654830491, "E02D": 0.1532013153696336, "G01N": 0.20347049689281027, "C08K": 0.014362623409536614, "E04B": 0.485935422555905, "C23F": 0.021543935167809936, "C04B": 0.2417708259849085, "G02B": 0.011968852787775593, "B65G": 0.05026918163018456, "B63B": 0.08378196937175074, "B26D": 0.004787541100842384, "E03F": 0.007181311651263429, "E04H": 0.06223803423961073, "B28B": 0.1053259041115212, "E01C": 0.04308786994325134, "B66F": 0.023937705504211777, "F16G": 0.0023937705504211925, "G06T": 0.009575082237354588, "G01B": 0.021543935025130367, "B23B": 0.011968852680765906, "D02G": 0.007181311651263576, "B08B": 0.035906558220647866, "B05C": 0.004787541207851838, "F16B": 0.07420688709872564, "F16F": 0.019150164403369543, "F16L": 0.06223803441795983, "B21D": 0.004787541100842384, "B23K": 0.10293213366810869, "E06C": 0.033512787848575976, "B25F": 0.0023937705860910107, "B24B": 0.019150164403369394, "G06K": 0.014362623338196979, "B05B": 0.031119017226814993, "F16C": 0.019150164439039212, "B66B": 0.03351278781290569, "E04C": 0.08856951050826223, "C02F": 0.016756393817278066, "B24C": 0.011968852787775784, "G01M": 0.02154393498946055, "G01V": 0.0023937705504211925, "E21D": 0.035906558327657545, "E02B": 0.031119017191145133, "B61B": 0.00957508223735459, "E04D": 0.03590655829198774, "A62B": 0.0023937705504210437, "C09D": 0.01675639388861817, "H01F": 0.004787541100842384, "B60R": 0.0023937705860910107, "B60G": 0.0023937705504211925, "H02S": 0.009575082166014761, "G01S": 0.004787541136512203, "C09K": 0.04069409957117893, "B01F": 0.009575082201684538, "B09B": 0.014362623373866797, "G09B": 0.0023937705504211925, "F24H": 0.0023937705504211925, "E01D": 0.0670255753047834, "B25D": 0.007181311651263576, "F03D": 0.045481640458002084, "F23J": 0.011968852787775784, "G10K": 0.004787541100842384, "C01F": 0.004787541100842384, "H02G": 0.023937705575551093, "F28C": 0.0023937705504211925, "E01B": 0.016756393852948352, "A01N": 0.014362623302527161, "G01L": 0.011968852645095746, "G21C": 0.023937705468541872, "B26F": 0.009575082201684623, "F03G": 0.004787541136512203, "A47K": 0.004787541136512203, "B02C": 0.02154393498946055, "C09J": 0.009575082237354588, "E05D": 0.0023937705504211925, "C08L": 0.031119017226814906, "B23G": 0.0023937705504211925, "B82Y": 0.004787541136512203, "C08J": 0.0071813115799236014, "B21J": 0.0023937705504211925, "B25J": 0.014362623302527161, "G01C": 0.02872524660505431, "B01J": 0.0167563939242878, "F23G": 0.0023937705504211925, "H02K": 0.0023937705504211925, "A43C": 0.007181311651263576, "B03C": 0.016756393852948352, "E06B": 0.028725246783403637, "E01H": 0.007181311651263576, "B62B": 0.004787541100842384, "E02F": 0.011968852787775784, "G05D": 0.004787541100842384, "F24S": 0.007181311651263576, "F24F": 0.00718131161559361, "B64F": 0.004787541136512203, "H01Q": 0.004787541100842384, "G01G": 0.004787541100842384, "G01F": 0.016756393852948165, "B63J": 0.0023937705860910107, "B29C": 0.028725246605054013, "B33Y": 0.007181311651263576, "B61K": 0.004787541100842384, "G21K": 0.0023937705504211925, "F16S": 0.0023937705860910107, "E01F": 0.01915016443903936, "B01D": 0.01675639388861817, "B28C": 0.019150164403369394, "B21F": 0.004787541100842384, "F21Y": 0.0023937705860910107, "D04C": 0.0023937705504211925, "F03B": 0.00957508220168477, "A01G": 0.014362623373866797, "B06B": 0.004787541100842384, "B25H": 0.0023937705504211925, "E21C": 0.007181311651263576, "G06Q": 0.004787541100842384, "C08G": 0.011968852823445602, "B27F": 0.0023937705504211925, "B21C": 0.004787541100842384, "G01D": 0.004787541136512203, "G03B": 0.004787541100842237, "A47L": 0.004787541100842384, "A61B": 0.004787541136512203, "F25B": 0.009575082237354588, "F42D": 0.0023937705504211925, "B63C": 0.0023937705504211925, "B62D": 0.007181311686933395, "C12N": 0.0023937705504211925, "B42D": 0.0023937705504211925, "A47B": 0.004787541100842237, "F02C": 0.0023937705504211925, "A63B": 0.0023937705504211925, "B65B": 0.004787541100842384, "B29B": 0.0023937705504211925, "B60P": 0.004787541100842384, "C23C": 0.0023937705504211925, "B61J": 0.0023937705504211925, "B64C": 0.004787541100842384, "E21B": 0.016756393817277917, "C22C": 0.0023937705860910107, "E21F": 0.011968852752105966, "D01F": 0.007181311651263576, "F28F": 0.0023937705504211925, "F04B": 0.009575082201684536, "F04F": 0.0023937705504211925, "F23M": 0.0023937705504211925, "G06F": 0.0023937705504211925, "B21B": 0.0023937705504211925, "F22B": 0.007181311686933395, "C23G": 0.002393770514751226, "C22B": 0.0023937705860910107, "H02B": 0.0023937705504211925, "E03C": 0.004787541065172332, "B05D": 0.016756393852948203, "B65D": 0.00957508220168477, "B23P": 0.0023937705860910107, "D06M": 0.0023937705504211925, "G01H": 0.0023937705504211925, "H02N": 0.0023937705504211925, "B27M": 0.004787541100842384, "F24J": 0.0023937705504211925, "C21D": 0.0023937705504211925, "B29L": 0.0023937705504211925, "A43B": 0.0023937705504211925, "B23D": 0.007181311615593524, "H01R": 0.0023937705504211925, "H01S": 0.0023937705504211925, "B25B": 0.004787541172182253, "F01D": 0.007181311686933395, "H02P": 0.004787541100842384, "H04R": 0.0023937705504211925, "F28D": 0.0071813117226032135, "B24D": 0.0023937705504211925, "E03B": 0.0023937705504211925, "F16K": 0.004787541136512203, "D04H": 0.0023937705504211925, "F23K": 0.0023937705504211925, "B60K": 0.0023937705860910107, "F16J": 0.0023937705504211925, "C12Q": 0.0023937705504211925, "H05B": 0.0023937705504211925, "G01T": 0.0023937705504211925, "C07D": 0.0023937705860910107, "C25F": 0.0023937705504211925, "A63C": 0.0023937705504211925, "B44C": 0.004787541136512014, "G08C": 0.0023937705504211925, "C08F": 0.0023937705504211925, "G01P": 0.0023937705504211925, "B28D": 0.0023937705504211925, "G01K": 0.004787541136512203, "C10G": 0.0023937705504211925, "B23Q": 0.0023937705504211925, "G07B": 0.0023937705504211925, "A47C": 0.0023937705504211925, "B22C": 0.0047875411721820214, "C12P": 0.0023937705504211925, "C14B": 0.0023937705504211925, "C07C": 0.0023937705504211925, "B30B": 0.0023937705504211925, "F21V": 0.0023937705504211925, "A62D": 0.0023937705504211925, "C10B": 0.0023937705504211925, "B60B": 0.0023937705504211925}