{"": 0.003590665461316349, "F16J": 0.010771996419619099, "E02B": 0.061041313448768814, "B66C": 0.14003595416844897, "F16B": 0.19389593626654422, "B66B": 0.06104131327041847, "B08B": 0.057450647809102175, "E01B": 0.035906654827183776, "E04G": 0.4955118376210348, "B63B": 0.10053863363025871, "E04C": 0.13644528860012256, "D01F": 0.014362661952275525, "E04B": 0.6750451116142818, "B25B": 0.017953327484931992, "E01D": 0.07540397540104435, "G01K": 0.014362661952275525, "B62B": 0.0035906654256462837, "C25F": 0.0035906654969863993, "F16F": 0.04308798585682663, "G01N": 0.32675055933401176, "B33Y": 0.01795332744926192, "E04H": 0.1005386336659288, "B05B": 0.04308798585682661, "F16G": 0.017953327449261945, "E04F": 0.1184919611865309, "H01M": 0.0071813309939728, "B22C": 0.003590665461316349, "G01F": 0.025134658443234738, "F23N": 0.0035906654969863993, "A01K": 0.0071813309939728, "E21F": 0.017953327449261935, "B01D": 0.028725323904551053, "B62D": 0.02513465837189457, "G21F": 0.11131063029956823, "B05C": 0.014362661952275547, "G05B": 0.0071813309939728, "E21B": 0.021543992910578274, "C04B": 0.3267505591199916, "F03D": 0.08617597160664307, "B28B": 0.14362661941574487, "C23F": 0.028725323833210945, "B23D": 0.014362661987945596, "B66D": 0.0071813309939728, "A62C": 0.0107719964909592, "B32B": 0.046678651282472915, "B06B": 0.0035906654969863993, "F24F": 0.0035906654969863993, "B05D": 0.0430879858211566, "E21D": 0.07899464079102055, "G01S": 0.0035906654969863993, "G01B": 0.03231598940153748, "E06B": 0.04308798596383682, "B23K": 0.125673292358854, "E01C": 0.11131063012121793, "H02P": 0.021543992946248338, "C08L": 0.0466786512111328, "G01L": 0.01795332737792183, "E01F": 0.050269316886469524, "E02D": 0.2046679330428639, "C07D": 0.0035906654969863993, "G01G": 0.007181330922632672, "G21C": 0.03949732043118035, "F24H": 0.0035906654969863993, "D01D": 0.0035906654969863993, "F16L": 0.11131063015688798, "C11D": 0.0035906654969863993, "B26F": 0.010771996455289142, "B28D": 0.010771996455289153, "B29C": 0.03590665486285381, "C08F": 0.014362661952275525, "B24C": 0.0107719964909592, "F16C": 0.025134658443234738, "D06B": 0.0035906654969863993, "G01C": 0.028725323904551087, "G06Q": 0.01795332744926192, "B23P": 0.0107719964909592, "B65G": 0.05026931677945933, "G06K": 0.025134658478904785, "B02C": 0.0107719964909592, "B28C": 0.025134658443234714, "B24B": 0.028725323940221124, "C08K": 0.028725323904551087, "B01F": 0.035906654898523876, "B01J": 0.0323159893658674, "C08G": 0.025134658407564642, "E04D": 0.043087985856826654, "C23C": 0.0035906654969863993, "G01T": 0.0071813309939728, "A43B": 0.0035906654969863993, "H02G": 0.03231598936586739, "F24S": 0.014362661987945596, "C09K": 0.07181330976137766, "G05D": 0.0071813309939728, "C02F": 0.0107719964909592, "B09B": 0.0107719964909592, "E01H": 0.0071813309939728, "B66F": 0.028725323868881006, "B21K": 0.0035906654969863993, "D02J": 0.0035906654969863993, "C09D": 0.02513465830055448, "B03C": 0.014362661987945596, "B25D": 0.010771996383949028, "C01F": 0.0071813309939728, "F28D": 0.007181330958302754, "B23H": 0.0035906654969863993, "B64B": 0.0035906654969863993, "B42D": 0.0035906654969863993, "E06C": 0.032315989401537445, "C23G": 0.0035906654969863993, "D02G": 0.007181330958302729, "B65D": 0.02872532386888101, "B21D": 0.014362661952275547, "G02B": 0.014362661952275538, "B41M": 0.007181330886962613, "B29K": 0.0035906654969863993, "B63H": 0.0035906654969863993, "C12Q": 0.0035906654969863993, "B25J": 0.014362661880935398, "B60S": 0.0035906654969863993, "B60V": 0.0035906654969863993, "E03B": 0.007181330958302742, "H02K": 0.010771996455289128, "B60T": 0.0035906654969863993, "B23B": 0.014362661916605454, "F16M": 0.0035906654969863993, "B27M": 0.0071813309939728, "H01S": 0.0035906654969863993, "B23Q": 0.0071813309939728, "G08C": 0.0071813309939728, "B61B": 0.0071813309939728, "B21F": 0.014362661987945596, "F23G": 0.0035906654969863993, "G01M": 0.017953327484931992, "G06N": 0.0035906654969863993, "A01N": 0.02154399276789804, "F28F": 0.007181330958302751, "A47L": 0.014362661987945596, "H01R": 0.014362661952275525, "E03C": 0.0035906654969863993, "G10K": 0.0071813309939728, "H04N": 0.003590665461316349, "F25D": 0.0071813309939728, "B21J": 0.007181330958302742, "E21C": 0.0035906654969863993, "G01J": 0.0071813309939728, "C09J": 0.01795332737792178, "C10C": 0.0035906654969863993, "B61D": 0.007181330958302754, "D07B": 0.0071813309939728, "A61B": 0.0035906654969863993, "B63C": 0.0035906654613163517, "G21H": 0.0035906654613163283, "A01G": 0.0107719964909592, "A43C": 0.0035906654969863993, "F23M": 0.0035906654969863993, "E02F": 0.0071813309939728, "F23J": 0.0071813309939728, "H02S": 0.010771996455289142, "B60P": 0.0071813309939728, "F22B": 0.0035906654969863993, "G09B": 0.007181330958302742, "C25D": 0.0035906654969863993, "H01L": 0.0035906654613163417, "F03B": 0.0107719964909592, "G06T": 0.0035906654969863993, "B60R": 0.0035906654969863993, "C22B": 0.0035906654969863993, "B60K": 0.0035906654969863993, "D04C": 0.0035906654969863993, "F03G": 0.0035906654969863993, "C07C": 0.007181330958302729, "B64F": 0.0035906654969863993, "A61M": 0.0071813309939728, "G01V": 0.0035906654969863993, "F24V": 0.0035906654613163417, "H02N": 0.0035906654969863993, "C10B": 0.0035906654613163517, "B44C": 0.0035906654969863993, "A62B": 0.007181330922632672, "B29B": 0.0035906654969863993, "B64C": 0.0035906654969863993, "D06H": 0.0035906654613163283, "H01Q": 0.0035906654969863993, "B25H": 0.0035906654256462837, "B82Y": 0.0035906654969863993, "E03F": 0.0035906654969863993, "F42D": 0.0035906654969863993, "B65H": 0.0035906654969863993, "H02J": 0.0035906654613163417, "F28G": 0.0035906654969863993, "G07B": 0.0035906654969863993}