{"": 0.03125000082784235, "G06F": 0.9687500225587033, "G01N": 0.0625000016556847, "E04B": 0.18750000620881754, "G06T": 0.250000006001857, "H04S": 0.03125000082784235, "G10L": 0.0625000016556847, "G06Q": 0.18750000434617234, "G01M": 0.09375000248352708, "G06N": 0.0625000016556847, "G01C": 0.03125000082784235, "E04H": 0.0625000016556847, "E21D": 0.0625000016556847, "E04C": 0.0625000016556847, "E02D": 0.0625000016556847, "G09B": 0.0625000016556847, "G10K": 0.0625000016556847, "E04G": 0.09375000248352708, "F24F": 0.12500000331136943, "H04R": 0.03125000082784235, "F16F": 0.03125000082784235, "G01R": 0.031250000206960636, "E04D": 0.03125000082784235, "G09G": 0.03125000082784235, "H02B": 0.03125000082784235, "A61M": 0.03125000082784235, "A01G": 0.062500001034803, "E04F": 0.03125000082784235, "G16H": 0.0625000016556847, "B65G": 0.03125000082784235, "F16L": 0.03125000082784235}