{"": 0.07291666666666706, "G06F": 2.260416662320501, "G01N": 0.1458333333333341, "E04B": 0.4375000012417661, "G06T": 0.5833333327124548, "H04S": 0.07291666666666706, "G10L": 0.1458333333333341, "G06Q": 0.4374999993791209, "G01M": 0.2187500000000012, "G06N": 0.1458333333333341, "G01C": 0.07291666666666706, "E04H": 0.1458333333333341, "E21D": 0.1458333333333341, "E04C": 0.1458333333333341, "E02D": 0.1458333333333341, "G09B": 0.1458333333333341, "G10K": 0.1458333333333341, "E04G": 0.2187500000000012, "F24F": 0.2916666666666683, "H04R": 0.07291666666666706, "F16F": 0.07291666666666706, "G01R": 0.07291666604578534, "E04D": 0.07291666666666706, "G09G": 0.07291666666666706, "H02B": 0.07291666666666706, "A61M": 0.07291666666666706, "A01G": 0.14583333271245238, "E04F": 0.07291666666666706, "G16H": 0.1458333333333341, "B65G": 0.07291666666666706, "F16L": 0.0729166660457853}