{"": 0.020833334161175686, "G06F": 0.6458333583755645, "G01N": 0.04166666832235137, "E04B": 0.12500000496705416, "G06T": 0.16666667266852372, "H04S": 0.020833334161175686, "G10L": 0.04166666832235137, "G06Q": 0.1250000043461724, "G01M": 0.06250000248352706, "G06N": 0.04166666832235137, "G01C": 0.020833334161175686, "E04H": 0.04166666832235137, "E21D": 0.04166666832235137, "E04C": 0.04166666832235137, "E02D": 0.04166666832235137, "G09B": 0.04166666832235137, "G10K": 0.04166666832235137, "E04G": 0.06250000248352706, "F24F": 0.08333333664470276, "H04R": 0.020833334161175686, "F16F": 0.020833334161175686, "G01R": 0.020833334161175686, "E04D": 0.020833334161175686, "G09G": 0.020833334161175686, "H02B": 0.020833334161175686, "A61M": 0.020833334161175686, "A01G": 0.04166666832235137, "E04F": 0.020833334161175686, "G16H": 0.04166666832235137, "B65G": 0.020833334161175686, "F16L": 0.020833334161175686}