{"": 0.0, "B28B": 0.0, "E02D": 0.018181500539677615, "G03B": 0.009090890890265517, "B63B": 0.009090890890265517, "E21D": 0.0636343155975034, "G21C": 0.0, "B65G": 0.009091043037532382, "C09K": 0.08181647933286135, "H02G": 0.03636315739021391, "B28C": 0.009091302813121033, "E02F": 0.0, "G01M": 0.04545575595712117, "C04B": 0.027272856667141236, "G01B": 0.0, "B05D": 0.0, "E21B": 0.018182319785187397, "E04B": 0.009090753381705225, "B01F": 0.009091043037532382, "E04G": 0.0, "E01F": 0.0, "C09J": 0.0, "E21F": 0.04545411593036011, "B65H": 0.018181133033930662, "F16B": 0.0, "E02B": 0.009089813767774317, "G01C": 0.0, "G06T": 0.0, "F16L": 0.018181111087576148, "G06F": 0.0, "B26F": 0.0, "C02F": 0.0, "B05B": 0.03636405098574483, "E04C": 0.018182050701507056, "E05C": 0.009091005999474372, "C23F": 0.0, "B01D": 0.0, "B61F": 0.0, "B61L": 0.0, "E01C": 0.0, "G01F": 0.0, "B08B": 0.009090753381705225, "H04N": 0.0, "B66C": 0.0, "B60R": 0.0, "G05B": 0.0, "E21C": 0.009091203321185735, "A62C": 0.0, "A61G": 0.0, "G01L": 0.0, "B65D": 0.01818263853231269, "A61J": 0.01818263853231269, "G06N": 0.0, "G01J": 0.0, "B21D": 0.0, "G01S": 0.00909125599524586, "F03C": 0.02727230376509013, "E01D": 0.0, "B66F": 0.009091308301758097, "B65F": 0.009091302813121033, "F16D": 0.009090717875877098, "B29L": 0.018182050701507056, "B25D": 0.009090753381705225, "B01J": 0.0, "B23K": 0.018182561570828714, "G02B": 0.0, "B60S": 0.0, "B25J": 0.0, "G01N": 0.0, "F16J": 0.0, "G08C": 0.0, "F16G": 0.00909120610237611, "B61J": 0.0, "F16F": 0.027273549630688742, "A01G": 0.0, "A01C": 0.009091172654347932, "F04B": 0.02727230376509013, "G01K": 0.0, "F04D": 0.0, "D04H": 0.00909125323278404, "E03B": 0.0, "B61D": 0.0, "B29C": 0.018182050701507056, "C08K": 0.0, "B05C": 0.0, "E01B": 0.0, "C07F": 0.0, "B62D": 0.0, "B61G": 0.0, "B60M": 0.0, "E03F": 0.0, "D06M": 0.00909125323278404, "G09B": 0.0, "A01D": 0.0, "B24C": 0.0, "B02C": 0.0, "F04C": 0.0, "C08G": 0.027272430491855584, "G21F": 0.0, "A01B": 0.0, "B03B": 0.0, "B61B": 0.009091316525934685, "C10J": 0.0, "G08G": 0.0, "F15B": 0.0, "E04H": 0.0, "G01V": 0.00909125599524586, "E01H": 0.009090753381705225, "F16K": 0.0, "B60L": 0.009091316525934685, "H05K": 0.0, "B60P": 0.0, "F21W": 0.0, "C08L": 0.0, "H01L": 0.0, "B28D": 0.018182054730487385, "F42D": 0.0, "B04C": 0.0, "G06K": 0.0, "B66B": 0.018181800811083688, "H04B": 0.0, "B09B": 0.0, "C25F": 0.009091222770789803, "F03B": 0.0, "F21V": 0.0, "A47B": 0.009089813767774317, "B32B": 0.0, "A61M": 0.0, "F25B": 0.0, "A47K": 0.0, "G06Q": 0.0, "F16C": 0.0, "B60V": 0.0, "F17D": 0.0, "B66D": 0.0, "E04F": 0.0, "F04F": 0.009089813767774317, "F28D": 0.0, "F25D": 0.0, "G01D": 0.0, "B61K": 0.0, "B29K": 0.018182050701507056, "F21S": 0.0, "F24F": 0.0, "D01F": 0.0, "B60F": 0.018182575261402205, "B29B": 0.018182050701507056, "B61C": 0.0, "E06C": 0.0, "C08J": 0.018182050701507056, "B61H": 0.009089813767774317, "C22C": 0.01818181177899354, "B23C": 0.0, "A01K": 0.0, "E03C": 0.0, "H05F": 0.0, "F23B": 0.0, "G05D": 0.0, "G21D": 0.0, "B06B": 0.0, "B23B": 0.0, "F21M": 0.0}