{"": 0.00489396443578468, "E21F": 0.044045679824827766, "F04B": 0.039151715486277425, "B66F": 0.08319739540833951, "E04B": 0.053833608696397126, "E21D": 0.3621533678591285, "G01F": 0.03425775095325844, "B05B": 0.03425775105049276, "E21B": 0.08809135974688985, "B65G": 0.210440470447039, "E04C": 0.019575857743138723, "E02D": 0.09787928842399057, "E03F": 0.02446982217892341, "B23K": 0.019575857743138723, "E04G": 0.12234911070014837, "F16B": 0.12724307484422998, "B28B": 0.09298532408544016, "B08B": 0.019575857743138723, "C09K": 0.08319739521387085, "F03C": 0.00489396443578468, "E01B": 0.024469822081689047, "C23F": 0.029363786517473754, "G21F": 0.00978792887156936, "C04B": 0.05872757322941612, "H02G": 0.02446982217892341, "B66C": 0.0636215376652008, "E03B": 0.019575857743138723, "F16L": 0.17128875466905832, "A01G": 0.019575857743138723, "C02F": 0.029363786517473758, "G01N": 0.07830343009744589, "G01S": 0.019575857548670073, "E02B": 0.029363786517473765, "F21V": 0.01468189330735404, "H04N": 0.00978792887156936, "B61D": 0.00978792887156936, "F16D": 0.009787928774335038, "G01C": 0.029363786614708086, "E02F": 0.0734094663423015, "B29K": 0.00489396443578468, "F04F": 0.00978792887156936, "F21S": 0.00489396443578468, "G01B": 0.029363786614708086, "B05C": 0.00489396443578468, "B01F": 0.04893964426061241, "F16J": 0.02446982217892341, "B65F": 0.00489396443578468, "B28C": 0.00978792887156936, "E05C": 0.00489396443578468, "F25D": 0.00489396443578468, "E01D": 0.019575857743138723, "G05D": 0.00489396443578468, "B60L": 0.00489396443578468, "B26F": 0.009787928774334998, "G03B": 0.00489396443578468, "G01V": 0.0146818935018227, "B61G": 0.00489396443578468, "G21C": 0.019575857743138723, "A01C": 0.00489396443578468, "E21C": 0.019575857743138723, "B01D": 0.00489396443578468, "A62C": 0.00489396443578468, "B60P": 0.00489396443578468, "F15B": 0.01468189321011968, "B01J": 0.01468189330735404, "D04H": 0.009787928677100668, "B65H": 0.01468189330735404, "B05D": 0.019575857743138723, "B61B": 0.019575857743138723, "F04C": 0.00489396443578468, "C22C": 0.00489396443578468, "G09B": 0.00978792887156936, "B25D": 0.00489396443578468, "B61J": 0.00489396433855032, "G01L": 0.00978792887156936, "G06Q": 0.00489396443578468, "B65D": 0.019575857743138723, "G05B": 0.00489396443578468, "D01F": 0.00489396443578468, "C08L": 0.00489396443578468, "B63B": 0.00978792887156936, "A61G": 0.00978792887156936, "E04F": 0.00489396443578468, "B03B": 0.00489396443578468, "B61H": 0.00489396443578468, "G01K": 0.00489396443578468, "G06T": 0.00489396443578468, "G08C": 0.00978792887156936, "A47B": 0.00489396443578468, "A61M": 0.00489396443578468, "F16F": 0.00978792887156936, "C08K": 0.00978792887156936, "B29C": 0.03425775105049276, "F04D": 0.00489396443578468, "B24C": 0.009787928774335038, "G06N": 0.009787928774335028, "F17D": 0.0048939643385503585, "B61L": 0.00489396443578468, "B60M": 0.00489396443578468, "E04H": 0.00489396443578468, "E01C": 0.00978792887156936, "B61F": 0.00489396443578468, "F16K": 0.00489396443578468, "E01F": 0.009787928677100707, "B02C": 0.00489396443578468, "C07F": 0.00978792887156936, "F16G": 0.004893964338550349, "F42D": 0.00489396443578468, "C08G": 0.00489396443578468, "B04C": 0.00489396443578468, "B32B": 0.00489396443578468, "E01H": 0.00489396443578468, "B60V": 0.00489396443578468, "B25J": 0.00489396443578468, "H01L": 0.00489396443578468, "B60R": 0.00489396443578468, "A61J": 0.00489396443578468, "F21M": 0.00489396443578468}