{"": 0.00978792805943268, "E21F": 0.08809135243765978, "F04B": 0.07830342447546144, "B66F": 0.16639477701035565, "E04B": 0.10766720855652519, "E21D": 0.7243066762035543, "G01F": 0.06851549622156011, "B05B": 0.06851549641602878, "E21B": 0.176182704972554, "B65G": 0.4208809060694323, "E04C": 0.03915171223773074, "E02D": 0.1957585608969507, "E03F": 0.04893964029716344, "B23K": 0.03915171223773074, "E04G": 0.24469820129134828, "F16B": 0.25448612886460914, "B28B": 0.18597063293475233, "B08B": 0.03915171223773074, "C09K": 0.166394776815887, "F03C": 0.00978792805943268, "E01B": 0.04893964019992907, "C23F": 0.058727568259361776, "G21F": 0.019575856118865365, "C04B": 0.11745513671319222, "H02G": 0.04893964010269478, "B66C": 0.12724306477262493, "E03B": 0.03915171223773074, "F16L": 0.3425774812050336, "A01G": 0.03915171223773074, "C02F": 0.05872756816212744, "G01N": 0.15660684807581404, "G01S": 0.039151712237730715, "E02B": 0.05872756825936178, "F21V": 0.029363784178298054, "H04N": 0.019575856118865365, "B61D": 0.019575856118865365, "F16D": 0.019575856021631047, "G01C": 0.05872756835659611, "E02F": 0.14681892069702163, "B29K": 0.00978792805943268, "F04F": 0.019575856021631026, "F21S": 0.009787927864964, "G01B": 0.05872756835659611, "B05C": 0.00978792805943268, "B01F": 0.09787928020538943, "F16J": 0.04893964029716344, "B65F": 0.00978792805943268, "B28C": 0.019575856118865365, "E05C": 0.00978792805943268, "F25D": 0.00978792805943268, "E01D": 0.03915171223773074, "G05D": 0.00978792805943268, "B60L": 0.00978792805943268, "B26F": 0.019575856021631005, "G03B": 0.00978792805943268, "G01V": 0.029363784372766717, "B61G": 0.00978792805943268, "G21C": 0.03915171223773074, "A01C": 0.00978792805943268, "E21C": 0.03915171223773074, "B01D": 0.00978792805943268, "A62C": 0.00978792805943268, "B60P": 0.00978792805943268, "F15B": 0.029363783983829356, "B01J": 0.029363784178298054, "D04H": 0.019575855924396673, "B65H": 0.029363784178298054, "B05D": 0.03915171223773074, "B61B": 0.039151712140496404, "F04C": 0.00978792805943268, "C22C": 0.00978792805943268, "G09B": 0.019575856118865365, "B25D": 0.00978792805943268, "B61J": 0.009787927962198321, "G01L": 0.019575856118865365, "G06Q": 0.00978792805943268, "B65D": 0.03915171223773074, "G05B": 0.00978792805943268, "D01F": 0.009787928253901304, "C08L": 0.00978792805943268, "B63B": 0.019575856118865365, "A61G": 0.019575856118865365, "E04F": 0.00978792805943268, "B03B": 0.00978792805943268, "B61H": 0.00978792805943268, "G01K": 0.00978792805943268, "G06T": 0.00978792805943268, "G08C": 0.019575856118865365, "A47B": 0.00978792805943268, "A61M": 0.00978792805943268, "F16F": 0.019575856118865365, "C08K": 0.019575856118865365, "B29C": 0.06851549641602878, "F04D": 0.00978792805943268, "B24C": 0.019575856021631047, "G06N": 0.019575856021631033, "F17D": 0.00978792796219836, "B61L": 0.00978792805943268, "B60M": 0.00978792805943268, "E04H": 0.00978792805943268, "E01C": 0.019575856118865365, "B61F": 0.00978792805943268, "F16K": 0.00978792805943268, "E01F": 0.019575855924396715, "B02C": 0.00978792805943268, "C07F": 0.019575856118865365, "F16G": 0.00978792796219835, "F42D": 0.00978792805943268, "C08G": 0.00978792805943268, "B04C": 0.00978792805943268, "B32B": 0.00978792805943268, "E01H": 0.00978792805943268, "B60V": 0.00978792805943268, "B25J": 0.00978792805943268, "H01L": 0.00978792805943268, "B60R": 0.00978792805943268, "A61J": 0.00978792805943268, "F21M": 0.00978792805943268}