{"": 0.0, "E21B": 0.015872046780029635, "G06F": 0.0, "H01L": 0.0, "G01N": 0.0, "E02B": 0.047621411539401665, "G01H": 0.0, "F16L": 0.0, "G21F": 0.0, "G01F": 0.0, "G01C": 0.03174399155991217, "E02D": 0.0, "G01P": 0.0, "G01V": 0.03173933727620854, "E04G": 0.0, "E21D": 0.031746009749587224, "F25C": 0.047623278375796864, "G01L": 0.0, "F16B": 0.0, "B66C": 0.01586956448069668, "G01B": 0.04761843825454056, "A47K": 0.0, "G01S": 0.0, "G06N": 0.0, "E21C": 0.20635971547082776, "E01C": 0.0, "G08C": 0.0, "H01Q": 0.03174774888428026, "B63B": 0.0, "G01J": 0.0, "B25D": 0.0, "E01B": 0.03174893823069959, "G01R": 0.0, "G01K": 0.03174919455325926, "G01D": 0.0952390913429081, "C02F": 0.015872046780029635, "B09B": 0.01586966863810427, "G02B": 0.015871327843976595, "E03B": 0.0, "G01M": 0.0, "H02G": 0.015871327843976595, "F28D": 0.047623278375796864, "B07C": 0.0, "C21B": 0.0, "B03C": 0.0, "E02F": 0.0, "G06Q": 0.0, "B05B": 0.01586956448069668, "B23K": 0.0, "B23D": 0.0, "F15B": 0.0, "B63C": 0.0, "F42D": 0.0, "A01B": 0.01587382132394993, "B65G": 0.0, "B64U": 0.0, "F04F": 0.0, "F17D": 0.0, "G05B": 0.01586956448069668, "C09K": 0.0, "G04G": 0.0, "B66D": 0.01586956448069668, "B07B": 0.0, "B21D": 0.0, "B08B": 0.0, "F16K": 0.0, "B26F": 0.0, "E01D": 0.0, "F01N": 0.0, "F04B": 0.0, "B21C": 0.0, "E01F": 0.06349092780358671, "A01G": 0.01587382132394993, "B28D": 0.0, "F25D": 0.047623278375796864, "E21F": 0.0, "B01J": 0.0, "H03H": 0.0, "F16F": 0.0, "E04B": 0.015871327843976595, "A62C": 0.0, "B61L": 0.0, "H03B": 0.0, "G16Z": 0.0, "A62B": 0.015871713906617627, "G09B": 0.0}