{"": 0.011527377684969864, "G01V": 0.31123920230378255, "G01N": 0.7953890748634855, "E21B": 0.4841498722161556, "E02F": 0.17291066888174564, "G01P": 0.11527377856741174, "G01C": 0.24207493481979342, "E02D": 0.36887609158748813, "G01S": 0.09221902336924338, "G01J": 0.0115273780285125, "G01B": 0.10374640071067055, "E21D": 0.27665706804647405, "A47K": 0.023054755541711033, "E21C": 0.04610951125519337, "F15B": 0.023054756057025, "F16B": 0.057636889111934556, "G01M": 0.08069164516895956, "C02F": 0.023054756228796325, "H02G": 0.023054755713482346, "E01C": 0.023054755885253672, "G08C": 0.023054755713482346, "G01F": 0.011527377856741175, "G01L": 0.12680115659592422, "C21B": 0.0115273780285125, "G02B": 0.023054755885253703, "B23D": 0.023054755885253672, "G01H": 0.023054755541711033, "F16K": 0.011527377856741175, "B03C": 0.011527377856741175, "G09B": 0.011527377856741175, "F25D": 0.011527377856741175, "E02B": 0.023054755885253672, "G05B": 0.011527377856741175, "B01J": 0.011527377856741189, "B26F": 0.011527377684969864, "F16L": 0.046109511426964685, "B09B": 0.011527377856741175, "G01R": 0.03458213357022353, "G06F": 0.0115273780285125, "B05B": 0.0115273780285125, "F25C": 0.0115273780285125, "G01D": 0.046109511426964706, "B63B": 0.023054755885253672, "E21F": 0.011527377684969864, "A01G": 0.011527377856741175, "E03B": 0.023054755713482346, "B66C": 0.023054755885253672, "B08B": 0.011527377856741175, "G06Q": 0.011527377856741175, "H03H": 0.0115273780285125, "B66D": 0.011527377856741175, "G06N": 0.011527377856741175, "H01L": 0.011527377856741175, "E01B": 0.011527377856741175, "A62B": 0.011527377856741175, "A62C": 0.011527377856741175}