{"": 0.0084541057460356, "C12N": 0.1775362182912005, "D04H": 0.050724633828337196, "C09K": 0.09299516183865233, "B65B": 0.033816422480238494, "B03B": 0.033816422480238494, "B28C": 0.05072463397230962, "B01D": 0.921497513144398, "C10J": 0.01690821120412611, "F16J": 0.008454105602063082, "F23J": 0.025362316878175452, "G21F": 0.27053138012985284, "A61L": 0.05917873935841392, "C02F": 0.853864669191727, "G01N": 0.1521739014850114, "C08G": 0.025362316950161716, "E04G": 0.01690821120412611, "C01C": 0.008454105674049335, "B09B": 0.15217390155699762, "F01N": 0.050724633612378354, "B24C": 0.01690821120412611, "B01F": 0.17753621800325556, "B30B": 0.05072463361237836, "F27B": 0.008454105746035563, "E02D": 0.13526568992095384, "C04B": 0.2198067463015158, "F25B": 0.016908211348098653, "A61K": 0.01690821120412611, "B02C": 0.14371979566698964, "E21D": 0.10144926722475665, "C12Q": 0.04227052808230151, "E04B": 0.025362316878175452, "A23L": 0.02536231680618917, "A01H": 0.050724633612378354, "A62D": 0.07608695049055367, "B65G": 0.09299516191063865, "B66F": 0.008454105602063054, "E04H": 0.050724633828337175, "C01B": 0.10144926765667427, "B09C": 0.016908211492071258, "A23K": 0.03381642240825223, "B67D": 0.016908211276112375, "G01G": 0.016908211132139767, "C08J": 0.03381642233626595, "E02B": 0.06763284496047699, "B03C": 0.10144926751270175, "A01G": 0.1268115843908771, "C10B": 0.008454105674049335, "E01F": 0.008454105602063054, "C12P": 0.05072463368436463, "C07B": 0.008454105602063054, "F26B": 0.101449267584688, "H01G": 0.03381642269619728, "A01K": 0.07608695049055368, "B01J": 0.2536231680618913, "E03F": 0.033816422624211036, "B28B": 0.04227052801031529, "B07B": 0.09299516176666611, "C05B": 0.025362316878175434, "C08L": 0.03381642255222476, "C23G": 0.016908211276112375, "E01C": 0.008454105602063054, "C05G": 0.04227052801031529, "C10L": 0.04227052808230157, "B29C": 0.025362316734202917, "F23G": 0.050724633900323404, "D06M": 0.03381642248023851, "B29B": 0.008454105674049335, "F28F": 0.008454105602063054, "A01N": 0.05072463368436463, "C05F": 0.025362316950161733, "C07C": 0.05917873950238658, "C22B": 0.059178739502386515, "C12M": 0.0422705283702467, "C11D": 0.02536231680618917, "G06F": 0.008454105602063054, "G01F": 0.01690821127611239, "C09D": 0.02536231680618918, "C08F": 0.01690821120412611, "B32B": 0.02536231702214801, "F16K": 0.008454105602063054, "E03C": 0.00845410567404932, "B03D": 0.03381642240825223, "G01M": 0.050724633828337154, "E04D": 0.008454105602063054, "A61P": 0.01690821127611239, "E02F": 0.04227052815428785, "H01M": 0.01690821120412611, "B61D": 0.008454105602063054, "F04F": 0.008454105602063054, "C01F": 0.008454105602063054, "E21C": 0.008454105602063054, "B63B": 0.03381642240825216, "F42D": 0.008454105674049335, "C10G": 0.008454105602063054, "F24H": 0.008454105602063054, "G21D": 0.008454105602063054, "B65D": 0.025362316950161733, "F28D": 0.008454105602063054, "E03B": 0.01690821120412611, "F28G": 0.008454105530076752, "B25D": 0.008454105602063054, "C07K": 0.01690821120412611, "G21C": 0.03381642255222477, "D03D": 0.03381642255222477, "C05C": 0.01690821127611239, "B04C": 0.01690821127611239, "B08B": 0.01690821127611239, "D06C": 0.008454105602063054, "B05D": 0.008454105602063054, "B22F": 0.00845410567404932, "F27D": 0.0084541055300768, "C12S": 0.008454105602063064, "F04C": 0.008454105602063054, "C08K": 0.01690821120412611, "A01B": 0.008454105602063054, "F23K": 0.008454105602063054, "D21H": 0.008454105602063054, "C11B": 0.008454105602063054, "F16L": 0.008454105602063054, "C09J": 0.01690821120412611, "G06Q": 0.016908211204126094, "E21B": 0.03381642262421094, "A61G": 0.008454105602063054, "F23B": 0.008454105602063054, "E01B": 0.008454105602063054, "B05C": 0.016908211276112375, "E21F": 0.008454105530076795, "B66C": 0.008454105602063054, "H04N": 0.008454105602063054, "G01S": 0.008454105602063054, "F41J": 0.00845410553007679, "F16B": 0.008454105602063054, "B07C": 0.00845410567404932, "A61Q": 0.008454105602063054, "F04B": 0.01690821120412611, "B29L": 0.00845410567404932, "B62B": 0.008454105674049335, "B63C": 0.008454105674049335, "B05B": 0.008454105602063054, "C01G": 0.008454105674049335, "A41B": 0.008454105602063054, "F16N": 0.008454105602063054}