{"": 0.0012077289344401625, "C12N": 0.02536230776721592, "D04H": 0.007246373606640975, "C09K": 0.013285018278841787, "B65B": 0.00483091573776065, "B03B": 0.00483091573776065, "B28C": 0.007246373750613483, "B01D": 0.13164245378199174, "C10J": 0.002415457868880325, "F16J": 0.0012077288624539086, "F23J": 0.003623186803320488, "G21F": 0.038647325830098944, "A61L": 0.008454102541081138, "C02F": 0.12198062295434672, "G01N": 0.021739120819922925, "C08G": 0.003623186803320488, "E04G": 0.002415457868880325, "C01C": 0.0012077289344401625, "B09B": 0.021739120963895433, "F01N": 0.007246373606640975, "B24C": 0.002415457868880325, "B01F": 0.0253623074792709, "B30B": 0.007246373606640975, "F27B": 0.001207729078412671, "E02D": 0.0193236629510426, "C04B": 0.03140095229544423, "F25B": 0.002415457868880325, "A61K": 0.002415457868880325, "B02C": 0.020531391957469017, "E21D": 0.014492747141295696, "C12Q": 0.0060386446722008125, "E04B": 0.003623186803320488, "A23L": 0.003623186803320488, "A01H": 0.007246373606640975, "A62D": 0.010869560409961463, "B65G": 0.013285018278841787, "B66F": 0.0012077289344401625, "E04H": 0.007246373606640975, "C01B": 0.01449274721328195, "B09C": 0.002415457868880325, "A23K": 0.00483091573776065, "B67D": 0.002415457868880325, "G01G": 0.002415457868880325, "C08J": 0.00483091573776065, "E02B": 0.0096618314755213, "B03C": 0.014492747141295696, "A01G": 0.01811593401660244, "C10B": 0.0012077289344401625, "E01F": 0.0012077289344401625, "C12P": 0.007246373606640975, "C07B": 0.0012077289344401625, "F26B": 0.01449274721328195, "H01G": 0.004830915881733159, "A01K": 0.010869560409961463, "B01J": 0.03623186796121862, "E03F": 0.00483091573776065, "B28B": 0.0060386446722008125, "B07B": 0.013285018278841787, "C05B": 0.003623186803320488, "C08L": 0.00483091573776065, "C23G": 0.002415457868880325, "E01C": 0.0012077289344401625, "C05G": 0.0060386446722008125, "C10L": 0.0060386446722008125, "B29C": 0.0036231867313342332, "F23G": 0.007246373750613483, "D06M": 0.00483091573776065, "B29B": 0.0012077289344401625, "F28F": 0.0012077289344401625, "A01N": 0.007246373606640975, "C05F": 0.003623186803320488, "C07C": 0.008454102541081138, "C22B": 0.008454102541081138, "C12M": 0.0060386446722008125, "C11D": 0.003623186803320488, "G06F": 0.0012077289344401625, "G01F": 0.002415457868880325, "C09D": 0.0036231867313342332, "C08F": 0.002415457868880325, "B32B": 0.003623186803320488, "F16K": 0.0012077289344401625, "E03C": 0.0012077289344401625, "B03D": 0.00483091573776065, "G01M": 0.0072463736786272295, "E04D": 0.0012077289344401625, "A61P": 0.002415457868880325, "E02F": 0.0060386446722008125, "H01M": 0.002415457868880325, "B61D": 0.0012077289344401625, "F04F": 0.0012077289344401625, "C01F": 0.0012077289344401625, "E21C": 0.0012077289344401625, "B63B": 0.00483091573776065, "F42D": 0.0012077289344401625, "C10G": 0.0012077289344401625, "F24H": 0.0012077289344401625, "G21D": 0.0012077289344401625, "B65D": 0.003623186803320488, "F28D": 0.0012077289344401625, "E03B": 0.002415457868880325, "F28G": 0.0012077289344401625, "B25D": 0.0012077289344401625, "C07K": 0.002415457868880325, "G21C": 0.00483091573776065, "D03D": 0.00483091573776065, "C05C": 0.002415457868880325, "B04C": 0.002415457868880325, "B08B": 0.002415457868880325, "D06C": 0.0012077289344401625, "B05D": 0.0012077289344401625, "B22F": 0.0012077289344401625, "F27D": 0.0012077288624539086, "C12S": 0.0012077288624539086, "F04C": 0.0012077289344401625, "C08K": 0.002415457868880325, "A01B": 0.0012077289344401625, "F23K": 0.0012077289344401625, "D21H": 0.0012077289344401625, "C11B": 0.0012077289344401625, "F16L": 0.0012077289344401625, "C09J": 0.002415457868880325, "G06Q": 0.002415457868880325, "E21B": 0.004830915881733159, "A61G": 0.0012077289344401625, "F23B": 0.0012077289344401625, "E01B": 0.0012077289344401625, "B05C": 0.002415457868880325, "E21F": 0.0012077289344401625, "B66C": 0.0012077289344401625, "H04N": 0.0012077289344401625, "G01S": 0.0012077289344401625, "F41J": 0.0012077289344401625, "F16B": 0.0012077289344401625, "B07C": 0.0012077289344401625, "A61Q": 0.0012077289344401625, "F04B": 0.002415457868880325, "B29L": 0.0012077289344401625, "B62B": 0.0012077289344401625, "B63C": 0.0012077289344401625, "B05B": 0.0012077289344401625, "C01G": 0.0012077289344401625, "A41B": 0.0012077289344401625, "F16N": 0.0012077289344401625}