{"": 0.0024154583140126853, "C12N": 0.050724623514472086, "D04H": 0.014492749668117269, "C09K": 0.026570040878249296, "B65B": 0.009661832968105619, "B03B": 0.009661832968105619, "B28C": 0.014492749812089777, "B01D": 0.2632849503964952, "C10J": 0.004830916484052809, "F16J": 0.002415458242026431, "F23J": 0.007246374798065494, "G21F": 0.07729466424874885, "A61L": 0.016908207766171114, "C02F": 0.24396128489220145, "G01N": 0.043478248788392945, "C08G": 0.007246374798065494, "E04G": 0.004830916484052809, "C01C": 0.0024154583140126853, "B09B": 0.043478248716406605, "F01N": 0.014492749452158428, "B24C": 0.004830916484052809, "B01F": 0.050724623442485926, "B30B": 0.014492749452158428, "F27B": 0.002415458385998913, "E02D": 0.0386473320883813, "C04B": 0.06280191486857671, "F25B": 0.004830916556039089, "A61K": 0.004830916484052809, "B02C": 0.04106279054636652, "E21D": 0.028985498904316884, "C12Q": 0.012077291354104583, "E04B": 0.007246374798065494, "A23L": 0.007246374726079214, "A01H": 0.014492749452158428, "A62D": 0.021739124250223923, "B65G": 0.026570040806263014, "B66F": 0.0024154582420264047, "E04H": 0.01449274959613099, "C01B": 0.0289854991202757, "B09C": 0.004830916556039089, "A23K": 0.009661832968105619, "B67D": 0.004830916484052809, "G01G": 0.004830916484052809, "C08J": 0.009661832896119337, "E02B": 0.01932366600819752, "B03C": 0.028985499120275728, "A01G": 0.03623187399032747, "C10B": 0.0024154583140126853, "E01F": 0.0024154582420264047, "C12P": 0.014492749524144708, "C07B": 0.0024154582420264047, "F26B": 0.0289854991202757, "H01G": 0.009661833184064408, "A01K": 0.021739124322210205, "B01J": 0.07246374733277836, "E03F": 0.009661833040091898, "B28B": 0.012077291210132023, "B07B": 0.026570040734276733, "C05B": 0.007246374726079214, "C08L": 0.009661832968105619, "C23G": 0.004830916484052809, "E01C": 0.0024154582420264047, "C05G": 0.012077291210132023, "C10L": 0.012077291282118303, "B29C": 0.00724637465409296, "F23G": 0.014492749668117217, "D06M": 0.009661833040091898, "B29B": 0.0024154583140126853, "F28F": 0.0024154582420264047, "A01N": 0.014492749524144708, "C05F": 0.007246374870051775, "C07C": 0.016908207838157392, "C22B": 0.016908207910143674, "C12M": 0.012077291282118305, "C11D": 0.007246374726079214, "G06F": 0.0024154582420264047, "G01F": 0.004830916556039089, "C09D": 0.00724637465409296, "C08F": 0.004830916484052809, "B32B": 0.007246374942038055, "F16K": 0.0024154582420264047, "E03C": 0.0024154582420264047, "B03D": 0.009661832968105619, "G01M": 0.014492749596130963, "E04D": 0.0024154582420264047, "A61P": 0.004830916556039089, "E02F": 0.012077291354104583, "H01M": 0.004830916484052809, "B61D": 0.0024154582420264047, "F04F": 0.0024154582420264047, "C01F": 0.0024154582420264047, "E21C": 0.0024154582420264047, "B63B": 0.009661833040091898, "F42D": 0.0024154583140126853, "C10G": 0.0024154582420264047, "F24H": 0.0024154582420264047, "G21D": 0.0024154582420264047, "B65D": 0.007246374870051775, "F28D": 0.0024154582420264047, "E03B": 0.004830916484052809, "F28G": 0.0024154582420264047, "B25D": 0.0024154582420264047, "C07K": 0.004830916484052809, "G21C": 0.0096618330400919, "D03D": 0.009661833040091898, "C05C": 0.004830916556039089, "B04C": 0.004830916556039089, "B08B": 0.004830916556039089, "D06C": 0.0024154582420264047, "B05D": 0.0024154582420264047, "B22F": 0.0024154582420264047, "F27D": 0.0024154581700401505, "C12S": 0.0024154581700401505, "F04C": 0.0024154582420264047, "C08K": 0.004830916484052809, "A01B": 0.0024154582420264047, "F23K": 0.0024154582420264047, "D21H": 0.0024154582420264047, "C11B": 0.0024154582420264047, "F16L": 0.0024154582420264047, "C09J": 0.004830916484052809, "G06Q": 0.004830916556039089, "E21B": 0.009661833184064408, "A61G": 0.0024154582420264047, "F23B": 0.0024154582420264047, "E01B": 0.0024154582420264047, "B05C": 0.004830916484052809, "E21F": 0.0024154582420264047, "B66C": 0.0024154582420264047, "H04N": 0.0024154582420264047, "G01S": 0.0024154582420264047, "F41J": 0.0024154582420264047, "F16B": 0.0024154582420264047, "B07C": 0.0024154582420264047, "A61Q": 0.0024154582420264047, "F04B": 0.004830916484052809, "B29L": 0.0024154582420264047, "B62B": 0.0024154583140126853, "B63C": 0.0024154583140126853, "B05B": 0.0024154582420264047, "C01G": 0.0024154583140126853, "A41B": 0.0024154582420264047, "F16N": 0.0024154582420264047}