{"": 0.010263930362797666, "G07F": 0.05131965225097254, "B60R": 0.05131965225097277, "H04N": 0.318181845266983, "G01B": 0.14369502665231096, "G06Q": 0.3797654272689754, "G06T": 0.26686219257902644, "B66C": 0.2565982616918477, "G06K": 0.20527860952827193, "G01N": 0.20527860900389083, "H04L": 0.0923753742265447, "G08B": 0.22580647007907367, "G06F": 0.7903226468498987, "B60W": 0.04105572206296867, "B60G": 0.0307917915253773, "H04H": 0.01026393045019453, "F24F": 0.030791791525377282, "H04W": 0.08211144368895329, "G01C": 0.06158358322554833, "H04B": 0.22580647016647054, "H02J": 0.0205278609877859, "A41D": 0.08211144395114375, "A47L": 0.0205278609877859, "G08G": 0.10263930511372346, "G05B": 0.03079179143798038, "B63B": 0.04105572180077812, "B66B": 0.09237537448873517, "G01W": 0.041055721888174974, "E01C": 0.04105572188817496, "G01S": 0.25659826195403834, "E02F": 0.09237537440133833, "G10L": 0.051319652425766346, "B60T": 0.020527860987785914, "B60M": 0.010263930362797666, "G02B": 0.061583582788564045, "H03H": 0.01026393045019453, "G01H": 0.04105572188817499, "A62C": 0.051319652600560074, "G01R": 0.051319652338369486, "E04G": 0.10263930450194549, "H01Q": 0.02052786098778593, "G01K": 0.02052786098778593, "F16L": 0.030791791525377282, "E04F": 0.020527861075182802, "G10K": 0.020527860987785914, "E04B": 0.03079179152537722, "G06V": 0.02052786090038906, "G16Y": 0.030791791525377313, "G09G": 0.08211144430073118, "E02D": 0.09237537431394145, "A61B": 0.12316716575192202, "G02F": 0.02052786090038906, "G01J": 0.010263930537591386, "A63B": 0.02052786090038906, "H04Q": 0.18475074897747037, "H04M": 0.0718475136757429, "A61G": 0.041055721975571814, "G04G": 0.010263930362797628, "B23K": 0.0205278609877859, "G21C": 0.03079179178756788, "H05B": 0.01026393053759137, "G08C": 0.02052786090038906, "G09F": 0.03079179135058359, "G05G": 0.03079179135058359, "B09B": 0.020527861337373384, "G01V": 0.041055722150365556, "C12N": 0.010263930537591401, "B61B": 0.020527860812992196, "G16H": 0.03079179143798043, "B65G": 0.04105572197557186, "B42D": 0.01026393053759137, "B63H": 0.020527860987785914, "G01D": 0.03079179170017098, "B60Q": 0.020527860987785914, "E21D": 0.06158358296335777, "G04R": 0.01026393053759137, "B61D": 0.01026393045019453, "H01P": 0.010263930537591386, "B05B": 0.01026393045019453, "G03B": 0.08211144360155628, "A01G": 0.01026393045019453, "E04C": 0.020527861075182754, "E03C": 0.01026393045019453, "B61L": 0.01026393045019453, "B62D": 0.030791791437980536, "F21Y": 0.01026393045019453, "B64D": 0.051319652425766346, "E04H": 0.04105572171338125, "B25J": 0.04105572162598439, "B21D": 0.020527861075182802, "D07B": 0.01026393045019453, "B21C": 0.01026393045019453, "G07C": 0.04105572188817499, "B64C": 0.01026393045019453, "E21F": 0.01026393045019453, "H04K": 0.020527861162579673, "G01F": 0.041055721888174974, "A01C": 0.01026393045019453, "B60K": 0.03079179143798046, "E01F": 0.02052786098778593, "B63C": 0.02052786090038906, "F02D": 0.010263930537591386, "E02B": 0.04105572206296869, "H04R": 0.03079179143798046, "G01M": 0.041055722150365556, "G05D": 0.02052786090038906, "A47C": 0.01026393045019453, "G01P": 0.010263930537591401, "E05B": 0.02052786124997627, "H02G": 0.02052786090038906, "A61M": 0.010263930450194537, "B64B": 0.01026393045019453, "B41J": 0.01026393045019453, "E03D": 0.010263930537591401, "A01K": 0.010263930799781967, "H05K": 0.010263930362797666, "B66F": 0.01026393053759137, "H03M": 0.01026393045019453, "A63H": 0.01026393045019453, "E01H": 0.01026393045019453, "B61F": 0.01026393045019453, "B60F": 0.01026393045019453, "E03F": 0.020527860812992196, "E06B": 0.01026393045019453, "H01L": 0.010263930537591401, "G09D": 0.01026393045019453, "B62B": 0.01026393045019453, "A42B": 0.01026393045019453}