{"": 0.007331377555864613, "G07F": 0.03665688839110108, "B60R": 0.036656888216307505, "H04N": 0.22727270790247134, "G01B": 0.10263928735524806, "G06Q": 0.2712609734124525, "G06T": 0.19061581942397363, "B66C": 0.18328444160591836, "G06K": 0.1466275534770078, "G01N": 0.14662755269043606, "H04L": 0.0659823989641471, "G08B": 0.16129030823914964, "G06F": 0.5645160803664662, "B60W": 0.029325510835236455, "B60G": 0.02199413310457814, "H04H": 0.007331377643261477, "F24F": 0.021994133104578123, "H04W": 0.058651021233488775, "G01C": 0.043988266296553134, "H04B": 0.16129030841394337, "H02J": 0.014662755373919792, "A41D": 0.05865102149567923, "A47L": 0.014662755373919792, "G08G": 0.07331377695699592, "G05B": 0.021994133104578123, "B63B": 0.029325510573045905, "B66B": 0.06598239922633757, "G01W": 0.02932551066044276, "E01C": 0.029325510660442745, "G01S": 0.1832844416059184, "E02F": 0.06598239905154386, "G10L": 0.03665688839110108, "B60T": 0.014662755373919808, "B60M": 0.007331377555864613, "G02B": 0.04398826585956885, "H03H": 0.007331377643261477, "G01H": 0.029325510660442776, "A62C": 0.036656888478497934, "G01R": 0.03665688830370422, "E04G": 0.07331377643261482, "H01Q": 0.014662755286522952, "G01K": 0.014662755286522952, "F16L": 0.021994133104578123, "E04F": 0.014662755373919823, "G10K": 0.014662755373919808, "E04B": 0.021994133191974994, "G06V": 0.014662755286522952, "G16Y": 0.021994133104578154, "G09G": 0.058651021670472925, "E02D": 0.06598239905154385, "A61B": 0.08797653206872522, "G02F": 0.014662755286522952, "G01J": 0.0073313777306583325, "A63B": 0.014662755286522952, "H04Q": 0.13196479845267547, "H04M": 0.05131964393981461, "A61G": 0.0293255107478396, "G04G": 0.007331377643261477, "B23K": 0.014662755373919792, "G21C": 0.02199413327937185, "H05B": 0.007331377730658317, "G08C": 0.014662755286522952, "G09F": 0.02199413292978443, "G05G": 0.02199413292978443, "B09B": 0.014662755636110405, "G01V": 0.02932551083523647, "C12N": 0.007331377643261477, "B61B": 0.01466275519912609, "G16H": 0.02199413301718127, "B65G": 0.029325510660442776, "B42D": 0.007331377730658317, "B63H": 0.014662755373919808, "G01D": 0.02199413327937182, "B60Q": 0.014662755373919808, "E21D": 0.043988266121759455, "G04R": 0.007331377730658317, "B61D": 0.007331377643261477, "H01P": 0.0073313777306583325, "B05B": 0.007331377643261477, "G03B": 0.058651021233488664, "A01G": 0.007331377643261477, "E04C": 0.014662755461316648, "E03C": 0.007331377643261477, "B61L": 0.007331377643261477, "B62D": 0.021994133017181377, "F21Y": 0.007331377643261477, "B64D": 0.03665688839110108, "E04H": 0.02932551048564904, "B25J": 0.02932551039825218, "B21D": 0.014662755373919823, "D07B": 0.007331377643261477, "B21C": 0.007331377643261477, "G07C": 0.029325510660442776, "B64C": 0.007331377643261477, "E21F": 0.007331377643261477, "H04K": 0.014662755548713565, "G01F": 0.02932551066044276, "A01C": 0.007331377643261477, "B60K": 0.02199413292978443, "E01F": 0.014662755286522952, "B63C": 0.014662755286522952, "F02D": 0.0073313777306583325, "E02B": 0.0293255107478396, "H04R": 0.0219941330171813, "G01M": 0.02932551083523647, "G05D": 0.014662755286522952, "A47C": 0.007331377643261477, "G01P": 0.007331377730658348, "E05B": 0.014662755548713293, "H02G": 0.014662755286522952, "A61M": 0.007331377555864613, "B64B": 0.007331377643261477, "B41J": 0.007331377643261477, "E03D": 0.007331377643261477, "A01K": 0.007331377905452043, "H05K": 0.007331377555864613, "B66F": 0.007331377730658317, "H03M": 0.007331377643261477, "A63H": 0.007331377643261477, "E01H": 0.007331377643261477, "B61F": 0.007331377643261477, "B60F": 0.007331377643261477, "E03F": 0.01466275519912609, "E06B": 0.007331377643261477, "H01L": 0.007331377643261477, "G09D": 0.007331377643261477, "B62B": 0.007331377643261477, "A42B": 0.007331377643261477}