{"": 0.008797654265476672, "G07F": 0.04398827176436757, "B60R": 0.0439882717643678, "H04N": 0.27272728590044537, "G01B": 0.12316716120242008, "G06Q": 0.3255132115807025, "G06T": 0.22873901387388698, "B66C": 0.21994135925882277, "G06K": 0.17595308749445504, "G01N": 0.1759530867952802, "H04L": 0.07917888935065569, "G08B": 0.19354839585061479, "G06F": 0.6774193868318026, "B60W": 0.03519061767368469, "B60G": 0.026392963233414318, "H04H": 0.008797654352873536, "F24F": 0.0263929632334143, "H04W": 0.07038123491038528, "G01C": 0.05278592655422549, "H04B": 0.19354839602540852, "H02J": 0.017595308793143912, "A41D": 0.07038123517257575, "A47L": 0.017595308793143912, "G08G": 0.08797654405311658, "G05B": 0.026392963146017398, "B63B": 0.035190617411494145, "B66B": 0.07917888961284617, "G01W": 0.035190617498891, "E01C": 0.035190617498890985, "G01S": 0.2199413593462197, "E02F": 0.07917888943805246, "G10L": 0.043988271939161376, "B60T": 0.017595308793143926, "B60M": 0.008797654265476672, "G02B": 0.05278592611724121, "H03H": 0.008797654352873536, "G01H": 0.03519061749889101, "A62C": 0.04398827202655823, "G01R": 0.043988271851764515, "E04G": 0.08797654352873548, "H01Q": 0.017595308705747072, "G01K": 0.017595308705747072, "F16L": 0.0263929632334143, "E04F": 0.017595308793143943, "G10K": 0.017595308793143926, "E04B": 0.026392963146017367, "G06V": 0.017595308705747072, "G16Y": 0.02639296323341433, "G09G": 0.07038123534736944, "E02D": 0.07917888943805244, "A61B": 0.10557185258407001, "G02F": 0.017595308705747072, "G01J": 0.008797654440270392, "A63B": 0.017595308705747072, "H04Q": 0.15835777905089862, "H04M": 0.06158358090709903, "A61G": 0.03519061758628784, "G04G": 0.008797654265476634, "B23K": 0.017595308793143912, "G21C": 0.02639296340820803, "H05B": 0.008797654440270376, "G08C": 0.017595308705747072, "G09F": 0.026392963058620607, "G05G": 0.026392963058620607, "B09B": 0.017595309055334525, "G01V": 0.035190617673684706, "C12N": 0.008797654352873536, "B61B": 0.01759530861835021, "G16H": 0.026392963146017447, "B65G": 0.03519061749889101, "B42D": 0.008797654440270376, "B63H": 0.017595308793143926, "G01D": 0.026392963408207997, "B60Q": 0.017595308793143926, "E21D": 0.05278592637943181, "G04R": 0.008797654440270376, "B61D": 0.008797654352873536, "H01P": 0.008797654440270392, "B05B": 0.008797654352873536, "G03B": 0.07038123482298828, "A01G": 0.008797654352873536, "E04C": 0.017595308880540766, "E03C": 0.008797654352873536, "B61L": 0.008797654352873536, "B62D": 0.026392963146017554, "F21Y": 0.008797654352873536, "B64D": 0.043988271939161376, "E04H": 0.03519061732409728, "B25J": 0.03519061723670042, "B21D": 0.017595308793143943, "D07B": 0.008797654352873536, "B21C": 0.008797654352873536, "G07C": 0.03519061749889101, "B64C": 0.008797654352873536, "E21F": 0.008797654352873536, "H04K": 0.017595308967937685, "G01F": 0.035190617498891, "A01C": 0.008797654352873536, "B60K": 0.026392963058620607, "E01F": 0.017595308705747072, "B63C": 0.017595308705747072, "F02D": 0.008797654440270392, "E02B": 0.03519061758628784, "H04R": 0.026392963146017478, "G01M": 0.035190617673684706, "G05D": 0.017595308705747072, "A47C": 0.008797654352873536, "G01P": 0.008797654440270407, "E05B": 0.01759530896793741, "H02G": 0.017595308705747072, "A61M": 0.008797654265476672, "B64B": 0.008797654352873536, "B41J": 0.008797654352873536, "E03D": 0.008797654352873536, "A01K": 0.008797654615064102, "H05K": 0.008797654265476672, "B66F": 0.008797654440270376, "H03M": 0.008797654352873536, "A63H": 0.008797654352873536, "E01H": 0.008797654352873536, "B61F": 0.008797654352873536, "B60F": 0.008797654352873536, "E03F": 0.01759530861835021, "E06B": 0.008797654352873536, "H01L": 0.008797654352873536, "G09D": 0.008797654352873536, "B62B": 0.008797654352873536, "A42B": 0.008797654352873536}