{"": 0.00603864698688915, "B01D": 0.6884057561454326, "B29C": 0.012077293973778299, "F42B": 0.00603864698688915, "C12N": 0.14492752746938076, "A01G": 0.09661835135830867, "E21B": 0.02415458816351546, "G01N": 0.19323670322052144, "B03B": 0.04227052890822404, "F41J": 0.012077293973778299, "F23G": 0.0241545879475566, "B01J": 0.16908211556090993, "E02D": 0.15700482137117272, "B09B": 0.12077293959381045, "B07B": 0.06642511671180804, "C02F": 0.5314009339824106, "C05B": 0.018115941104640026, "E03F": 0.018115940960667456, "G21F": 0.2113526441811889, "A61L": 0.036231881777362335, "C09K": 0.10265699863314297, "C04B": 0.11473429267890756, "C05F": 0.012077293829805727, "B28B": 0.06038646972491889, "E02B": 0.042270528980210324, "F23J": 0.0241545879475566, "B65G": 0.06642511678379431, "A01N": 0.04830917575114062, "F01N": 0.0241545879475566, "B30B": 0.018115940960667456, "B29B": 0.01207729382980575, "A61K": 0.02415458809152917, "B01F": 0.12077293952182415, "B28C": 0.030193234934445753, "B82B": 0.00603864698688915, "B08B": 0.018115940816694882, "C01B": 0.06038646986889146, "E03B": 0.018115940960667456, "B03D": 0.054347822666043474, "B03C": 0.09661835171824008, "C08L": 0.018115940960667456, "B32B": 0.036231881705376036, "E04G": 0.018115940960667456, "A61P": 0.006038646914902864, "A01P": 0.00603864698688915, "C22B": 0.03623188177736232, "C12P": 0.048309175823126896, "B02C": 0.07850241075757258, "G06F": 0.018115940960667456, "G06Q": 0.012077293973778299, "E02F": 0.036231881849348606, "H01G": 0.030193234718486905, "G01M": 0.04227052890822404, "B65F": 0.00603864698688915, "C10L": 0.0241545879475566, "C01C": 0.012077293829805727, "E01C": 0.030193234862459478, "F25B": 0.012077293973778299, "F16B": 0.00603864698688915, "B65D": 0.036231881849348606, "E21D": 0.048309175823126896, "C11C": 0.012077293901792024, "F26B": 0.06038646979690517, "C25C": 0.00603864698688915, "D04H": 0.030193234934445753, "G01K": 0.00603864698688915, "C08J": 0.024154587659611478, "B05D": 0.00603864698688915, "B63C": 0.00603864698688915, "C07C": 0.04227052890822404, "B63B": 0.030193234934445753, "H01M": 0.018115940816694882, "C25D": 0.00603864698688915, "B61D": 0.00603864698688915, "C08K": 0.012077293973778299, "C05G": 0.0241545879475566, "A62D": 0.06038646972491889, "B65B": 0.012077293973778299, "A01K": 0.042270528692265184, "C12M": 0.0241545879475566, "C25B": 0.012077293973778299, "A23L": 0.012077293973778299, "G21C": 0.02415458780358403, "E04B": 0.00603864698688915, "B05B": 0.012077293973778299, "F04F": 0.012077293829805727, "C10J": 0.0241545879475566, "A01C": 0.00603864698688915, "B04B": 0.00603864698688915, "A23K": 0.030193234790473183, "C09J": 0.012077293901792012, "B82Y": 0.012077293829805727, "F15B": 0.00603864698688915, "C07B": 0.00603864698688915, "C12Q": 0.012077293829805727, "G01B": 0.006038646914902864, "H05H": 0.00603864698688915, "C01F": 0.012077293973778299, "F16L": 0.00603864698688915, "F24F": 0.012077293973778299, "F28F": 0.012077293973778299, "C11D": 0.012077293973778299, "A01H": 0.012077293901792014, "F22B": 0.00603864698688915, "F23L": 0.006038647130861722, "B04C": 0.018115940960667456, "C09D": 0.018115940960667456, "G16Z": 0.00603864698688915, "E03C": 0.00603864698688915, "E01B": 0.00603864698688915, "C12R": 0.00603864698688915, "B60P": 0.012077293973778299, "F23K": 0.00603864698688915, "C08G": 0.00603864698688915, "B27N": 0.00603864698688915, "B22C": 0.00603864698688915, "C23F": 0.00603864698688915, "E04F": 0.012077293973778299, "D21H": 0.00603864698688915, "F24J": 0.00603864698688915, "F16K": 0.00603864698688915, "C12S": 0.00603864698688915, "B29K": 0.00603864698688915, "B22F": 0.00603864698688915, "B66F": 0.00603864698688915, "B24C": 0.00603864698688915, "D03D": 0.00603864698688915, "F28G": 0.00603864698688915, "A01D": 0.0060386467709303135, "A62B": 0.00603864698688915, "C10K": 0.006038646842916578}