{"": 0.007246376544514708, "B01D": 0.8260869254987925, "B29C": 0.014492753089029415, "F42B": 0.007246376544514708, "C12N": 0.17391303685239393, "A01G": 0.11594202428031765, "E21B": 0.02898550639401769, "G01N": 0.23188404906453897, "B03B": 0.05072463581160297, "F41J": 0.014492753089029415, "F23G": 0.02898550610607254, "B01J": 0.2028985429584664, "E02D": 0.18840578979745068, "B09B": 0.14492753074632145, "B07B": 0.07971014184568921, "C02F": 0.6376811348375048, "C05B": 0.0217391297775167, "E03F": 0.02173912963354413, "G21F": 0.2536231786980831, "A61L": 0.0434782591231157, "C09K": 0.12318840111277751, "C04B": 0.13768115427379307, "C05F": 0.014492752945056843, "B28B": 0.0724637653011745, "E02B": 0.050724635883589254, "F23J": 0.028985506178058833, "B65G": 0.0797101418456892, "A01N": 0.05797101221214511, "F01N": 0.028985506178058833, "B30B": 0.02173912963354413, "B29B": 0.014492752945056865, "A61K": 0.028985506322031403, "B01F": 0.14492753060234886, "B28C": 0.036231882722573557, "B82B": 0.007246376544514708, "B08B": 0.021739129489571556, "C01B": 0.07246376544514707, "E03B": 0.02173912963354413, "B03D": 0.06521738868467353, "B03C": 0.11594202464024907, "C08L": 0.02173912963354413, "B32B": 0.04347825897914311, "E04G": 0.02173912963354413, "A61P": 0.007246376472528422, "A01P": 0.007246376544514708, "C22B": 0.04347825912311569, "C12P": 0.05797101228413139, "B02C": 0.094202894790746, "G06F": 0.02173912963354413, "G06Q": 0.014492753089029415, "E02F": 0.043478259195101975, "H01G": 0.03623188250661471, "G01M": 0.05072463581160297, "B65F": 0.007246376544514708, "C10L": 0.028985506178058833, "C01C": 0.014492752945056843, "E01C": 0.036231882650587285, "F25B": 0.014492753089029415, "F16B": 0.007246376544514708, "B65D": 0.043478259195101975, "E21D": 0.05797101228413139, "C11C": 0.01449275301704314, "F26B": 0.07246376537316078, "C25C": 0.007246376544514708, "D04H": 0.036231882722573557, "G01K": 0.007246376544514708, "C08J": 0.02898550589011371, "B05D": 0.007246376544514708, "B63C": 0.007246376544514708, "C07C": 0.05072463581160297, "B63B": 0.036231882722573557, "H01M": 0.021739129489571556, "C25D": 0.007246376544514708, "B61D": 0.007246376544514708, "C08K": 0.014492753089029415, "C05G": 0.028985506178058833, "A62D": 0.07246376522918821, "B65B": 0.014492753089029415, "A01K": 0.05072463552365782, "C12M": 0.028985506178058833, "C25B": 0.014492753089029415, "A23L": 0.014492753089029415, "G21C": 0.02898550596209997, "E04B": 0.007246376544514708, "B05B": 0.014492753089029415, "F04F": 0.014492752945056843, "C10J": 0.028985506178058833, "A01C": 0.007246376544514708, "B04B": 0.007246376544514708, "A23K": 0.03623188257860099, "C09J": 0.014492753017043128, "B82Y": 0.014492752945056843, "F15B": 0.007246376544514708, "C07B": 0.007246376544514708, "C12Q": 0.014492752945056843, "G01B": 0.007246376472528422, "H05H": 0.007246376544514708, "C01F": 0.014492753089029415, "F16L": 0.007246376544514708, "F24F": 0.014492753089029415, "F28F": 0.014492753089029415, "C11D": 0.014492753089029415, "A01H": 0.01449275301704313, "F22B": 0.007246376544514708, "F23L": 0.00724637668848728, "B04C": 0.02173912963354413, "C09D": 0.02173912963354413, "G16Z": 0.007246376544514708, "E03C": 0.007246376544514708, "E01B": 0.007246376544514708, "C12R": 0.007246376544514708, "B60P": 0.014492753089029415, "F23K": 0.007246376544514708, "C08G": 0.007246376544514708, "B27N": 0.007246376544514708, "B22C": 0.007246376544514708, "C23F": 0.007246376544514708, "E04F": 0.014492753089029415, "D21H": 0.007246376544514708, "F24J": 0.007246376544514708, "F16K": 0.007246376544514708, "C12S": 0.007246376544514708, "B29K": 0.007246376544514708, "B22F": 0.007246376544514708, "B66F": 0.007246376544514708, "B24C": 0.007246376544514708, "D03D": 0.007246376544514708, "F28G": 0.007246376544514708, "A01D": 0.007246376328555871, "A62B": 0.007246376544514708, "C10K": 0.007246376400542136}