{"": 0.004830917874397277, "C12N": 0.10144927428254835, "D04H": 0.028985507030424837, "C09K": 0.05314009597049349, "B65B": 0.01932367120964399, "B03B": 0.01932367120964399, "B28C": 0.028985507102410997, "B01D": 0.5265700421904704, "C10J": 0.009661835604821995, "F16J": 0.004830917802411024, "F23J": 0.014492753479219272, "G21F": 0.15458937018105545, "A61L": 0.03381642468886328, "C02F": 0.48792270041905783, "G01N": 0.0869565209473017, "C08G": 0.014492753479219272, "E04G": 0.009661835604821995, "C01C": 0.004830917874397277, "B09B": 0.08695652080332916, "F01N": 0.028985506814465996, "B24C": 0.009661835604821995, "B01F": 0.10144927406658966, "B30B": 0.028985506814465996, "F27B": 0.004830917946383505, "E02D": 0.07729468498254838, "C04B": 0.12560386343857582, "F25B": 0.009661835676808273, "A61K": 0.009661835604821995, "B02C": 0.08212560300091826, "E21D": 0.05797101362893202, "C12Q": 0.02415458908404121, "E04B": 0.014492753479219272, "A23L": 0.014492753407232991, "A01H": 0.028985506814465996, "A62D": 0.04347826022169893, "B65G": 0.05314009597049355, "B66F": 0.004830917802410997, "E04H": 0.028985506958438552, "C01B": 0.05797101398886336, "B09C": 0.009661835676808273, "A23K": 0.01932367120964399, "B67D": 0.009661835604821995, "G01G": 0.009661835532835651, "C08J": 0.01932367113765771, "E02B": 0.03864734249127427, "B03C": 0.057971013772904596, "A01G": 0.07246376739609633, "C10B": 0.004830917874397277, "E01F": 0.004830917802410997, "C12P": 0.028985506886452274, "C07B": 0.004830917802410997, "F26B": 0.05797101384489083, "H01G": 0.01932367142560278, "A01K": 0.043478260293685206, "B01J": 0.14492753392835678, "E03F": 0.01932367128163027, "B28B": 0.024154589012054993, "B07B": 0.053140095898507274, "C05B": 0.014492753407232991, "C08L": 0.01932367120964399, "C23G": 0.009661835604821995, "E01C": 0.004830917802410997, "C05G": 0.024154589012054993, "C10L": 0.02415458908404127, "B29C": 0.014492753335246737, "F23G": 0.02898550703042478, "D06M": 0.01932367128163027, "B29B": 0.004830917874397277, "F28F": 0.004830917802410997, "A01N": 0.028985506886452274, "C05F": 0.014492753551205554, "C07C": 0.033816424760849555, "C22B": 0.03381642483283583, "C12M": 0.02415458908404127, "C11D": 0.014492753407232991, "G06F": 0.004830917802410997, "G01F": 0.009661835676808273, "C09D": 0.014492753335246737, "C08F": 0.009661835604821995, "B32B": 0.014492753623191832, "F16K": 0.004830917802410997, "E03C": 0.004830917802410997, "B03D": 0.01932367120964399, "G01M": 0.02898550695843853, "E04D": 0.004830917802410997, "A61P": 0.009661835676808273, "E02F": 0.02415458915602755, "H01M": 0.009661835604821995, "B61D": 0.004830917802410997, "F04F": 0.004830917802410997, "C01F": 0.004830917802410997, "E21C": 0.004830917802410997, "B63B": 0.019323671209643924, "F42D": 0.004830917874397277, "C10G": 0.004830917802410997, "F24H": 0.004830917802410997, "G21D": 0.004830917802410997, "B65D": 0.014492753551205554, "F28D": 0.004830917802410997, "E03B": 0.009661835604821995, "F28G": 0.004830917802410997, "B25D": 0.004830917802410997, "C07K": 0.009661835604821995, "G21C": 0.019323671281630272, "D03D": 0.01932367128163027, "C05C": 0.009661835676808273, "B04C": 0.009661835676808273, "B08B": 0.009661835676808273, "D06C": 0.004830917802410997, "B05D": 0.004830917802410997, "B22F": 0.004830917802410997, "F27D": 0.004830917730424742, "C12S": 0.004830917730424742, "F04C": 0.004830917802410997, "C08K": 0.009661835604821995, "A01B": 0.004830917802410997, "F23K": 0.004830917802410997, "D21H": 0.004830917802410997, "C11B": 0.004830917802410997, "F16L": 0.004830917802410997, "C09J": 0.009661835604821995, "G06Q": 0.009661835676808273, "E21B": 0.019323671353616435, "A61G": 0.004830917802410997, "F23B": 0.004830917802410997, "E01B": 0.004830917802410997, "B05C": 0.009661835604821995, "E21F": 0.004830917802410997, "B66C": 0.004830917802410997, "H04N": 0.004830917802410997, "G01S": 0.004830917802410997, "F41J": 0.004830917730424732, "F16B": 0.004830917802410997, "B07C": 0.004830917802410997, "A61Q": 0.004830917802410997, "F04B": 0.009661835604821995, "B29L": 0.004830917802410997, "B62B": 0.004830917874397277, "B63C": 0.004830917874397277, "B05B": 0.004830917802410997, "C01G": 0.004830917874397277, "A41B": 0.004830917802410997, "F16N": 0.004830917802410997}