{"": 0.007246376633542532, "C12N": 0.15217390822459873, "D04H": 0.04347825958529637, "C09K": 0.0797101423210913, "B65B": 0.028985506246225014, "B03B": 0.028985506246225014, "B28C": 0.04347825965728253, "B01D": 0.7898550468653199, "C10J": 0.014492753123112503, "F16J": 0.007246376561556279, "F23J": 0.02173912975665504, "G21F": 0.23188405061767617, "A61L": 0.05072463593089376, "C02F": 0.7318840352367034, "G01N": 0.1304347786119163, "C08G": 0.02173912975665504, "E04G": 0.014492753123112503, "C01C": 0.007246376633542532, "B09B": 0.13043477846794377, "F01N": 0.04347825936933753, "B24C": 0.014492753123112503, "B01F": 0.15217390800864003, "B30B": 0.043478259297351274, "F27B": 0.00724637670552876, "E02D": 0.11594202512887247, "C04B": 0.18840579110436623, "F25B": 0.014492753195098781, "A61K": 0.014492753123112503, "B02C": 0.1231884019063876, "E21D": 0.08695651873867509, "C12Q": 0.03623188287976749, "E04B": 0.02173912975665504, "A23L": 0.02173912968466876, "A01H": 0.04347825936933753, "A62D": 0.06521738905400623, "B65G": 0.07971014232109136, "B66F": 0.007246376561556252, "E04H": 0.04347825951331009, "C01B": 0.08695651902662017, "B09C": 0.014492753339071386, "A23K": 0.028985506246225014, "B67D": 0.014492753123112503, "G01G": 0.01449275305112616, "C08J": 0.02898550610225247, "E02B": 0.05797101256443632, "B03C": 0.08695651888264766, "A01G": 0.10869564871128887, "C10B": 0.007246376633542532, "E01F": 0.007246376561556252, "C12P": 0.04347825944132381, "C07B": 0.007246376561556252, "F26B": 0.08695651895463391, "H01G": 0.028985506462183803, "A01K": 0.06521738912599251, "B01J": 0.21739129670271445, "E03F": 0.028985506318211292, "B28B": 0.03623188280778127, "B07B": 0.07971014224910508, "C05B": 0.02173912968466876, "C08L": 0.028985506246225014, "C23G": 0.014492753123112503, "E01C": 0.007246376561556252, "C05G": 0.03623188280778127, "C10L": 0.036231882807781286, "B29C": 0.021739129612682505, "F23G": 0.04347825958529632, "D06M": 0.028985506318211292, "B29B": 0.007246376633542532, "F28F": 0.007246376561556252, "A01N": 0.04347825944132381, "C05F": 0.02173912982864132, "C07C": 0.05072463621883895, "C22B": 0.050724636146852624, "C12M": 0.036231883023740155, "C11D": 0.02173912968466876, "G06F": 0.007246376561556252, "G01F": 0.014492753195098781, "C09D": 0.021739129612682505, "C08F": 0.014492753123112503, "B32B": 0.0217391299006276, "F16K": 0.007246376561556252, "E03C": 0.007246376561556252, "B03D": 0.028985506246225014, "G01M": 0.043478259513310066, "E04D": 0.007246376561556252, "A61P": 0.014492753195098781, "E02F": 0.03623188295175383, "H01M": 0.014492753123112503, "B61D": 0.007246376561556252, "F04F": 0.007246376561556252, "C01F": 0.007246376561556252, "E21C": 0.007246376561556252, "B63B": 0.028985506246224948, "F42D": 0.007246376633542532, "C10G": 0.007246376561556252, "F24H": 0.007246376561556252, "G21D": 0.007246376561556252, "B65D": 0.02173912982864132, "F28D": 0.007246376561556252, "E03B": 0.014492753123112503, "F28G": 0.007246376489569949, "B25D": 0.007246376561556252, "C07K": 0.014492753123112503, "G21C": 0.028985506318211295, "D03D": 0.028985506318211292, "C05C": 0.014492753195098781, "B04C": 0.014492753195098781, "B08B": 0.014492753195098781, "D06C": 0.007246376561556252, "B05D": 0.007246376561556252, "B22F": 0.007246376561556252, "F27D": 0.007246376489569997, "C12S": 0.007246376489569997, "F04C": 0.007246376561556252, "C08K": 0.014492753123112503, "A01B": 0.007246376561556252, "F23K": 0.007246376561556252, "D21H": 0.007246376561556252, "C11B": 0.007246376561556252, "F16L": 0.007246376561556252, "C09J": 0.014492753123112503, "G06Q": 0.014492753051126222, "E21B": 0.02898550639019746, "A61G": 0.007246376561556252, "F23B": 0.007246376561556252, "E01B": 0.007246376561556252, "B05C": 0.014492753123112503, "E21F": 0.007246376489569992, "B66C": 0.007246376561556252, "H04N": 0.007246376561556252, "G01S": 0.007246376561556252, "F41J": 0.007246376489569987, "F16B": 0.007246376561556252, "B07C": 0.007246376561556252, "A61Q": 0.007246376561556252, "F04B": 0.014492753123112503, "B29L": 0.007246376561556252, "B62B": 0.007246376633542532, "B63C": 0.007246376633542532, "B05B": 0.007246376561556252, "C01G": 0.007246376633542532, "A41B": 0.007246376561556252, "F16N": 0.007246376561556252}