{"": 0.004830917696343126, "B01D": 0.5507246170951724, "B29C": 0.00966183539268625, "F42B": 0.004830917696343126, "C12N": 0.11594202449627622, "A01G": 0.07729468270957231, "E21B": 0.019323671001331356, "G01N": 0.15458936592304873, "B03B": 0.03381642387440188, "F41J": 0.00966183539268625, "F23G": 0.019323670785372497, "B01J": 0.1352656954256213, "E02D": 0.12560385981697614, "B09B": 0.09661835399884884, "B07B": 0.05314009458778806, "C02F": 0.42512075648634684, "C05B": 0.01449275323300195, "E03F": 0.014492753089029378, "G21F": 0.1690821190840644, "A61L": 0.028985506034086197, "C09K": 0.08212560069386059, "C04B": 0.09178743615853313, "C05F": 0.009661835248713679, "B28B": 0.04830917681945866, "E02B": 0.03381642394638817, "F23J": 0.019323670785372497, "B65G": 0.05314009458778806, "A01N": 0.03864734142677244, "F01N": 0.019323670785372497, "B30B": 0.014492753089029378, "B29B": 0.009661835320699976, "A61K": 0.019323670929345067, "B01F": 0.0966183537109037, "B28C": 0.024154588481715623, "B82B": 0.004830917696343126, "B08B": 0.014492752945056805, "C01B": 0.04830917696343123, "E03B": 0.014492753089029378, "B03D": 0.04347825905112927, "B03C": 0.07729468306950373, "C08L": 0.014492753089029378, "B32B": 0.028985505962099898, "E04G": 0.014492753089029378, "A61P": 0.00483091762435684, "A01P": 0.004830917696343126, "C22B": 0.028985506034086183, "C12P": 0.03864734149875872, "B02C": 0.06280193005246057, "G06F": 0.014492753089029378, "G06Q": 0.00966183539268625, "E02F": 0.028985506106072468, "H01G": 0.024154588337743053, "G01M": 0.03381642387440188, "B65F": 0.004830917696343126, "C10L": 0.019323670785372497, "C01C": 0.009661835248713679, "E01C": 0.02415458840972935, "F25B": 0.00966183539268625, "F16B": 0.004830917696343126, "B65D": 0.028985506106072468, "E21D": 0.03864734149875872, "C11C": 0.00966183539268625, "F26B": 0.04830917689144495, "C25C": 0.004830917696343126, "D04H": 0.024154588481715623, "G01K": 0.004830917696343126, "C08J": 0.019323670497427375, "B05D": 0.004830917696343126, "B63C": 0.004830917696343126, "C07C": 0.03381642387440188, "B63B": 0.024154588481715623, "H01M": 0.014492752945056805, "C25D": 0.004830917696343126, "B61D": 0.004830917696343126, "C08K": 0.00966183539268625, "C05G": 0.019323670785372497, "A62D": 0.04830917681945866, "B65B": 0.00966183539268625, "A01K": 0.03381642365844303, "C12M": 0.019323670785372497, "C25B": 0.00966183539268625, "A23L": 0.00966183539268625, "G21C": 0.019323670641399927, "E04B": 0.004830917696343126, "B05B": 0.00966183539268625, "F04F": 0.009661835248713679, "C10J": 0.019323670785372497, "A01C": 0.004830917696343126, "B04B": 0.004830917696343126, "A23K": 0.024154588337743053, "C09J": 0.009661835320699964, "B82Y": 0.009661835248713679, "F15B": 0.004830917696343126, "C07B": 0.004830917696343126, "C12Q": 0.009661835248713679, "G01B": 0.00483091762435684, "H05H": 0.004830917696343126, "C01F": 0.00966183539268625, "F16L": 0.004830917696343126, "F24F": 0.00966183539268625, "F28F": 0.00966183539268625, "C11D": 0.00966183539268625, "A01H": 0.009661835320699965, "F22B": 0.004830917696343126, "F23L": 0.004830917840315698, "B04C": 0.014492753089029378, "C09D": 0.014492753089029378, "G16Z": 0.004830917696343126, "E03C": 0.004830917696343126, "E01B": 0.004830917696343126, "C12R": 0.004830917696343126, "B60P": 0.00966183539268625, "F23K": 0.004830917696343126, "C08G": 0.004830917696343126, "B27N": 0.004830917696343126, "B22C": 0.004830917696343126, "C23F": 0.004830917696343126, "E04F": 0.00966183539268625, "D21H": 0.004830917696343126, "F24J": 0.004830917696343126, "F16K": 0.004830917696343126, "C12S": 0.004830917696343126, "B29K": 0.004830917696343126, "B22F": 0.004830917696343126, "B66F": 0.004830917696343126, "B24C": 0.004830917696343126, "D03D": 0.004830917696343126, "F28G": 0.004830917696343126, "A01D": 0.004830917480384289, "A62B": 0.004830917696343126, "C10K": 0.0048309175523705535}