{"": 0.00362318876190421, "C12N": 0.07608696292019407, "D04H": 0.02173913235546643, "C09K": 0.03985507573306974, "B65B": 0.014492754759671718, "B03B": 0.014492754759671718, "B28C": 0.02173913242745259, "B01D": 0.3949275690726981, "C10J": 0.007246377379835859, "F16J": 0.003623188689917956, "F23J": 0.010869566141740068, "G21F": 0.11594203858127748, "A61L": 0.0253623209014118, "C02F": 0.3659420601292449, "G01N": 0.06521739677845406, "C08G": 0.010869566141740068, "E04G": 0.007246377379835859, "C01C": 0.00362318876190421, "B09B": 0.06521739677845406, "F01N": 0.021739132139507587, "B24C": 0.007246377379835859, "B01F": 0.0760869628482079, "B30B": 0.021739132139507587, "F27B": 0.003623188833890438, "E02D": 0.05797101918265938, "C04B": 0.09420290651375622, "F25B": 0.007246377451822139, "A61K": 0.007246377379835859, "B02C": 0.061594208160522475, "E21D": 0.0434782642790152, "C12Q": 0.018115943521575868, "E04B": 0.010869566141740068, "A23L": 0.010869566069753788, "A01H": 0.021739132139507587, "A62D": 0.032608698209261315, "B65G": 0.0398550757330698, "B66F": 0.0036231886899179295, "E04H": 0.021739132283480143, "C01B": 0.043478264494974016, "B09C": 0.007246377451822139, "A23K": 0.014492754759671718, "B67D": 0.007246377379835859, "G01G": 0.007246377307849515, "C08J": 0.014492754687685436, "E02B": 0.028985509591329728, "B03C": 0.043478264494974043, "A01G": 0.05434783070870037, "C10B": 0.00362318876190421, "E01F": 0.0036231886899179295, "C12P": 0.021739132211493865, "C07B": 0.0036231886899179295, "F26B": 0.043478264494974016, "H01G": 0.014492754975630507, "A01K": 0.03260869828124759, "B01J": 0.10869566055356494, "E03F": 0.014492754831657998, "B28B": 0.018115943449589653, "B07B": 0.039855075661083525, "C05B": 0.010869566069753788, "C08L": 0.014492754759671718, "C23G": 0.007246377379835859, "E01C": 0.0036231886899179295, "C05G": 0.018115943449589653, "C10L": 0.01811594352157593, "B29C": 0.010869565997767535, "F23G": 0.021739132355466373, "D06M": 0.014492754831657998, "B29B": 0.00362318876190421, "F28F": 0.0036231886899179295, "A01N": 0.021739132211493865, "C05F": 0.01086956621372635, "C07C": 0.025362320973398078, "C22B": 0.025362321045384356, "C12M": 0.01811594352157593, "C11D": 0.010869566069753788, "G06F": 0.0036231886899179295, "G01F": 0.007246377451822139, "C09D": 0.010869565997767535, "C08F": 0.007246377379835859, "B32B": 0.01086956628571263, "F16K": 0.0036231886899179295, "E03C": 0.0036231886899179295, "B03D": 0.014492754759671718, "G01M": 0.021739132283480123, "E04D": 0.0036231886899179295, "A61P": 0.007246377451822139, "E02F": 0.01811594359356221, "H01M": 0.007246377379835859, "B61D": 0.0036231886899179295, "F04F": 0.0036231886899179295, "C01F": 0.0036231886899179295, "E21C": 0.0036231886899179295, "B63B": 0.014492754759671654, "F42D": 0.00362318876190421, "C10G": 0.0036231886899179295, "F24H": 0.0036231886899179295, "G21D": 0.0036231886899179295, "B65D": 0.01086956621372635, "F28D": 0.0036231886899179295, "E03B": 0.007246377379835859, "F28G": 0.0036231886899179295, "B25D": 0.0036231886899179295, "C07K": 0.007246377379835859, "G21C": 0.014492754831658, "D03D": 0.014492754831657998, "C05C": 0.007246377451822139, "B04C": 0.007246377451822139, "B08B": 0.007246377451822139, "D06C": 0.0036231886899179295, "B05D": 0.0036231886899179295, "B22F": 0.0036231886899179295, "F27D": 0.0036231886179316753, "C12S": 0.0036231886179316753, "F04C": 0.0036231886899179295, "C08K": 0.007246377379835859, "A01B": 0.0036231886899179295, "F23K": 0.0036231886899179295, "D21H": 0.0036231886899179295, "C11B": 0.0036231886899179295, "F16L": 0.0036231886899179295, "C09J": 0.007246377379835859, "G06Q": 0.007246377451822139, "E21B": 0.014492754903644163, "A61G": 0.0036231886899179295, "F23B": 0.0036231886899179295, "E01B": 0.0036231886899179295, "B05C": 0.007246377379835859, "E21F": 0.0036231886899179295, "B66C": 0.0036231886899179295, "H04N": 0.0036231886899179295, "G01S": 0.0036231886899179295, "F41J": 0.0036231886899179295, "F16B": 0.0036231886899179295, "B07C": 0.0036231886899179295, "A61Q": 0.0036231886899179295, "F04B": 0.007246377379835859, "B29L": 0.0036231886899179295, "B62B": 0.00362318876190421, "B63C": 0.00362318876190421, "B05B": 0.0036231886899179295, "C01G": 0.00362318876190421, "A41B": 0.0036231886899179295, "F16N": 0.0036231886899179295}