{"": 0.006038646897863886, "C12N": 0.12681158377534713, "D04H": 0.036231881171224486, "C09K": 0.06642511522862618, "B65B": 0.024154587303510423, "B03B": 0.024154587303510423, "B28C": 0.03623188124321065, "B01D": 0.6582125056763504, "C10J": 0.012077293651755212, "F16J": 0.006038646825877632, "F23J": 0.018115940549619097, "G21F": 0.19323669907595944, "A61L": 0.042270527853129534, "C02F": 0.6099033317891902, "G01N": 0.10869564336970065, "C08G": 0.018115940549619097, "E04G": 0.012077293651755212, "C01C": 0.006038646897863886, "B09B": 0.10869564322572811, "F01N": 0.036231880955265645, "B24C": 0.012077293651755212, "B01F": 0.12681158355938843, "B30B": 0.03623188088327939, "F27B": 0.006038646969850113, "E02D": 0.09661834935801411, "C04B": 0.1570048179767214, "F25B": 0.01207729372374149, "A61K": 0.012077293651755212, "B02C": 0.1026569963998506, "E21D": 0.07246376191053132, "C12Q": 0.03019323420137425, "E04B": 0.018115940549619097, "A23L": 0.018115940477632816, "A01H": 0.036231880955265645, "A62D": 0.0543478214328984, "B65G": 0.06642511522862624, "B66F": 0.006038646825877605, "E04H": 0.0362318810992382, "C01B": 0.0724637621984764, "B09C": 0.01207729372374149, "A23K": 0.024154587303510423, "B67D": 0.012077293651755212, "G01G": 0.012077293579768868, "C08J": 0.02415458715953788, "E02B": 0.04830917467900714, "B03C": 0.07246376205450389, "A01G": 0.09057970274809546, "C10B": 0.006038646897863886, "E01F": 0.006038646825877605, "C12P": 0.03623188102725192, "C07B": 0.006038646825877605, "F26B": 0.07246376212649014, "H01G": 0.024154587519469212, "A01K": 0.05434782150488468, "B01J": 0.18115940463235503, "E03F": 0.0241545873754967, "B28B": 0.030193234129388034, "B07B": 0.06642511515663996, "C05B": 0.018115940477632816, "C08L": 0.024154587303510423, "C23G": 0.012077293651755212, "E01C": 0.006038646825877605, "C05G": 0.030193234129388034, "C10L": 0.03019323412938805, "B29C": 0.018115940405646562, "F23G": 0.03623188117122443, "D06M": 0.0241545873754967, "B29B": 0.006038646897863886, "F28F": 0.006038646825877605, "A01N": 0.03623188102725192, "C05F": 0.01811594062160538, "C07C": 0.04227052792511581, "C22B": 0.04227052799710209, "C12M": 0.030193234201374312, "C11D": 0.018115940477632816, "G06F": 0.006038646825877605, "G01F": 0.01207729372374149, "C09D": 0.018115940405646562, "C08F": 0.012077293651755212, "B32B": 0.018115940693591657, "F16K": 0.006038646825877605, "E03C": 0.006038646825877605, "B03D": 0.024154587303510423, "G01M": 0.03623188109923818, "E04D": 0.006038646825877605, "A61P": 0.01207729372374149, "E02F": 0.03019323427336059, "H01M": 0.012077293651755212, "B61D": 0.006038646825877605, "F04F": 0.006038646825877605, "C01F": 0.006038646825877605, "E21C": 0.006038646825877605, "B63B": 0.024154587303510357, "F42D": 0.006038646897863886, "C10G": 0.006038646825877605, "F24H": 0.006038646825877605, "G21D": 0.006038646825877605, "B65D": 0.01811594062160538, "F28D": 0.006038646825877605, "E03B": 0.012077293651755212, "F28G": 0.006038646825877605, "B25D": 0.006038646825877605, "C07K": 0.012077293651755212, "G21C": 0.024154587375496705, "D03D": 0.0241545873754967, "C05C": 0.01207729372374149, "B04C": 0.01207729372374149, "B08B": 0.01207729372374149, "D06C": 0.006038646825877605, "B05D": 0.006038646825877605, "B22F": 0.006038646825877605, "F27D": 0.00603864675389135, "C12S": 0.00603864675389135, "F04C": 0.006038646825877605, "C08K": 0.012077293651755212, "A01B": 0.006038646825877605, "F23K": 0.006038646825877605, "D21H": 0.006038646825877605, "C11B": 0.006038646825877605, "F16L": 0.006038646825877605, "C09J": 0.012077293651755212, "G06Q": 0.01207729365175523, "E21B": 0.02415458744748287, "A61G": 0.006038646825877605, "F23B": 0.006038646825877605, "E01B": 0.006038646825877605, "B05C": 0.012077293651755212, "E21F": 0.006038646753891345, "B66C": 0.006038646825877605, "H04N": 0.006038646825877605, "G01S": 0.006038646825877605, "F41J": 0.00603864675389134, "F16B": 0.006038646825877605, "B07C": 0.006038646825877605, "A61Q": 0.006038646825877605, "F04B": 0.012077293651755212, "B29L": 0.006038646825877605, "B62B": 0.006038646897863886, "B63C": 0.006038646897863886, "B05B": 0.006038646825877605, "C01G": 0.006038646897863886, "A41B": 0.006038646825877605, "F16N": 0.006038646825877605}