{"": 0.0024154589371980675, "B01D": 0.2753623184086628, "B29C": 0.004830917874396135, "F42B": 0.0024154589371980675, "C12N": 0.05797101442076728, "A01G": 0.03864734256325134, "E21B": 0.009661835964751129, "G01N": 0.07729468577437931, "B03B": 0.016908212560386472, "F41J": 0.004830917874396135, "F23G": 0.00966183574879227, "B01J": 0.06763285016955958, "E02D": 0.06280193215119084, "B09B": 0.0483091788159476, "B07B": 0.026570048237192445, "C02F": 0.2125603859695265, "C05B": 0.007246376955566775, "E03F": 0.007246376811594203, "G21F": 0.08454106251398724, "A61L": 0.014492753623188406, "C09K": 0.04106280171640826, "C04B": 0.04589371973477696, "C05F": 0.004830917730423563, "B28B": 0.024154589228008096, "E02B": 0.016908212488400187, "F23J": 0.00966183574879227, "B65G": 0.026570048237192445, "A01N": 0.01932367142559825, "F01N": 0.00966183574879227, "B30B": 0.007246376811594203, "B29B": 0.004830917874396135, "A61K": 0.009661835892764842, "B01F": 0.04830917859998874, "B28C": 0.012077294685990338, "B82B": 0.0024154589371980675, "B08B": 0.00724637666762163, "C01B": 0.024154589371980666, "E03B": 0.007246376811594203, "B03D": 0.02173913029081003, "B03C": 0.03864734292318277, "C08L": 0.007246376811594203, "B32B": 0.014492753479215834, "E04G": 0.007246376811594203, "A61P": 0.0024154588652117817, "A01P": 0.0024154589371980675, "C22B": 0.014492753479215834, "C12P": 0.019323671497584537, "B02C": 0.03140096618357486, "G06F": 0.007246376811594203, "G06Q": 0.004830917874396135, "E02F": 0.014492753551202121, "H01G": 0.012077294542017766, "G01M": 0.016908212560386472, "B65F": 0.0024154589371980675, "C10L": 0.00966183574879227, "C01C": 0.004830917802409849, "E01C": 0.012077294685990338, "F25B": 0.004830917874396135, "F16B": 0.0024154589371980675, "B65D": 0.01449275355120212, "E21D": 0.01932367142559825, "C11C": 0.004830917874396135, "F26B": 0.02415458929999438, "C25C": 0.0024154589371980675, "D04H": 0.012077294685990338, "G01K": 0.0024154589371980675, "C08J": 0.009661835604819698, "B05D": 0.0024154589371980675, "B63C": 0.0024154589371980675, "C07C": 0.016908212560386472, "B63B": 0.012077294685990338, "H01M": 0.00724637666762163, "C25D": 0.0024154589371980675, "B61D": 0.0024154589371980675, "C08K": 0.004830917874396135, "C05G": 0.00966183574879227, "A62D": 0.024154589228008096, "B65B": 0.004830917874396135, "A01K": 0.0169082124164139, "C12M": 0.00966183574879227, "C25B": 0.004830917874396135, "A23L": 0.004830917874396135, "G21C": 0.00966183574879227, "E04B": 0.0024154589371980675, "B05B": 0.004830917874396135, "F04F": 0.0048309177304235625, "C10J": 0.00966183574879227, "A01C": 0.0024154589371980675, "B04B": 0.0024154589371980675, "A23K": 0.012077294542017766, "C09J": 0.004830917874396135, "B82Y": 0.004830917730423563, "F15B": 0.0024154589371980675, "C07B": 0.0024154589371980675, "C12Q": 0.0048309177304235625, "G01B": 0.0024154588652117817, "H05H": 0.0024154589371980675, "C01F": 0.004830917874396135, "F16L": 0.0024154589371980675, "F24F": 0.004830917874396135, "F28F": 0.004830917874396135, "C11D": 0.004830917874396135, "A01H": 0.004830917802409849, "F22B": 0.0024154589371980675, "F23L": 0.0024154590811706397, "B04C": 0.007246376811594203, "C09D": 0.007246376811594203, "G16Z": 0.0024154589371980675, "E03C": 0.0024154589371980675, "E01B": 0.0024154589371980675, "C12R": 0.0024154589371980675, "B60P": 0.004830917874396135, "F23K": 0.0024154589371980675, "C08G": 0.0024154589371980675, "B27N": 0.0024154589371980675, "B22C": 0.0024154589371980675, "C23F": 0.0024154589371980675, "E04F": 0.004830917874396135, "D21H": 0.0024154589371980675, "F24J": 0.0024154589371980675, "F16K": 0.0024154589371980675, "C12S": 0.0024154589371980675, "B29K": 0.0024154589371980675, "B22F": 0.0024154589371980675, "B66F": 0.0024154589371980675, "B24C": 0.0024154589371980675, "D03D": 0.0024154589371980675, "F28G": 0.0024154589371980675, "A01D": 0.0024154588652117817, "A62B": 0.0024154589371980675, "C10K": 0.0024154587932254954}