{"": 0.008454106102140266, "B01D": 0.9637680949241386, "B29C": 0.016908212204280532, "F42B": 0.008454106102140266, "C12N": 0.2028985461634208, "A01G": 0.1352656972023265, "E21B": 0.033816424624519933, "G01N": 0.2705313948365702, "B03B": 0.0591787427149819, "F41J": 0.016908212204280532, "F23G": 0.03381642433657478, "B01J": 0.23671497057198174, "E02D": 0.2198067584396875, "B09B": 0.16908212182684612, "B07B": 0.09299516697957039, "C02F": 0.7439613357645852, "C05B": 0.025362318450393374, "E03F": 0.025362318306420804, "G21F": 0.29589371321497726, "A61L": 0.05072463646886907, "C09K": 0.14371980344843927, "C04B": 0.16062801586867848, "C05F": 0.01690821206030796, "B28B": 0.08454106080544382, "E02B": 0.059178742786968185, "F23J": 0.03381642440856107, "B65G": 0.09299516697957037, "A01N": 0.0676328486731496, "F01N": 0.03381642440856107, "B30B": 0.025362318306420804, "B29B": 0.016908212060307983, "A61K": 0.03381642455253364, "B01F": 0.16908212168287354, "B28C": 0.04227053043871507, "B82B": 0.008454106102140266, "B08B": 0.02536231816244823, "C01B": 0.08454106102140269, "E03B": 0.025362318306420804, "B03D": 0.07608695470330358, "B03C": 0.13526569756225792, "C08L": 0.025362318306420804, "B32B": 0.05072463632489648, "E04G": 0.025362318306420804, "A61P": 0.008454106030153981, "A01P": 0.008454106102140266, "C22B": 0.05072463646886906, "C12P": 0.06763284874513588, "B02C": 0.1099033790398783, "G06F": 0.025362318234434512, "G06Q": 0.016908212204280532, "E02F": 0.05072463654085534, "H01G": 0.042270530294742516, "G01M": 0.0591787427149819, "B65F": 0.008454106102140266, "C10L": 0.03381642440856107, "C01C": 0.01690821206030796, "E01C": 0.04227053043871509, "F25B": 0.016908212204280532, "F16B": 0.008454106102140266, "B65D": 0.05072463654085534, "E21D": 0.06763284874513588, "C11C": 0.016908212132294258, "F26B": 0.0845410609494164, "C25C": 0.008454106102140266, "D04H": 0.042270530510701364, "G01K": 0.008454106102140266, "C08J": 0.03381642412061595, "B05D": 0.008454106102140266, "B63C": 0.008454106102140266, "C07C": 0.0591787427149819, "B63B": 0.042270530510701364, "H01M": 0.02536231816244823, "C25D": 0.008454106102140266, "B61D": 0.008454106102140266, "C08K": 0.016908212204280532, "C05G": 0.03381642440856107, "A62D": 0.08454106080544382, "B65B": 0.016908212204280532, "A01K": 0.05917874228306417, "C12M": 0.03381642440856107, "C25B": 0.016908212204280532, "A23L": 0.016908212204280532, "G21C": 0.03381642419260221, "E04B": 0.008454106102140266, "B05B": 0.016908212204280532, "F04F": 0.01690821206030796, "C10J": 0.03381642440856107, "A01C": 0.008454106102140266, "B04B": 0.008454106102140266, "A23K": 0.042270530366728794, "C09J": 0.016908212132294244, "B82Y": 0.01690821206030796, "F15B": 0.008454106102140266, "C07B": 0.008454106102140266, "C12Q": 0.01690821206030796, "G01B": 0.008454106030153981, "H05H": 0.008454106102140266, "C01F": 0.016908212204280532, "F16L": 0.008454106102140266, "F24F": 0.016908212204280532, "F28F": 0.01690821213229424, "C11D": 0.016908212204280532, "A01H": 0.016908212132294247, "F22B": 0.008454106102140266, "F23L": 0.008454106246112838, "B04C": 0.025362318306420804, "C09D": 0.025362318306420804, "G16Z": 0.008454106102140266, "E03C": 0.008454106102140266, "E01B": 0.008454106102140266, "C12R": 0.008454106102140266, "B60P": 0.016908212204280532, "F23K": 0.008454106102140266, "C08G": 0.008454106102140266, "B27N": 0.008454106102140266, "B22C": 0.008454106102140266, "C23F": 0.008454106102140266, "E04F": 0.016908212204280532, "D21H": 0.008454106102140266, "F24J": 0.008454106102140266, "F16K": 0.008454106102140266, "C12S": 0.008454106102140266, "B29K": 0.008454106102140266, "B22F": 0.008454106102140266, "B66F": 0.008454106102140266, "B24C": 0.008454106102140266, "D03D": 0.008454106102140266, "F28G": 0.008454106102140266, "A01D": 0.00845410588618143, "A62B": 0.008454106102140266, "C10K": 0.008454105958167694}