{"": 0.0012077294685990338, "B01D": 0.1376811589883724, "B29C": 0.0024154589371980675, "F42B": 0.0012077294685990338, "C12N": 0.02898550717439051, "A01G": 0.019323671353611963, "E21B": 0.004830917802409849, "G01N": 0.03864734299516905, "B03B": 0.008454106280193236, "F41J": 0.0024154589371980675, "F23G": 0.004830917874396135, "B01J": 0.03381642490481407, "E02D": 0.031400966111588574, "B09B": 0.024154589299994377, "B07B": 0.013285024154589372, "C02F": 0.10628019294876996, "C05B": 0.003623188405797101, "E03F": 0.003623188405797101, "G21F": 0.042270531185007294, "A61L": 0.007246376811594203, "C09K": 0.020531400894197284, "C04B": 0.02294685983139535, "C05F": 0.0024154589371980675, "B28B": 0.012077294614004053, "E02B": 0.008454106208206951, "F23J": 0.004830917874396135, "B65G": 0.013285024082603087, "A01N": 0.009661835676805985, "F01N": 0.004830917874396135, "B30B": 0.003623188405797101, "B29B": 0.0024154589371980675, "A61K": 0.004830917874396135, "B01F": 0.024154589371980666, "B28C": 0.006038647342995169, "B82B": 0.0012077294685990338, "B08B": 0.003623188405797101, "C01B": 0.012077294685990338, "E03B": 0.003623188405797101, "B03D": 0.010869565073418732, "B03C": 0.019323671497584537, "C08L": 0.003623188405797101, "B32B": 0.007246376667621631, "E04G": 0.003623188405797101, "A61P": 0.0012077294685990338, "A01P": 0.0012077294685990338, "C22B": 0.00724637666762163, "C12P": 0.00966183574879227, "B02C": 0.01570048309178744, "G06F": 0.003623188405797101, "G06Q": 0.0024154589371980675, "E02F": 0.007246376739607917, "H01G": 0.006038647342995169, "G01M": 0.008454106280193236, "B65F": 0.0012077294685990338, "C10L": 0.004830917874396135, "C01C": 0.0024154589371980675, "E01C": 0.006038647342995169, "F25B": 0.0024154589371980675, "F16B": 0.0012077294685990338, "B65D": 0.007246376811594203, "E21D": 0.009661835676805985, "C11C": 0.0024154589371980675, "F26B": 0.012077294685990338, "C25C": 0.0012077294685990338, "D04H": 0.006038647342995169, "G01K": 0.0012077294685990338, "C08J": 0.004830917802409849, "B05D": 0.0012077294685990338, "B63C": 0.0012077294685990338, "C07C": 0.008454106280193236, "B63B": 0.006038647342995169, "H01M": 0.003623188405797101, "C25D": 0.0012077294685990338, "B61D": 0.0012077294685990338, "C08K": 0.0024154589371980675, "C05G": 0.004830917874396135, "A62D": 0.012077294685990338, "B65B": 0.0024154589371980675, "A01K": 0.008454106208206951, "C12M": 0.004830917874396135, "C25B": 0.0024154589371980675, "A23L": 0.0024154589371980675, "G21C": 0.004830917874396135, "E04B": 0.0012077294685990338, "B05B": 0.0024154589371980675, "F04F": 0.0024154589371980675, "C10J": 0.004830917874396135, "A01C": 0.0012077294685990338, "B04B": 0.0012077294685990338, "A23K": 0.006038647342995169, "C09J": 0.0024154589371980675, "B82Y": 0.0024154589371980675, "F15B": 0.0012077294685990338, "C07B": 0.0012077294685990338, "C12Q": 0.0024154589371980675, "G01B": 0.0012077294685990338, "H05H": 0.0012077294685990338, "C01F": 0.0024154589371980675, "F16L": 0.0012077294685990338, "F24F": 0.0024154589371980675, "F28F": 0.0024154589371980675, "C11D": 0.0024154589371980675, "A01H": 0.0024154589371980675, "F22B": 0.0012077294685990338, "F23L": 0.0012077294685990338, "B04C": 0.003623188405797101, "C09D": 0.003623188405797101, "G16Z": 0.0012077294685990338, "E03C": 0.0012077294685990338, "E01B": 0.0012077294685990338, "C12R": 0.0012077294685990338, "B60P": 0.0024154589371980675, "F23K": 0.0012077294685990338, "C08G": 0.0012077294685990338, "B27N": 0.0012077294685990338, "B22C": 0.0012077294685990338, "C23F": 0.0012077294685990338, "E04F": 0.0024154589371980675, "D21H": 0.0012077294685990338, "F24J": 0.0012077294685990338, "F16K": 0.0012077294685990338, "C12S": 0.0012077294685990338, "B29K": 0.0012077294685990338, "B22F": 0.0012077294685990338, "B66F": 0.0012077294685990338, "B24C": 0.0012077294685990338, "D03D": 0.0012077294685990338, "F28G": 0.0012077294685990338, "A01D": 0.0012077294685990338, "A62B": 0.0012077294685990338, "C10K": 0.0012077294685990338}