{"": 0.003623188227744092, "B01D": 0.41304345767488193, "B29C": 0.007246376455488183, "F42B": 0.003623188227744092, "C12N": 0.08695651724989928, "A01G": 0.0579710112119877, "E21B": 0.014492753126935225, "G01N": 0.11594202299986575, "B03B": 0.025362317594208653, "F41J": 0.007246376455488183, "F23G": 0.014492752910976367, "B01J": 0.10144927030484821, "E02D": 0.09420289370538742, "B09B": 0.07246376462686806, "B07B": 0.039855070433198705, "C02F": 0.3188405633216177, "C05B": 0.010869564827204848, "E03F": 0.010869564683232276, "G21F": 0.12681158753912547, "A61L": 0.021739129222492003, "C09K": 0.06159419965569064, "C04B": 0.06884057625515139, "C05F": 0.007246376311515612, "B28B": 0.03623188213346834, "E02B": 0.02536231752222237, "F23J": 0.014492752910976367, "B65G": 0.039855070433198705, "A01N": 0.02898550567798018, "F01N": 0.014492752910976367, "B30B": 0.010869564683232276, "B29B": 0.007246376383501908, "A61K": 0.014492753054948938, "B01F": 0.07246376433892292, "B28C": 0.018115941138720462, "B82B": 0.003623188227744092, "B08B": 0.010869564539259703, "C01B": 0.03623188227744091, "E03B": 0.010869564683232276, "B03D": 0.03260869383373798, "B03C": 0.057971011571919126, "C08L": 0.010869564683232276, "B32B": 0.02173912922249199, "E04G": 0.010869564683232276, "A61P": 0.0036231881557578062, "A01P": 0.003623188227744092, "C22B": 0.02173912922249199, "C12P": 0.028985505821952744, "B02C": 0.04710144696067315, "G06F": 0.010869564683232276, "G06Q": 0.007246376455488183, "E02F": 0.021739129294478274, "H01G": 0.018115940994747892, "G01M": 0.025362317594208653, "B65F": 0.003623188227744092, "C10L": 0.014492752910976367, "C01C": 0.0072463763835018975, "E01C": 0.018115941066734188, "F25B": 0.007246376455488183, "F16B": 0.003623188227744092, "B65D": 0.021739129294478274, "E21D": 0.02898550574996646, "C11C": 0.007246376455488183, "F26B": 0.036231882205454626, "C25C": 0.003623188227744092, "D04H": 0.018115941138720462, "G01K": 0.003623188227744092, "C08J": 0.014492752623031246, "B05D": 0.003623188227744092, "B63C": 0.003623188227744092, "C07C": 0.025362317594208653, "B63B": 0.018115941138720462, "H01M": 0.010869564539259703, "C25D": 0.003623188227744092, "B61D": 0.003623188227744092, "C08K": 0.007246376455488183, "C05G": 0.014492752910976367, "A62D": 0.03623188213346834, "B65B": 0.007246376455488183, "A01K": 0.025362317378249802, "C12M": 0.014492752910976367, "C25B": 0.007246376455488183, "A23L": 0.007246376455488183, "G21C": 0.014492752910976367, "E04B": 0.003623188227744092, "B05B": 0.007246376455488183, "F04F": 0.007246376311515611, "C10J": 0.014492752910976367, "A01C": 0.003623188227744092, "B04B": 0.003623188227744092, "A23K": 0.018115940994747892, "C09J": 0.007246376455488183, "B82Y": 0.007246376311515612, "F15B": 0.003623188227744092, "C07B": 0.003623188227744092, "C12Q": 0.007246376311515611, "G01B": 0.0036231881557578062, "H05H": 0.003623188227744092, "C01F": 0.007246376455488183, "F16L": 0.003623188227744092, "F24F": 0.007246376455488183, "F28F": 0.007246376455488183, "C11D": 0.007246376455488183, "A01H": 0.0072463763835018975, "F22B": 0.003623188227744092, "F23L": 0.003623188371716664, "B04C": 0.010869564683232276, "C09D": 0.010869564683232276, "G16Z": 0.003623188227744092, "E03C": 0.003623188227744092, "E01B": 0.003623188227744092, "C12R": 0.003623188227744092, "B60P": 0.007246376455488183, "F23K": 0.003623188227744092, "C08G": 0.003623188227744092, "B27N": 0.003623188227744092, "B22C": 0.003623188227744092, "C23F": 0.003623188227744092, "E04F": 0.007246376455488183, "D21H": 0.003623188227744092, "F24J": 0.003623188227744092, "F16K": 0.003623188227744092, "C12S": 0.003623188227744092, "B29K": 0.003623188227744092, "B22F": 0.003623188227744092, "B66F": 0.003623188227744092, "B24C": 0.003623188227744092, "D03D": 0.003623188227744092, "F28G": 0.003623188227744092, "A01D": 0.0036231880117852553, "A62B": 0.003623188227744092, "C10K": 0.0036231880837715195}