{"": 0.004474272777915154, "E03D": 0.008948545555830308, "F16F": 0.2639820930969316, "E04B": 0.5324384596384975, "E04F": 0.05816554597955333, "H01Q": 0.004474272777915154, "C09J": 0.008948545555830308, "E01B": 0.008948545555830308, "F24F": 0.02684563666749093, "G01B": 0.017897091111660615, "E04H": 0.12527963738159312, "F16B": 0.044742727512464116, "E05D": 0.004474272777915154, "G21C": 0.013422818333745461, "A47B": 0.013422818200401719, "B64G": 0.008948545555830308, "E02D": 0.035794182223321244, "G05B": 0.013422818333745461, "B29C": 0.013422818333745461, "G01M": 0.022371363889575772, "C22C": 0.013422818333745461, "E04G": 0.035794182223321244, "E01D": 0.0402684550012364, "F16L": 0.0850111827803879, "H02G": 0.02684563666749093, "E04C": 0.02684563666749093, "H05K": 0.004474272777915154, "E06B": 0.022371363889575772, "F16H": 0.017897091111660615, "B66C": 0.008948545555830308, "G03F": 0.004474272777915154, "G01K": 0.013422818200401719, "H01L": 0.02684563666749093, "G01D": 0.004474272777915154, "H01R": 0.022371363889575772, "F16C": 0.017897090978316876, "B28D": 0.004474272777915154, "F04B": 0.004474272777915154, "H02N": 0.017897091111660615, "B65G": 0.03131990944540609, "A47K": 0.004474272777915154, "H02S": 0.008948545555830308, "E05F": 0.004474272777915154, "G06K": 0.004474272777915154, "B08B": 0.008948545555830308, "E04D": 0.008948545555830308, "G01N": 0.013422818333745461, "B63B": 0.017897091111660615, "B22D": 0.004474272777915154, "F16K": 0.017897091111660615, "F16M": 0.004474272777915154, "F21V": 0.013422818333745461, "C10N": 0.004474272777915154, "B64F": 0.004474272777915154, "H04Q": 0.004474272777915154, "A63C": 0.008948545555830308, "E03C": 0.03131990931206235, "B66B": 0.013422818333745461, "A62C": 0.013422818333745461, "B29K": 0.004474272777915154, "C02F": 0.004474272777915154, "F16J": 0.004474272777915154, "C01F": 0.004474272777915154, "F25B": 0.004474272777915154, "G21F": 0.008948545555830308, "B09B": 0.004474272777915154, "B60M": 0.004474272777915154, "H01J": 0.004474272777915154, "B60B": 0.008948545555830308, "C10M": 0.004474272777915154, "G01H": 0.004474272777915154, "F16G": 0.004474272777915154, "B63C": 0.004474272777915154, "H04R": 0.004474272777915154, "H01B": 0.004474272777915154, "F21S": 0.017897091111660615, "C21B": 0.004474272644571457, "B66F": 0.008948545555830308, "A62B": 0.004474272777915154, "G09F": 0.004474272777915154, "E21D": 0.004474272777915154, "C21D": 0.004474272777915154, "B60G": 0.004474272777915154, "B60R": 0.004474272777915154, "F15B": 0.004474272777915154, "E03B": 0.004474272777915154}