{"": 0.007159904186948401, "A62B": 0.021479712560845205, "H05B": 0.021479712560845205, "E04H": 0.0357995207924875, "B03C": 0.05011932916638429, "F24F": 0.5871121427607524, "B01D": 0.23627683760027898, "F25D": 0.071599041869484, "E04F": 0.0357995207924875, "F24H": 0.057279233495587216, "A47B": 0.04295942512169041, "E04B": 0.1217183710358682, "G06N": 0.007159904186948401, "F01N": 0.014319808373896802, "D06M": 0.014319808373896802, "A61L": 0.08591885024338076, "F25B": 0.13603817955201952, "F04D": 0.028639616747793608, "E05F": 0.028639616747793608, "G07B": 0.007159904186948401, "B05C": 0.007159904044693879, "B01J": 0.057279233637841744, "B01L": 0.028639616605539098, "E06B": 0.028639616747793608, "C02F": 0.028639616747793608, "G10K": 0.014319808373896802, "G01V": 0.03579952093474201, "A45B": 0.007159904186948401, "H10K": 0.007159904186948401, "A62C": 0.050119329166384306, "G01N": 0.05011932930863881, "F24S": 0.0572792333533327, "F23G": 0.007159904186948401, "G01F": 0.014319808373896802, "C09D": 0.014319808373896802, "A47C": 0.028639616747793608, "H01M": 0.014319808373896802, "F25C": 0.03579952093474201, "H01F": 0.014319808373896802, "F28F": 0.021479712560845205, "G06F": 0.021479712560845205, "B65G": 0.04295942512169041, "A01M": 0.007159904044693889, "A47G": 0.007159904186948401, "F28C": 0.007159904186948401, "A01N": 0.007159904186948401, "A47F": 0.007159904186948401, "D21H": 0.007159904186948401, "C08L": 0.007159904186948401, "B66F": 0.007159904186948401, "D06F": 0.007159904186948401, "G09F": 0.007159904186948401, "H05K": 0.014319808231642292, "H01P": 0.007159904186948401, "H01L": 0.021479712560845205, "H04Q": 0.007159904186948401, "B08B": 0.007159904186948401, "A63B": 0.014319808373896802, "A61G": 0.007159904186948401, "F02G": 0.007159904186948401, "F24J": 0.03579952093474201, "E21F": 0.021479712560845205, "E02B": 0.007159904186948401, "G02F": 0.007159904186948401, "B05B": 0.03579952093474201, "G01D": 0.014319808373896802, "C12N": 0.007159904186948401, "F24D": 0.04295942512169041, "B27K": 0.007159904186948401, "E21D": 0.007159904186948401, "B09B": 0.007159904186948401, "G05D": 0.014319808373896802, "F16L": 0.028639616605539098, "G01J": 0.007159904186948401, "F16K": 0.007159904186948401, "E04C": 0.007159904186948401, "F21V": 0.04295942540619945, "H02J": 0.028639616747793608, "F28G": 0.014319808373896802, "A47H": 0.007159904186948401, "F02B": 0.014319808373896802, "C04B": 0.007159904186948401, "H01Q": 0.007159904186948401, "B65D": 0.007159904186948401, "C09K": 0.007159904186948401, "E03C": 0.007159904186948401, "E04G": 0.007159904186948401, "G01S": 0.007159904186948401, "F28D": 0.021479712560845205, "H02S": 0.007159904186948401, "H01R": 0.007159904186948401, "G21F": 0.007159904186948401, "F01P": 0.007159904186948401, "B60P": 0.007159904044693889, "G21C": 0.014319808373896802, "A61B": 0.007159904186948401, "A01G": 0.014319808373896802, "E04D": 0.007159904186948401, "F24V": 0.007159904186948401, "E05D": 0.007159904186948401, "G01M": 0.007159904186948401, "G06Q": 0.007159904186948401, "D06N": 0.007159904186948401, "A47L": 0.007159904186948401, "F04F": 0.007159904186948401, "H02K": 0.007159904186948401, "B28B": 0.007159904186948401, "C12M": 0.007159904186948401, "C01B": 0.007159904186948401, "G05B": 0.007159904186948401, "H01J": 0.007159904186948401, "H02G": 0.007159904186948401, "A24F": 0.007159904186948401, "B41J": 0.007159904186948401, "C12Q": 0.007159904186948401, "H02P": 0.007159904186948401}