{"": 0.01193317335519924, "A62B": 0.03579952006559772, "H05B": 0.03579952006559772, "E04H": 0.0596658666337417, "B03C": 0.08353221320188561, "F24F": 0.9785202141305657, "B01D": 0.39379471944128375, "F25D": 0.11933173355199228, "E04F": 0.0596658666337417, "F24H": 0.09546538684159386, "A47B": 0.07159904013119543, "E04B": 0.20286394675387778, "G06N": 0.01193317335519924, "F01N": 0.023866346710398483, "D06M": 0.023866346710398483, "A61L": 0.1431980802623907, "F25B": 0.22673029374878523, "F04D": 0.04773269342079697, "E05F": 0.04773269327854248, "G07B": 0.01193317335519924, "B05C": 0.01193317321294472, "B01J": 0.09546538684159389, "B01L": 0.04773269327854246, "E06B": 0.04773269342079697, "C02F": 0.04773269342079697, "G10K": 0.023866346710398483, "G01V": 0.05966586677599621, "A45B": 0.01193317335519924, "H10K": 0.01193317335519924, "A62C": 0.08353221334414013, "G01N": 0.08353221348639464, "F24S": 0.09546538669933935, "F23G": 0.01193317335519924, "G01F": 0.023866346710398483, "C09D": 0.023866346710398483, "A47C": 0.04773269342079697, "H01M": 0.023866346710398483, "F25C": 0.05966586663374169, "H01F": 0.023866346710398483, "F28F": 0.03579952006559772, "G06F": 0.03579952006559772, "B65G": 0.07159904013119543, "A01M": 0.01193317321294473, "A47G": 0.01193317335519924, "F28C": 0.01193317335519924, "A01N": 0.01193317335519924, "A47F": 0.01193317335519924, "D21H": 0.01193317335519924, "C08L": 0.01193317335519924, "B66F": 0.01193317335519924, "D06F": 0.01193317335519924, "G09F": 0.01193317335519924, "H05K": 0.023866346568143973, "H01P": 0.01193317335519924, "H01L": 0.03579952006559772, "H04Q": 0.01193317321294475, "B08B": 0.01193317335519924, "A63B": 0.023866346710398483, "A61G": 0.01193317335519924, "F02G": 0.01193317335519924, "F24J": 0.05966586677599621, "E21F": 0.03579952006559772, "E02B": 0.01193317335519924, "G02F": 0.01193317335519924, "B05B": 0.05966586677599621, "G01D": 0.023866346710398483, "C12N": 0.01193317335519924, "F24D": 0.07159904013119543, "B27K": 0.01193317335519924, "E21D": 0.01193317335519924, "B09B": 0.01193317335519924, "G05D": 0.023866346710398483, "F16L": 0.04773269327854246, "G01J": 0.01193317335519924, "F16K": 0.01193317335519924, "E04C": 0.01193317335519924, "F21V": 0.07159904041570447, "H02J": 0.04773269342079697, "F28G": 0.023866346710398483, "A47H": 0.01193317335519924, "F02B": 0.023866346710398483, "C04B": 0.01193317335519924, "H01Q": 0.01193317335519924, "B65D": 0.01193317335519924, "C09K": 0.01193317335519924, "E03C": 0.01193317335519924, "E04G": 0.01193317335519924, "G01S": 0.01193317335519924, "F28D": 0.03579952006559772, "H02S": 0.01193317335519924, "H01R": 0.01193317321294472, "G21F": 0.01193317335519924, "F01P": 0.01193317335519924, "B60P": 0.01193317321294473, "G21C": 0.023866346568143994, "A61B": 0.01193317335519924, "A01G": 0.023866346710398483, "E04D": 0.01193317335519924, "F24V": 0.01193317335519924, "E05D": 0.01193317335519924, "G01M": 0.01193317335519924, "G06Q": 0.01193317335519924, "D06N": 0.01193317335519924, "A47L": 0.01193317321294472, "F04F": 0.01193317335519924, "H02K": 0.01193317335519924, "B28B": 0.01193317335519924, "C12M": 0.01193317335519924, "C01B": 0.01193317335519924, "G05B": 0.01193317335519924, "H01J": 0.01193317335519924, "H02G": 0.01193317335519924, "A24F": 0.01193317335519924, "B41J": 0.01193317335519924, "C12Q": 0.01193317335519924, "H02P": 0.01193317335519924}