{"": 0.001485884505309924, "B63H": 0.002971769010619848, "E02F": 0.03714711263274812, "E02D": 0.1901932165025392, "F28D": 0.001485884505309924, "E04G": 0.03417534353356265, "E04B": 0.0772659942761161, "C02F": 0.017830614063719087, "B66C": 0.008915307031859544, "G21F": 0.010401191537169467, "E21B": 0.046062419664607675, "F16B": 0.004457653515929772, "C09K": 0.0371471125441825, "E21D": 0.04011888164336797, "F16D": 0.004457653515929772, "E03B": 0.00742942252654962, "F25B": 0.002971769010619848, "E02B": 0.02674592100701302, "G01B": 0.011887076042479391, "E04D": 0.002971769010619848, "G21C": 0.011887076042479391, "H02G": 0.004457653515929772, "G08C": 0.001485884505309924, "C09J": 0.00742942252654962, "E04C": 0.011887076042479391, "F03B": 0.001485884505309924, "H04M": 0.001485884505309924, "G01F": 0.001485884505309924, "E01C": 0.01485884505309924, "H04N": 0.004457653515929772, "C04B": 0.04754830408135198, "B32B": 0.001485884505309924, "F16J": 0.00742942252654962, "C08K": 0.004457653515929772, "F16K": 0.005943538021239696, "B08B": 0.002971769010619848, "B28C": 0.002971769010619848, "G01L": 0.002971769010619848, "H02J": 0.004457653515929772, "B29C": 0.004457653515929772, "B01F": 0.00742942252654962, "G01M": 0.002971769010619848, "E01F": 0.004457653515929772, "H02S": 0.010401191537169467, "B02C": 0.016344729381277928, "E01D": 0.004457653515929772, "F16L": 0.014858844964533621, "E04H": 0.02080238307433894, "D06M": 0.001485884505309924, "G01N": 0.02080238307433894, "B65D": 0.005943538021239696, "G06F": 0.002971769010619848, "B65G": 0.005943538021239696, "B09B": 0.004457653515929772, "E01B": 0.008915307031859544, "B01D": 0.008915307031859544, "F03D": 0.002971769010619848, "H01L": 0.002971769010619848, "B23K": 0.001485884505309924, "A01G": 0.00742942252654962, "G01C": 0.00742942252654962, "E03F": 0.005943537932674077, "B63B": 0.00742942252654962, "G21K": 0.001485884416744306, "G06K": 0.001485884505309924, "B27J": 0.001485884505309924, "F16F": 0.011887075953913773, "C09D": 0.001485884505309924, "F24T": 0.004457653515929772, "F16C": 0.001485884505309924, "B09C": 0.001485884505309924, "F26B": 0.001485884505309924, "G01V": 0.004457653515929772, "E05F": 0.005943538021239696, "B60J": 0.002971769010619848, "E05D": 0.001485884505309924, "B28B": 0.002971769010619848, "B24C": 0.002971769010619848, "G01K": 0.001485884505309924, "C08L": 0.002971769010619848, "B66F": 0.002971769010619848, "B64C": 0.001485884505309924, "A63G": 0.001485884505309924, "H04R": 0.001485884505309924, "G21D": 0.001485884505309924, "G06Q": 0.001485884505309924, "F42D": 0.001485884505309924, "B60W": 0.001485884505309924, "H01R": 0.001485884505309924, "E21F": 0.00297176892205423, "B66B": 0.002971769010619848, "B01J": 0.001485884505309924, "C05D": 0.002971769010619848, "C11D": 0.001485884505309924, "B26D": 0.004457653515929772, "B42D": 0.001485884505309924, "F25D": 0.001485884505309924, "D03D": 0.001485884505309924, "B21D": 0.001485884505309924, "F04B": 0.001485884505309924, "G01S": 0.00742942252654962, "G01D": 0.001485884505309924, "E04F": 0.002971769010619848, "B82Y": 0.001485884505309924, "G16Y": 0.001485884505309924, "A01C": 0.001485884505309924, "A62B": 0.001485884505309924, "G02B": 0.002971769010619848}