{"": 0.010401189515820563, "B63H": 0.02080237903164113, "E02F": 0.2600297378955141, "E02D": 1.3313522568736929, "F28D": 0.010401189515820563, "E04G": 0.23922735912956977, "E04B": 0.5408618548226677, "C02F": 0.12481427427841224, "B66C": 0.06240713709492339, "G21F": 0.07280832652217835, "E21B": 0.3224368745476098, "F16B": 0.031203568370330538, "C09K": 0.2600297375412517, "E21D": 0.28083211666145846, "F16D": 0.031203568636027267, "E03B": 0.05200594757910283, "F25B": 0.02080237903164113, "E02B": 0.18722141093050784, "G01B": 0.08320951577230207, "E04D": 0.02080237903164113, "G21C": 0.0832095162151301, "H02G": 0.031203568724592866, "G08C": 0.010401189515820563, "C09J": 0.05200594757910283, "E04C": 0.08320951612656448, "F03B": 0.010401189515820563, "H04M": 0.010401189515820563, "G01F": 0.010401189515820563, "E01C": 0.10401189506963995, "H04N": 0.03120356872459293, "C04B": 0.33283806415199596, "B32B": 0.010401189427254971, "F16J": 0.052005947756234065, "C08K": 0.031203568547461695, "F16K": 0.04160475806328227, "B08B": 0.02080237903164113, "B28C": 0.02080237903164113, "G01L": 0.02080237903164113, "H02J": 0.031203568547461695, "B29C": 0.031203568547461695, "B01F": 0.05200594757910283, "G01M": 0.02080237903164113, "E01F": 0.031203568547461695, "H02S": 0.07280832652217835, "B02C": 0.11441308440832927, "E01D": 0.031203568547461695, "F16L": 0.10401189498107434, "E04H": 0.14561665286722558, "D06M": 0.010401189692951738, "G01N": 0.1456166533100536, "B65D": 0.04160475806328227, "G06F": 0.02080237903164113, "B65G": 0.04160475806328227, "B09B": 0.031203568458896075, "E01B": 0.06240713709492339, "B01D": 0.06240713700635779, "F03D": 0.02080237903164113, "H01L": 0.02080237903164113, "B23K": 0.010401189515820563, "A01G": 0.05200594757910283, "G01C": 0.05200594749053723, "E03F": 0.04160475788615104, "B63B": 0.05200594749053723, "G21K": 0.010401189427254947, "G06K": 0.010401189515820563, "B27J": 0.010401189515820563, "F16F": 0.08320951603799885, "C09D": 0.010401189515820563, "F24T": 0.031203568547461695, "F16C": 0.010401189515820563, "B09C": 0.010401189515820563, "F26B": 0.010401189515820563, "G01V": 0.031203568547461695, "E05F": 0.04160475806328227, "B60J": 0.02080237903164113, "E05D": 0.010401189515820563, "B28B": 0.02080237903164113, "B24C": 0.02080237903164113, "G01K": 0.010401189515820563, "C08L": 0.02080237894307553, "B66F": 0.02080237903164113, "B64C": 0.010401189515820563, "A63G": 0.010401189515820563, "H04R": 0.010401189515820563, "G21D": 0.010401189515820563, "G06Q": 0.010401189515820563, "F42D": 0.010401189515820563, "B60W": 0.010401189515820563, "H01R": 0.010401189515820563, "E21F": 0.02080237894307551, "B66B": 0.02080237903164113, "B01J": 0.010401189515820563, "C05D": 0.02080237903164113, "C11D": 0.010401189427254954, "B26D": 0.031203568458896082, "B42D": 0.010401189515820563, "F25D": 0.010401189427254971, "D03D": 0.010401189515820563, "B21D": 0.010401189515820563, "F04B": 0.010401189515820563, "G01S": 0.05200594757910283, "G01D": 0.010401189515820563, "E04F": 0.02080237903164113, "B82Y": 0.010401189515820563, "G16Y": 0.010401189515820563, "A01C": 0.010401189427254954, "A62B": 0.010401189515820563, "G02B": 0.02080237903164113}