{"": 0.0059435373474567114, "B63H": 0.011887074694913423, "E02F": 0.14858843350928652, "E02D": 0.7607727803858991, "F28D": 0.0059435373474567114, "E04G": 0.1367013591686355, "E04B": 0.30906394206774873, "C02F": 0.07132244816948055, "B66C": 0.03566122408474029, "G21F": 0.041604761432197, "E21B": 0.18424965759402695, "F16B": 0.017830612042370138, "C09K": 0.1485884334207209, "E21D": 0.16047550820419995, "F16D": 0.01783061221950131, "E03B": 0.029717686737283575, "F25B": 0.011887074694913423, "E02B": 0.10698367207708956, "G01B": 0.0475482985139569, "E04D": 0.011887074694913423, "G21C": 0.047548298956784946, "H02G": 0.01783061221950131, "G08C": 0.0059435373474567114, "C09J": 0.029717686737283575, "E04C": 0.04754829877965371, "F03B": 0.0059435373474567114, "H04M": 0.0059435373474567114, "G01F": 0.0059435373474567114, "E01C": 0.05943537338600152, "H04N": 0.01783061221950137, "C04B": 0.19019319503004928, "B32B": 0.0059435373474567114, "F16J": 0.029717686914414808, "C08K": 0.017830612042370138, "F16K": 0.023774149389826853, "B08B": 0.011887074694913423, "B28C": 0.011887074694913423, "G01L": 0.011887074694913423, "H02J": 0.017830612042370138, "B29C": 0.017830612042370138, "B01F": 0.029717686737283575, "G01M": 0.011887074694913423, "E01F": 0.017830612042370138, "H02S": 0.041604761432197, "B02C": 0.065378910556327, "E01D": 0.017830612042370138, "F16L": 0.05943537329743591, "E04H": 0.08320952259869716, "D06M": 0.005943537524587884, "G01N": 0.08320952295295962, "B65D": 0.023774149389826853, "G06F": 0.011887074694913423, "B65G": 0.023774149389826853, "B09B": 0.017830611953804518, "E01B": 0.03566122408474029, "B01D": 0.03566122408474029, "F03D": 0.011887074694913423, "H01L": 0.011887074694913423, "B23K": 0.0059435373474567114, "A01G": 0.029717686737283575, "G01C": 0.029717686737283575, "E03F": 0.023774149212695626, "B63B": 0.029717686737283575, "G21K": 0.005943537258891094, "G06K": 0.0059435373474567114, "B27J": 0.0059435373474567114, "F16F": 0.04754829869108809, "C09D": 0.0059435373474567114, "F24T": 0.017830612042370138, "F16C": 0.0059435373474567114, "B09C": 0.0059435373474567114, "F26B": 0.0059435373474567114, "G01V": 0.017830612042370138, "E05F": 0.023774149389826853, "B60J": 0.011887074694913423, "E05D": 0.0059435373474567114, "B28B": 0.011887074694913423, "B24C": 0.011887074694913423, "G01K": 0.0059435373474567114, "C08L": 0.011887074694913423, "B66F": 0.011887074694913423, "B64C": 0.0059435373474567114, "A63G": 0.0059435373474567114, "H04R": 0.0059435373474567114, "G21D": 0.0059435373474567114, "G06Q": 0.0059435373474567114, "F42D": 0.0059435373474567114, "B60W": 0.0059435373474567114, "H01R": 0.0059435373474567114, "E21F": 0.011887074606347805, "B66B": 0.011887074694913423, "B01J": 0.0059435373474567114, "C05D": 0.011887074694913423, "C11D": 0.005943537258891102, "B26D": 0.017830611953804525, "B42D": 0.0059435373474567114, "F25D": 0.0059435373474567114, "D03D": 0.0059435373474567114, "B21D": 0.0059435373474567114, "F04B": 0.0059435373474567114, "G01S": 0.029717686737283575, "G01D": 0.0059435373474567114, "E04F": 0.011887074694913423, "B82Y": 0.0059435373474567114, "G16Y": 0.0059435373474567114, "A01C": 0.005943537258891102, "A62B": 0.0059435373474567114, "G02B": 0.011887074694913423}