{"": 0.00891530460624086, "E02B": 0.22288261542171803, "E04B": 0.42793462047960235, "E04C": 0.06240713224368606, "H02J": 0.01783060903535055, "E03B": 0.062407132420817225, "B02C": 0.09806835058008379, "H04N": 0.03566121833639787, "E02D": 1.096582465504833, "G01S": 0.04457652285407315, "E05C": 0.00891530460624086, "E21D": 0.2942050515631202, "E21B": 0.24071322410280618, "B28B": 0.01783060921248172, "E04G": 0.24962852879761266, "C04B": 0.20505200558927728, "G01N": 0.17830609212481702, "B01F": 0.07132243693849247, "D03D": 0.01783060938961289, "E02F": 0.17830609150485793, "C09K": 0.17830609168198913, "E04D": 0.00891530460624086, "E04H": 0.12481426466450299, "E01B": 0.017830609123916135, "G01L": 0.044576522499810714, "F03D": 0.017830609478178477, "C08L": 0.026745913818722586, "F24T": 0.026745913641591408, "G06T": 0.01783060912391613, "B09B": 0.044576523031204324, "F16F": 0.044576523031204324, "A62C": 0.00891530460624086, "F25B": 0.01783060921248172, "G21F": 0.035661218424963455, "G21C": 0.044576522765507554, "G02B": 0.026745913818722586, "B08B": 0.01783060921248172, "F16J": 0.04457652311976991, "A01G": 0.03566121851352901, "B25J": 0.00891530460624086, "B63B": 0.026745913818722586, "E06B": 0.026745913995853757, "F01D": 0.008915304517675273, "E01C": 0.09806835075721498, "E03F": 0.05349182763744519, "F26B": 0.00891530460624086, "F16L": 0.07132243702705807, "G01V": 0.044576522854073104, "G16Y": 0.017830609123916125, "H02S": 0.06240713224368606, "B09C": 0.01783060921248172, "F28D": 0.008915304517675273, "G06F": 0.01783060921248172, "C12N": 0.00891530460624086, "F25D": 0.00891530460624086, "B26D": 0.02674591355302583, "C02F": 0.0891530463281053, "E01D": 0.00891530460624086, "B66C": 0.04457652285407315, "G01M": 0.026745913641591408, "F16D": 0.017830609123916135, "G01B": 0.11589895961543424, "H02G": 0.01783060903535054, "H02N": 0.017830609123916104, "H01L": 0.01783060921248172, "G01D": 0.01783060921248172, "C08K": 0.01783060921248172, "B65D": 0.035661218336397855, "E05F": 0.017830609123916125, "C09J": 0.05349182737174842, "F16C": 0.017830609123916125, "G09F": 0.008915304429109688, "B60W": 0.00891530460624086, "B01D": 0.026745913818722586, "E05D": 0.00891530460624086, "B64C": 0.00891530460624086, "G01C": 0.08023774145616772, "F16K": 0.04457652294263874, "A01C": 0.00891530460624086, "B24C": 0.03566121851352904, "F04D": 0.00891530460624086, "F02C": 0.01783060921248172, "H01R": 0.01783060921248172, "B23K": 0.03566121842496341, "B63H": 0.01783060921248172, "F16B": 0.0267459136415914, "G03B": 0.00891530460624086, "B66F": 0.026745913818722586, "E01H": 0.00891530460624086, "E04F": 0.026745913818722586, "E21C": 0.00891530460624086, "C08F": 0.00891530460624086, "G01R": 0.00891530460624086, "B42D": 0.00891530460624086, "F03B": 0.00891530460624086, "H02P": 0.008915304517675273, "B82Y": 0.00891530460624086, "B28C": 0.026745913818722586, "B65G": 0.01783060938961289, "C09D": 0.00891530460624086, "B01J": 0.00891530460624086, "C05D": 0.017830609123916135, "E21F": 0.01783060921248172, "C22C": 0.00891530460624086, "B64B": 0.00891530460624086, "C10B": 0.008915304517675266, "B21D": 0.01783060921248172, "C25D": 0.00891530460624086}