{"": 0.010401188707280979, "E02B": 0.2600297179477209, "E04B": 0.4992570572409622, "E04C": 0.07280832095096686, "H02J": 0.020802377237430787, "E03B": 0.07280832112809803, "B02C": 0.11441307586865623, "H04N": 0.04160475474055835, "E02D": 1.279346209932767, "G01S": 0.052005943359273755, "E05C": 0.010401188707280979, "E21D": 0.34323922689744396, "E21B": 0.2808320948308893, "B28B": 0.020802377414561958, "E04G": 0.29123328362673584, "C04B": 0.2392273399131999, "G01N": 0.2080237741456193, "B01F": 0.08320950974681338, "D03D": 0.02080237759169313, "E02F": 0.208023773348529, "C09K": 0.2080237737027914, "E04D": 0.010401188707280979, "E04H": 0.14561664207906458, "E01B": 0.020802377325996373, "G01L": 0.05200594300501132, "F03D": 0.020802377680258714, "C08L": 0.031203566121842947, "F24T": 0.03120356594471177, "G06T": 0.020802377325996373, "B09B": 0.052005943536404926, "F16F": 0.052005943536404926, "A62C": 0.010401188707280979, "F25B": 0.020802377414561958, "G21F": 0.04160475482912394, "G21C": 0.052005943270708156, "G02B": 0.031203566121842947, "B08B": 0.020802377414561958, "F16J": 0.05200594362497051, "A01G": 0.041604754917689495, "B25J": 0.010401188707280979, "B63B": 0.031203566121842947, "E06B": 0.03120356629897412, "F01D": 0.010401188618715392, "E01C": 0.11441307586865623, "E03F": 0.062407132243685916, "F26B": 0.010401188707280979, "F16L": 0.08320950983537898, "G01V": 0.052005943270708115, "G16Y": 0.020802377325996366, "H02S": 0.07280832095096686, "B09C": 0.020802377414561958, "F28D": 0.010401188618715392, "G06F": 0.020802377414561958, "C12N": 0.010401188707280979, "F25D": 0.010401188707280979, "B26D": 0.03120356585614619, "C02F": 0.10401188733850644, "E01D": 0.010401188707280979, "B66C": 0.052005943359273755, "G01M": 0.03120356594471177, "F16D": 0.020802377325996373, "G01B": 0.13521545284039013, "H02G": 0.02080237723743078, "H02N": 0.020802377325996345, "H01L": 0.020802377414561958, "G01D": 0.020802377414561958, "C08K": 0.020802377414561958, "B65D": 0.04160475474055834, "E05F": 0.020802377325996366, "C09J": 0.062407131977989146, "F16C": 0.020802377325996366, "G09F": 0.010401188530149806, "B60W": 0.010401188707280979, "B01D": 0.031203566121842947, "E05D": 0.010401188707280979, "B64C": 0.010401188707280979, "G01C": 0.09361069836552874, "F16K": 0.05200594344783934, "A01C": 0.010401188707280979, "B24C": 0.04160475491768952, "F04D": 0.010401188707280979, "F02C": 0.020802377414561958, "H01R": 0.020802377325996362, "B23K": 0.041604754829123895, "B63H": 0.020802377414561958, "F16B": 0.031203565944711763, "G03B": 0.010401188707280979, "B66F": 0.031203566121842947, "E01H": 0.010401188707280979, "E04F": 0.031203566121842947, "E21C": 0.010401188707280979, "C08F": 0.010401188707280979, "G01R": 0.010401188707280979, "B42D": 0.010401188707280979, "F03B": 0.010401188707280979, "H02P": 0.010401188618715392, "B82Y": 0.010401188707280979, "B28C": 0.031203566121842947, "B65G": 0.02080237759169313, "C09D": 0.010401188707280979, "B01J": 0.010401188707280979, "C05D": 0.020802377325996373, "E21F": 0.020802377414561958, "C22C": 0.010401188707280979, "B64B": 0.010401188707280979, "C10B": 0.010401188618715385, "B21D": 0.020802377414561958, "C25D": 0.010401188707280979}