{"": 0.0044576528421467875, "B63H": 0.008915305684293575, "E02F": 0.11144132069940715, "E02D": 0.5705795637947907, "F28D": 0.0044576528421467875, "E04G": 0.10252601536937596, "E04B": 0.23179794761450245, "C02F": 0.05349183410576145, "B66C": 0.026745917052880736, "G21F": 0.031203569895027518, "E21B": 0.13818723801798488, "F16B": 0.013372958526440363, "C09K": 0.11144132078797275, "E21D": 0.12035662656083197, "F16D": 0.013372958703571535, "E03B": 0.022288264210733946, "F25B": 0.008915305684293575, "E02B": 0.0802377509815109, "G01B": 0.035661222471477495, "E04D": 0.008915305684293575, "G21C": 0.03566122273717431, "H02G": 0.013372958703571535, "G08C": 0.0044576528421467875, "C09J": 0.022288264210733946, "E04C": 0.03566122273717431, "F03B": 0.0044576528421467875, "H04M": 0.0044576528421467875, "G01F": 0.0044576528421467875, "E01C": 0.044576528332902265, "H04N": 0.013372958526440363, "C04B": 0.14264489086013166, "B32B": 0.0044576528421467875, "F16J": 0.022288264210733946, "C08K": 0.013372958526440363, "F16K": 0.017830611368587154, "B08B": 0.008915305684293575, "B28C": 0.008915305684293575, "G01L": 0.008915305684293575, "H02J": 0.013372958526440363, "B29C": 0.013372958526440363, "B01F": 0.022288264210733946, "G01M": 0.008915305684293575, "E01F": 0.013372958526440363, "H02S": 0.031203569895027518, "B02C": 0.04903418099791782, "E01D": 0.013372958526440363, "F16L": 0.04457652824433665, "E04H": 0.062407139612923816, "D06M": 0.00445765301927796, "G01N": 0.06240713970148942, "B65D": 0.017830611368587154, "G06F": 0.008915305684293575, "B65G": 0.017830611368587154, "B09B": 0.013372958526440363, "E01B": 0.026745917052880736, "B01D": 0.026745917052880736, "F03D": 0.008915305684293575, "H01L": 0.008915305684293575, "B23K": 0.0044576528421467875, "A01G": 0.022288264210733946, "G01C": 0.022288264210733946, "E03F": 0.017830611191455924, "B63B": 0.022288264210733946, "G21K": 0.00445765275358117, "G06K": 0.0044576528421467875, "B27J": 0.0044576528421467875, "F16F": 0.03566122264860869, "C09D": 0.0044576528421467875, "F24T": 0.013372958526440363, "F16C": 0.0044576528421467875, "B09C": 0.0044576528421467875, "F26B": 0.0044576528421467875, "G01V": 0.013372958526440363, "E05F": 0.017830611368587154, "B60J": 0.008915305684293575, "E05D": 0.0044576528421467875, "B28B": 0.008915305684293575, "B24C": 0.008915305684293575, "G01K": 0.0044576528421467875, "C08L": 0.008915305684293575, "B66F": 0.008915305684293575, "B64C": 0.0044576528421467875, "A63G": 0.0044576528421467875, "H04R": 0.0044576528421467875, "G21D": 0.0044576528421467875, "G06Q": 0.0044576528421467875, "F42D": 0.0044576528421467875, "B60W": 0.0044576528421467875, "H01R": 0.0044576528421467875, "E21F": 0.008915305595727957, "B66B": 0.008915305684293575, "B01J": 0.0044576528421467875, "C05D": 0.008915305684293575, "C11D": 0.004457652753581178, "B26D": 0.013372958437874753, "B42D": 0.0044576528421467875, "F25D": 0.0044576528421467875, "D03D": 0.0044576528421467875, "B21D": 0.0044576528421467875, "F04B": 0.0044576528421467875, "G01S": 0.022288264210733946, "G01D": 0.0044576528421467875, "E04F": 0.008915305684293575, "B82Y": 0.0044576528421467875, "G16Y": 0.0044576528421467875, "A01C": 0.004457652753581178, "A62B": 0.0044576528421467875, "G02B": 0.008915305684293575}