{"": 0.00297176847159349, "E02B": 0.07429421178983725, "E04B": 0.14264488663648744, "E04C": 0.020802379301154434, "H02J": 0.005943536943186979, "E03B": 0.020802379478285605, "B02C": 0.0326894531875284, "H04N": 0.011887073886373958, "E02D": 0.3655275216517379, "G01S": 0.014858842357967448, "E05C": 0.00297176847159349, "E21D": 0.09806835956258508, "E21B": 0.08023774855589301, "B28B": 0.005943536943186979, "E04G": 0.0832095172046177, "C04B": 0.06835067475808468, "G01N": 0.05943536934330422, "B01F": 0.023774147772747927, "D03D": 0.005943536943186979, "E02F": 0.05943536943186977, "C09K": 0.05943536934330422, "E04D": 0.00297176847159349, "E04H": 0.04160475842517765, "E01B": 0.005943536943186979, "G01L": 0.014858842092270626, "F03D": 0.005943537120318152, "C08L": 0.008915305414780469, "F24T": 0.008915305414780469, "G06T": 0.005943536943186979, "B09B": 0.014858842357967448, "F16F": 0.014858842357967448, "A62C": 0.00297176847159349, "F25B": 0.005943536943186979, "G21F": 0.011887073886373958, "G21C": 0.014858842269401863, "G02B": 0.008915305414780469, "B08B": 0.005943536943186979, "F16J": 0.014858842357967448, "A01G": 0.011887073974939513, "B25J": 0.00297176847159349, "B63B": 0.008915305414780469, "E06B": 0.008915305414780469, "F01D": 0.00297176847159349, "E01C": 0.0326894531875284, "E03F": 0.01783061082956094, "F26B": 0.00297176847159349, "F16L": 0.023774147949879098, "G01V": 0.01485884226940183, "G16Y": 0.005943536943186979, "H02S": 0.020802379301154434, "B09C": 0.005943536943186979, "F28D": 0.00297176847159349, "G06F": 0.005943536943186979, "C12N": 0.00297176847159349, "F25D": 0.00297176847159349, "B26D": 0.008915305326214883, "C02F": 0.029717684715934913, "E01D": 0.00297176847159349, "B66C": 0.014858842357967448, "G01M": 0.008915305414780469, "F16D": 0.005943536943186979, "G01B": 0.03863299021928094, "H02G": 0.005943536943186979, "H02N": 0.0059435368546213625, "H01L": 0.005943536943186979, "G01D": 0.005943536943186979, "C08K": 0.005943536943186979, "B65D": 0.011887073886373958, "E05F": 0.005943536943186979, "C09J": 0.01783061082956094, "F16C": 0.005943536943186979, "G09F": 0.00297176847159349, "B60W": 0.00297176847159349, "B01D": 0.008915305414780469, "E05D": 0.00297176847159349, "B64C": 0.00297176847159349, "G01C": 0.02674591624434142, "F16K": 0.014858842357967448, "A01C": 0.00297176847159349, "B24C": 0.011887073886373958, "F04D": 0.00297176847159349, "F02C": 0.005943536943186979, "H01R": 0.005943536943186979, "B23K": 0.01188707379780834, "B63H": 0.005943536943186979, "F16B": 0.008915305414780469, "G03B": 0.00297176847159349, "B66F": 0.008915305414780469, "E01H": 0.00297176847159349, "E04F": 0.008915305414780469, "E21C": 0.00297176847159349, "C08F": 0.00297176847159349, "G01R": 0.00297176847159349, "B42D": 0.00297176847159349, "F03B": 0.00297176847159349, "H02P": 0.00297176847159349, "B82Y": 0.00297176847159349, "B28C": 0.008915305414780469, "B65G": 0.005943537120318152, "C09D": 0.00297176847159349, "B01J": 0.00297176847159349, "C05D": 0.005943536943186979, "E21F": 0.005943536943186979, "C22C": 0.00297176847159349, "B64B": 0.00297176847159349, "C10B": 0.00297176847159349, "B21D": 0.005943536943186979, "C25D": 0.00297176847159349}