{"": 0.005943536538917175, "E02B": 0.14858841400432263, "E04B": 0.2852897534251965, "E04C": 0.041604755772420246, "H02J": 0.011887072900703177, "E03B": 0.041604756038116995, "B02C": 0.06537890183952337, "H04N": 0.023774146155668703, "E02D": 0.7310549936668543, "G01S": 0.029717682517454713, "E05C": 0.005943536538917175, "E21D": 0.1961367054300041, "E21B": 0.1604754865507634, "B28B": 0.011887073077834348, "E04G": 0.166419023001115, "C04B": 0.13670133986370125, "G01N": 0.11887073104404006, "B01F": 0.047548292399903005, "D03D": 0.01188707325496552, "E02F": 0.11887073024694976, "C09K": 0.11887073042408096, "E04D": 0.005943536538917175, "E04H": 0.08320951172197155, "E01B": 0.011887072989268763, "G01L": 0.029717682163192274, "F03D": 0.011887073432096693, "C08L": 0.017830609616751522, "F24T": 0.017830609439620344, "G06T": 0.011887073077834348, "B09B": 0.029717682694585884, "F16F": 0.029717682694585884, "A62C": 0.005943536538917175, "F25B": 0.011887073077834348, "G21F": 0.023774146155668703, "G21C": 0.029717682428889114, "G02B": 0.017830609616751522, "B08B": 0.011887073077834348, "F16J": 0.02971768278315147, "A01G": 0.02377414624423426, "B25J": 0.005943536538917175, "B63B": 0.017830609616751522, "E06B": 0.017830609793882693, "F01D": 0.005943536450351589, "E01C": 0.06537890201665457, "E03F": 0.035661219233503065, "F26B": 0.005943536538917175, "F16L": 0.0475482924884686, "G01V": 0.029717682517454665, "G16Y": 0.011887072989268754, "H02S": 0.041604755772420246, "B09C": 0.011887073077834348, "F28D": 0.005943536450351589, "G06F": 0.011887073077834348, "C12N": 0.005943536538917175, "F25D": 0.005943536538917175, "B26D": 0.017830609351054766, "C02F": 0.059435365654868545, "E01D": 0.005943536538917175, "B66C": 0.0297176826060203, "G01M": 0.017830609439620344, "F16D": 0.011887072989268763, "G01B": 0.07726597500592323, "H02G": 0.011887073077834348, "H02N": 0.011887072989268731, "H01L": 0.011887073077834348, "G01D": 0.011887073077834348, "C08K": 0.011887073077834348, "B65D": 0.023774146155668703, "E05F": 0.011887073077834348, "C09J": 0.035661218967806295, "F16C": 0.011887072989268754, "G09F": 0.005943536361786003, "B60W": 0.005943536538917175, "B01D": 0.017830609616751522, "E05D": 0.005943536538917175, "B64C": 0.005943536538917175, "G01C": 0.05349182885025461, "F16K": 0.029717682694585884, "A01C": 0.005943536538917175, "B24C": 0.023774146332799874, "F04D": 0.005943536538917175, "F02C": 0.011887073077834348, "H01R": 0.011887073077834348, "B23K": 0.02377414624423426, "B63H": 0.011887073077834348, "F16B": 0.017830609439620337, "G03B": 0.005943536538917175, "B66F": 0.017830609616751522, "E01H": 0.005943536538917175, "E04F": 0.017830609616751522, "E21C": 0.005943536538917175, "C08F": 0.005943536538917175, "G01R": 0.005943536538917175, "B42D": 0.005943536538917175, "F03B": 0.005943536538917175, "H02P": 0.005943536450351589, "B82Y": 0.005943536538917175, "B28C": 0.017830609616751522, "B65G": 0.01188707325496552, "C09D": 0.005943536538917175, "B01J": 0.005943536538917175, "C05D": 0.011887072989268763, "E21F": 0.011887073077834348, "C22C": 0.005943536538917175, "B64B": 0.005943536538917175, "C10B": 0.005943536450351581, "B21D": 0.011887073077834348, "C25D": 0.005943536538917175}