{"": 0.002971768875863222, "B63H": 0.005943537751726444, "E02F": 0.07429422154231814, "E02D": 0.38038641593336203, "F28D": 0.002971768875863222, "E04G": 0.06835068405628848, "E04B": 0.15453198119062542, "C02F": 0.03566122651035864, "B66C": 0.01783061325517933, "G21F": 0.020802382131042546, "E21B": 0.09212483506319438, "F16B": 0.008915306627589666, "C09K": 0.07429422163088374, "E21D": 0.08023775947117584, "F16D": 0.008915306627589666, "E03B": 0.01485884437931611, "F25B": 0.005943537751726444, "E02B": 0.05349183967697235, "G01B": 0.02377415082977455, "E04D": 0.005943537751726444, "G21C": 0.023774151006905768, "H02G": 0.008915306627589666, "G08C": 0.002971768875863222, "C09J": 0.01485884437931611, "E04C": 0.023774151006905768, "F03B": 0.002971768875863222, "H04M": 0.002971768875863222, "G01F": 0.002971768875863222, "E01C": 0.029717688670066595, "H04N": 0.008915306627589666, "C04B": 0.09509660376192638, "B32B": 0.002971768875863222, "F16J": 0.01485884437931611, "C08K": 0.008915306627589666, "F16K": 0.011887075503452887, "B08B": 0.005943537751726444, "B28C": 0.005943537751726444, "G01L": 0.005943537751726444, "H02J": 0.008915306627589666, "B29C": 0.008915306627589666, "B01F": 0.01485884437931611, "G01M": 0.005943537751726444, "E01F": 0.008915306627589666, "H02S": 0.020802382131042546, "B02C": 0.03268945736879858, "E01D": 0.008915306627589666, "F16L": 0.02971768858150098, "E04H": 0.04160476408495387, "D06M": 0.002971768875863222, "G01N": 0.04160476417351948, "B65D": 0.011887075503452887, "G06F": 0.005943537751726444, "B65G": 0.011887075503452887, "B09B": 0.008915306627589666, "E01B": 0.01783061325517933, "B01D": 0.01783061325517933, "F03D": 0.005943537751726444, "H01L": 0.005943537751726444, "B23K": 0.002971768875863222, "A01G": 0.01485884437931611, "G01C": 0.01485884437931611, "E03F": 0.01188707532632166, "B63B": 0.01485884437931611, "G21K": 0.002971768787297604, "G06K": 0.002971768875863222, "B27J": 0.002971768875863222, "F16F": 0.023774150918340148, "C09D": 0.002971768875863222, "F24T": 0.008915306627589666, "F16C": 0.002971768875863222, "B09C": 0.002971768875863222, "F26B": 0.002971768875863222, "G01V": 0.008915306627589666, "E05F": 0.011887075503452887, "B60J": 0.005943537751726444, "E05D": 0.002971768875863222, "B28B": 0.005943537751726444, "B24C": 0.005943537751726444, "G01K": 0.002971768875863222, "C08L": 0.005943537751726444, "B66F": 0.005943537751726444, "B64C": 0.002971768875863222, "A63G": 0.002971768875863222, "H04R": 0.002971768875863222, "G21D": 0.002971768875863222, "G06Q": 0.002971768875863222, "F42D": 0.002971768875863222, "B60W": 0.002971768875863222, "H01R": 0.002971768875863222, "E21F": 0.005943537663160825, "B66B": 0.005943537751726444, "B01J": 0.002971768875863222, "C05D": 0.005943537751726444, "C11D": 0.0029717687872976117, "B26D": 0.008915306539024056, "B42D": 0.002971768875863222, "F25D": 0.002971768875863222, "D03D": 0.002971768875863222, "B21D": 0.002971768875863222, "F04B": 0.002971768875863222, "G01S": 0.01485884437931611, "G01D": 0.002971768875863222, "E04F": 0.005943537751726444, "B82Y": 0.002971768875863222, "G16Y": 0.002971768875863222, "A01C": 0.0029717687872976117, "A62B": 0.002971768875863222, "G02B": 0.005943537751726444}