{"": 0.007429420639957294, "E02B": 0.18573551644175987, "E04B": 0.3566121901865564, "E04C": 0.05200594447970109, "H02J": 0.014858841102783415, "E03B": 0.05200594474539784, "B02C": 0.08172362695096462, "H04N": 0.029717682559829185, "E02D": 0.9138187379176571, "G01S": 0.037147103022655316, "E05C": 0.007429420639957294, "E21D": 0.24517088076432786, "E21B": 0.20059435727884647, "B28B": 0.014858841279914586, "E04G": 0.20802377774167258, "C04B": 0.17087667436475507, "G01N": 0.14858841297627673, "B01F": 0.05943536520822397, "D03D": 0.014858841457045758, "E02F": 0.14858841217918645, "C09K": 0.14858841244488324, "E04D": 0.007429420639957294, "E04H": 0.10401188913653314, "E01B": 0.014858841191349, "G01L": 0.03714710266839288, "F03D": 0.01485884163417693, "C08L": 0.022288261919871884, "F24T": 0.022288261742740706, "G06T": 0.014858841279914586, "B09B": 0.03714710319978649, "F16F": 0.03714710319978649, "A62C": 0.007429420639957294, "F25B": 0.014858841279914586, "G21F": 0.029717682559829185, "G21C": 0.03714710293408972, "G02B": 0.022288261919871884, "B08B": 0.014858841279914586, "F16J": 0.03714710328835207, "A01G": 0.029717682648394743, "B25J": 0.007429420639957294, "B63B": 0.022288261919871884, "E06B": 0.022288262097003055, "F01D": 0.007429420551391707, "E01C": 0.08172362712809582, "E03F": 0.04457652383974379, "F26B": 0.007429420639957294, "F16L": 0.05943536529678956, "G01V": 0.03714710302265527, "G16Y": 0.014858841191348992, "H02S": 0.05200594447970109, "B09C": 0.014858841279914586, "F28D": 0.007429420551391707, "G06F": 0.014858841279914586, "C12N": 0.007429420639957294, "F25D": 0.007429420639957294, "B26D": 0.022288261654175127, "C02F": 0.0742942066652697, "E01D": 0.007429420639957294, "B66C": 0.0371471031112209, "G01M": 0.022288261742740706, "F16D": 0.014858841191349, "G01B": 0.09658246814231354, "H02G": 0.014858841191348992, "H02N": 0.014858841191348969, "H01L": 0.014858841279914586, "G01D": 0.014858841279914586, "C08K": 0.014858841279914586, "B65D": 0.029717682471263586, "E05F": 0.014858841191348992, "C09J": 0.04457652357404702, "F16C": 0.014858841191348992, "G09F": 0.007429420462826122, "B60W": 0.007429420639957294, "B01D": 0.022288261919871884, "E05D": 0.007429420639957294, "B64C": 0.007429420639957294, "G01C": 0.06686478575961567, "F16K": 0.03714710319978649, "A01C": 0.007429420639957294, "B24C": 0.029717682736960356, "F04D": 0.007429420639957294, "F02C": 0.014858841279914586, "H01R": 0.014858841279914586, "B23K": 0.029717682559829147, "B63H": 0.014858841279914586, "F16B": 0.0222882617427407, "G03B": 0.007429420639957294, "B66F": 0.022288261919871884, "E01H": 0.007429420639957294, "E04F": 0.022288261919871884, "E21C": 0.007429420639957294, "C08F": 0.007429420639957294, "G01R": 0.007429420639957294, "B42D": 0.007429420639957294, "F03B": 0.007429420639957294, "H02P": 0.007429420551391707, "B82Y": 0.007429420639957294, "B28C": 0.022288261919871884, "B65G": 0.014858841457045758, "C09D": 0.007429420639957294, "B01J": 0.007429420639957294, "C05D": 0.014858841191349, "E21F": 0.014858841279914586, "C22C": 0.007429420639957294, "B64B": 0.007429420639957294, "C10B": 0.0074294205513917, "B21D": 0.014858841279914586, "C25D": 0.007429420639957294}