{"": 0.008915305280023867, "B63H": 0.01783061056004774, "E02F": 0.2228826320005964, "E02D": 1.1411590752231007, "F28D": 0.008915305280023867, "E04G": 0.2050520217948111, "E04B": 0.4635958747383716, "C02F": 0.1069836634488519, "B66C": 0.05349183168014322, "G21F": 0.06240713696016709, "E21B": 0.2763744633264774, "F16B": 0.026745915662940455, "C09K": 0.2228826317348996, "E21D": 0.24071324238351297, "F16D": 0.026745916017202782, "E03B": 0.04457652640011936, "F25B": 0.01783061056004774, "E02B": 0.1604754946861671, "G01B": 0.07132244197449411, "E04D": 0.01783061056004774, "G21C": 0.07132244241732215, "H02G": 0.026745916017202782, "G08C": 0.008915305280023867, "C09J": 0.04457652640011936, "E04C": 0.07132244224019092, "F03B": 0.008915305280023867, "H04M": 0.008915305280023867, "G01F": 0.008915305280023867, "E01C": 0.08915305271167301, "H04N": 0.026745916017202845, "C04B": 0.2852897686950669, "B32B": 0.008915305191458275, "F16J": 0.04457652657725059, "C08K": 0.02674591584007161, "F16K": 0.03566122112009549, "B08B": 0.01783061056004774, "B28C": 0.01783061056004774, "G01L": 0.01783061056004774, "H02J": 0.02674591584007161, "B29C": 0.02674591584007161, "B01F": 0.04457652640011936, "G01M": 0.01783061056004774, "E01F": 0.02674591584007161, "H02S": 0.06240713696016709, "B02C": 0.09806835781456563, "E01D": 0.02674591584007161, "F16L": 0.0891530526231074, "E04H": 0.12481427356607167, "D06M": 0.008915305457155041, "G01N": 0.1248142740088997, "B65D": 0.03566122112009549, "G06F": 0.01783061056004774, "B65G": 0.03566122112009549, "B09B": 0.02674591575150599, "E01B": 0.05349183168014322, "B01D": 0.05349183168014322, "F03D": 0.01783061056004774, "H01L": 0.01783061056004774, "B23K": 0.008915305280023867, "A01G": 0.04457652640011936, "G01C": 0.04457652640011936, "E03F": 0.03566122094296426, "B63B": 0.04457652640011936, "G21K": 0.00891530519145825, "G06K": 0.008915305280023867, "B27J": 0.008915305280023867, "F16F": 0.0713224421516253, "C09D": 0.008915305280023867, "F24T": 0.02674591584007161, "F16C": 0.008915305280023867, "B09C": 0.008915305280023867, "F26B": 0.008915305280023867, "G01V": 0.02674591584007161, "E05F": 0.03566122112009549, "B60J": 0.01783061056004774, "E05D": 0.008915305280023867, "B28B": 0.01783061056004774, "B24C": 0.01783061056004774, "G01K": 0.008915305280023867, "C08L": 0.01783061056004774, "B66F": 0.01783061056004774, "B64C": 0.008915305280023867, "A63G": 0.008915305280023867, "H04R": 0.008915305280023867, "G21D": 0.008915305280023867, "G06Q": 0.008915305280023867, "F42D": 0.008915305280023867, "B60W": 0.008915305280023867, "H01R": 0.008915305280023867, "E21F": 0.01783061047148212, "B66B": 0.01783061056004774, "B01J": 0.008915305280023867, "C05D": 0.01783061056004774, "C11D": 0.008915305191458257, "B26D": 0.026745915751506, "B42D": 0.008915305280023867, "F25D": 0.008915305191458275, "D03D": 0.008915305280023867, "B21D": 0.008915305280023867, "F04B": 0.008915305280023867, "G01S": 0.04457652640011936, "G01D": 0.008915305280023867, "E04F": 0.01783061056004774, "B82Y": 0.008915305280023867, "G16Y": 0.008915305280023867, "A01C": 0.008915305191458257, "A62B": 0.008915305280023867, "G02B": 0.01783061056004774}