{"": 0.007429421178983749, "B63H": 0.0148588423579675, "E02F": 0.18573552947459357, "E02D": 0.9509659103785316, "F28D": 0.007429421178983749, "E04G": 0.1708766872937573, "E04B": 0.3863299014842857, "C02F": 0.08915305432493613, "B66C": 0.0445765270739025, "G21F": 0.05200594825288624, "E21B": 0.23031205628279947, "F16B": 0.022288263359820096, "C09K": 0.18573552920889677, "E21D": 0.2005943716554299, "F16D": 0.022288263714082424, "E03B": 0.03714710589491876, "F25B": 0.0148588423579675, "E02B": 0.13372958086744505, "G01B": 0.05943536916617318, "E04D": 0.0148588423579675, "G21C": 0.059435369609001226, "H02G": 0.022288263714082424, "G08C": 0.007429421178983749, "C09J": 0.03714710589491876, "E04C": 0.05943536943186999, "F03B": 0.007429421178983749, "H04M": 0.007429421178983749, "G01F": 0.007429421178983749, "E01C": 0.07429421170127187, "H04N": 0.022288263714082487, "C04B": 0.23774147755034883, "B32B": 0.007429421178983749, "F16J": 0.03714710607204999, "C08K": 0.022288263536951253, "F16K": 0.029717684715935007, "B08B": 0.0148588423579675, "B28C": 0.0148588423579675, "G01L": 0.0148588423579675, "H02J": 0.022288263536951253, "B29C": 0.022288263536951253, "B01F": 0.03714710589491876, "G01M": 0.0148588423579675, "E01F": 0.022288263536951253, "H02S": 0.05200594825288624, "B02C": 0.08172363270312438, "E01D": 0.022288263536951253, "F16L": 0.07429421161270626, "E04H": 0.10401189615151007, "D06M": 0.007429421356114922, "G01N": 0.10401189659433811, "B65D": 0.029717684715935007, "G06F": 0.0148588423579675, "B65G": 0.029717684715935007, "B09B": 0.022288263448385633, "E01B": 0.0445765270739025, "B01D": 0.0445765270739025, "F03D": 0.0148588423579675, "H01L": 0.0148588423579675, "B23K": 0.007429421178983749, "A01G": 0.03714710589491876, "G01C": 0.03714710589491876, "E03F": 0.02971768453880378, "B63B": 0.03714710589491876, "G21K": 0.007429421090418132, "G06K": 0.007429421178983749, "B27J": 0.007429421178983749, "F16F": 0.05943536934330437, "C09D": 0.007429421178983749, "F24T": 0.022288263536951253, "F16C": 0.007429421178983749, "B09C": 0.007429421178983749, "F26B": 0.007429421178983749, "G01V": 0.022288263536951253, "E05F": 0.029717684715935007, "B60J": 0.0148588423579675, "E05D": 0.007429421178983749, "B28B": 0.0148588423579675, "B24C": 0.0148588423579675, "G01K": 0.007429421178983749, "C08L": 0.0148588423579675, "B66F": 0.0148588423579675, "B64C": 0.007429421178983749, "A63G": 0.007429421178983749, "H04R": 0.007429421178983749, "G21D": 0.007429421178983749, "G06Q": 0.007429421178983749, "F42D": 0.007429421178983749, "B60W": 0.007429421178983749, "H01R": 0.007429421178983749, "E21F": 0.01485884226940188, "B66B": 0.0148588423579675, "B01J": 0.007429421178983749, "C05D": 0.0148588423579675, "C11D": 0.007429421090418139, "B26D": 0.02228826344838564, "B42D": 0.007429421178983749, "F25D": 0.007429421178983749, "D03D": 0.007429421178983749, "B21D": 0.007429421178983749, "F04B": 0.007429421178983749, "G01S": 0.03714710589491876, "G01D": 0.007429421178983749, "E04F": 0.0148588423579675, "B82Y": 0.007429421178983749, "G16Y": 0.007429421178983749, "A01C": 0.007429421090418139, "A62B": 0.007429421178983749, "G02B": 0.0148588423579675}