{"": 0.004457652437877056, "E02B": 0.11144131138975419, "E04B": 0.21396731675240224, "E04C": 0.031203567065139406, "H02J": 0.00891530469862294, "E03B": 0.031203567330836155, "B02C": 0.049034176816647644, "H04N": 0.017830609751508224, "E02D": 0.5482912500360108, "G01S": 0.02228826201225411, "E05C": 0.004457652437877056, "E21D": 0.14710253036137716, "E21B": 0.12035661582268031, "B28B": 0.00891530487575411, "E04G": 0.1248142681719918, "C04B": 0.10252600553977864, "G01N": 0.08915304902323778, "B01F": 0.035661219680147634, "D03D": 0.008915305052885283, "E02F": 0.08915304822614749, "C09K": 0.08915304849184427, "E04D": 0.004457652437877056, "E04H": 0.06240713413027876, "E01B": 0.008915304787188525, "G01L": 0.022288261835122874, "F03D": 0.008915305230016456, "C08L": 0.013372957313631166, "F24T": 0.01337295722506558, "G06T": 0.00891530487575411, "B09B": 0.022288262189385285, "F16F": 0.022288262189385285, "A62C": 0.004457652437877056, "F25B": 0.00891530487575411, "G21F": 0.017830609751508224, "G21C": 0.02228826201225411, "G02B": 0.013372957313631166, "B08B": 0.00891530487575411, "F16J": 0.022288262189385285, "A01G": 0.01783060984007378, "B25J": 0.004457652437877056, "B63B": 0.013372957313631166, "E06B": 0.013372957490762338, "F01D": 0.00445765234931147, "E01C": 0.049034176816647644, "E03F": 0.026745914627262345, "F26B": 0.004457652437877056, "F16L": 0.035661219680147634, "G01V": 0.022288262100819665, "G16Y": 0.00891530487575411, "H02S": 0.031203567065139406, "B09C": 0.00891530487575411, "F28D": 0.00445765234931147, "G06F": 0.00891530487575411, "C12N": 0.004457652437877056, "F25D": 0.004457652437877056, "B26D": 0.01337295704793441, "C02F": 0.04457652464446734, "E01D": 0.004457652437877056, "B66C": 0.022288262100819696, "G01M": 0.01337295722506558, "F16D": 0.008915304787188525, "G01B": 0.05794948169240173, "H02G": 0.00891530487575411, "H02N": 0.008915304787188494, "H01L": 0.00891530487575411, "G01D": 0.00891530487575411, "C08K": 0.00891530487575411, "B65D": 0.017830609751508224, "E05F": 0.00891530487575411, "C09J": 0.02674591445013117, "F16C": 0.00891530487575411, "G09F": 0.004457652260745884, "B60W": 0.004457652437877056, "B01D": 0.013372957313631166, "E05D": 0.004457652437877056, "B64C": 0.004457652437877056, "G01C": 0.04011887194089352, "F16K": 0.022288262189385285, "A01C": 0.004457652437877056, "B24C": 0.017830609928639395, "F04D": 0.004457652437877056, "F02C": 0.00891530487575411, "H01R": 0.00891530487575411, "B23K": 0.01783060984007378, "B63H": 0.00891530487575411, "F16B": 0.013372957313631166, "G03B": 0.004457652437877056, "B66F": 0.013372957313631166, "E01H": 0.004457652437877056, "E04F": 0.013372957313631166, "E21C": 0.004457652437877056, "C08F": 0.004457652437877056, "G01R": 0.004457652437877056, "B42D": 0.004457652437877056, "F03B": 0.004457652437877056, "H02P": 0.00445765234931147, "B82Y": 0.004457652437877056, "B28C": 0.013372957313631166, "B65G": 0.008915305052885283, "C09D": 0.004457652437877056, "B01J": 0.004457652437877056, "C05D": 0.008915304787188525, "E21F": 0.00891530487575411, "C22C": 0.004457652437877056, "B64B": 0.004457652437877056, "C10B": 0.004457652437877056, "B21D": 0.00891530487575411, "C25D": 0.004457652437877056}