{"": 0.001485884505309924, "E02B": 0.03714711263274812, "E04B": 0.07132245616631079, "E04C": 0.010401191537169467, "H02J": 0.002971769010619848, "E03B": 0.010401191537169467, "B02C": 0.01634472955840916, "H04N": 0.005943538021239696, "E02D": 0.18276379371029275, "G01S": 0.00742942252654962, "E05C": 0.001485884505309924, "E21D": 0.049034188675227526, "E21B": 0.04011888155480235, "B28B": 0.002971769010619848, "E04G": 0.0416047661486779, "C04B": 0.03417534353356265, "G01N": 0.029717690017632872, "B01F": 0.011887076042479391, "D03D": 0.002971769010619848, "E02F": 0.029717689929067252, "C09K": 0.029717690017632872, "E04D": 0.001485884505309924, "E04H": 0.020802382897207705, "E01B": 0.002971769010619848, "G01L": 0.007429422349418383, "F03D": 0.002971769010619848, "C08L": 0.004457653515929772, "F24T": 0.004457653515929772, "G06T": 0.002971769010619848, "B09B": 0.00742942252654962, "F16F": 0.00742942252654962, "A62C": 0.001485884505309924, "F25B": 0.002971769010619848, "G21F": 0.005943538021239696, "G21C": 0.00742942252654962, "G02B": 0.004457653515929772, "B08B": 0.002971769010619848, "F16J": 0.00742942252654962, "A01G": 0.005943537932674077, "B25J": 0.001485884505309924, "B63B": 0.004457653515929772, "E06B": 0.004457653515929772, "F01D": 0.001485884505309924, "E01C": 0.01634472955840916, "E03F": 0.008915307031859544, "F26B": 0.001485884505309924, "F16L": 0.011887076042479391, "G01V": 0.007429422437984001, "G16Y": 0.002971769010619848, "H02S": 0.010401191537169467, "B09C": 0.002971769010619848, "F28D": 0.001485884505309924, "G06F": 0.002971769010619848, "C12N": 0.001485884505309924, "F25D": 0.001485884505309924, "B26D": 0.004457653515929772, "C02F": 0.01485884505309924, "E01D": 0.001485884505309924, "B66C": 0.00742942252654962, "G01M": 0.004457653515929772, "F16D": 0.002971769010619848, "G01B": 0.019316498480463393, "H02G": 0.002971769010619848, "H02N": 0.00297176892205423, "H01L": 0.002971769010619848, "G01D": 0.002971769010619848, "C08K": 0.002971769010619848, "B65D": 0.005943538021239696, "E05F": 0.002971769010619848, "C09J": 0.008915307031859544, "F16C": 0.002971769010619848, "G09F": 0.001485884505309924, "B60W": 0.001485884505309924, "B01D": 0.004457653515929772, "E05D": 0.001485884505309924, "B64C": 0.001485884505309924, "G01C": 0.013372960547789315, "F16K": 0.00742942252654962, "A01C": 0.001485884505309924, "B24C": 0.005943538021239696, "F04D": 0.001485884505309924, "F02C": 0.002971769010619848, "H01R": 0.002971769010619848, "B23K": 0.005943537932674077, "B63H": 0.002971769010619848, "F16B": 0.004457653515929772, "G03B": 0.001485884505309924, "B66F": 0.004457653515929772, "E01H": 0.001485884505309924, "E04F": 0.004457653515929772, "E21C": 0.001485884505309924, "C08F": 0.001485884505309924, "G01R": 0.001485884505309924, "B42D": 0.001485884505309924, "F03B": 0.001485884505309924, "H02P": 0.001485884505309924, "B82Y": 0.001485884505309924, "B28C": 0.004457653515929772, "B65G": 0.002971769010619848, "C09D": 0.001485884505309924, "B01J": 0.001485884505309924, "C05D": 0.002971769010619848, "E21F": 0.002971769010619848, "C22C": 0.001485884505309924, "B64B": 0.001485884505309924, "C10B": 0.001485884505309924, "B21D": 0.002971769010619848, "C25D": 0.001485884505309924}