{"": 0.019801979607874803, "E21D": 0.2970296947082672, "E02D": 0.07920791902164422, "G01V": 0.019801979607874803, "E21F": 0.07920791843149921, "G06T": 0.039603960396039604, "B66B": 0.03960395980589461, "E03F": 0.05940593882362442, "E21B": 0.09900989803937402, "G06K": 0.03960395980589461, "G09G": 0.039603959215749614, "G01N": 0.15841583745314344, "F21W": 0.019801979607874803, "F02D": 0.1188118782373938, "E02B": 0.05940593941376941, "G01L": 0.03960395980589461, "E04B": 0.019801979607874803, "G01B": 0.07920791902164422, "E01B": 0.039603959215749614, "G02B": 0.019801979607874803, "G01D": 0.039603959215749614, "G01C": 0.15841583686299845, "E21C": 0.05940593882362442, "G10K": 0.07920791902164422, "G01S": 0.019801979607874803, "G03B": 0.039603959215749614, "F42D": 0.05940593941376941, "F21V": 0.019801979607874803, "F21S": 0.019801981378309796, "E04G": 0.039603959215749614, "B63B": 0.019801979607874803, "B64D": 0.019801979607874803, "E01C": 0.019801979607874803, "A62C": 0.039603959215749614}