{"": 0.029702969706884706, "E21D": 0.4455445461934158, "E02D": 0.1188118805979738, "G01V": 0.029702969706884706, "E21F": 0.1188118788275388, "G06T": 0.05940594059405941, "B66B": 0.059405940003914415, "E03F": 0.08910890912065411, "E21B": 0.14851484853442354, "G06K": 0.059405940003914415, "G09G": 0.05940593941376942, "G01N": 0.23762375824522272, "F21W": 0.029702969706884706, "F02D": 0.17821781883145324, "E02B": 0.0891089097107991, "G01L": 0.059405940003914415, "E04B": 0.029702969706884706, "G01B": 0.1188118794176838, "E01B": 0.05940593941376942, "G02B": 0.029702969706884706, "G01D": 0.05940593941376942, "G01C": 0.23762375765507773, "E21C": 0.08910890912065411, "G10K": 0.1188118794176838, "G01S": 0.029702969706884706, "G03B": 0.05940593941376942, "F42D": 0.0891089097107991, "F21V": 0.029702969706884706, "F21S": 0.0297029714773197, "E04G": 0.05940593941376942, "B63B": 0.029702969706884706, "B64D": 0.029702969706884706, "E01C": 0.029702969706884706, "A62C": 0.05940593941376942}