{"": 0.04950494990490451, "E21D": 0.7425742491637131, "E02D": 0.19801980139005307, "G01V": 0.04950494990490451, "E21F": 0.19801979961961808, "G06T": 0.099009900990099, "B66B": 0.099009900399954, "E03F": 0.14851484971471351, "E21B": 0.24752474952452264, "G06K": 0.099009900399954, "G09G": 0.09900989980980901, "G01N": 0.39603959982938125, "F21W": 0.04950494990490451, "F02D": 0.29702970001957213, "E02B": 0.1485148503048585, "G01L": 0.09900989980980901, "E04B": 0.04950494931475951, "G01B": 0.19801980020976306, "E01B": 0.09900989980980901, "G02B": 0.04950494990490451, "G01D": 0.09900989980980901, "G01C": 0.39603959923923626, "E21C": 0.14851484971471351, "G10K": 0.19801980020976306, "G01S": 0.04950494990490451, "G03B": 0.09900989980980901, "F42D": 0.1485148503048585, "F21V": 0.04950494990490451, "F21S": 0.049504951675339505, "E04G": 0.09900989980980901, "B63B": 0.04950494990490451, "B64D": 0.04950494990490451, "E01C": 0.04950494990490451, "A62C": 0.09900989980980901}