{"": 1.9858509455284058e-41, "G06F": 1.588558557372537e-41, "E02B": 1.5912062034598445e-41, "G06T": 1.588558557372537e-41, "H04R": 1.5884130823127947e-41, "0000": 1.985880040540354e-41, "E02D": 1.588558557372537e-41, "F24F": 1.596996110837583e-41, "E04B": 1.588558557372537e-41, "G09G": 1.5966760657061504e-41, "B09B": 1.588442177324743e-41, "G06Q": 1.5969088258017378e-41, "F16F": 1.5944066547741722e-41, "G16H": 0.05876223301642914, "E04G": 0.05876730983654706, "G06N": 1.5858527212613322e-41, "G10L": 0.058861577043488295, "G01C": 1.5967342557300473e-41, "E04C": 0.05876730983654706, "E04H": 1.5967924457539442e-41, "E01D": 0.117632677116038, "G01M": 1.5966760657061504e-41, "G16Z": 0.4117475152067165, "B33Y": 1.98838221156792e-41, "A01K": 1.5911189184239992e-41, "E21D": 1.5969088258017378e-41, "C02F": 1.5916426286390705e-41, "H04S": 1.5969379208136864e-41, "E04F": 1.588296702265001e-41, "G10K": 0.058861577043488295, "G09B": 0.1765998009007457, "F16L": 1.5883548922888978e-41, "G08B": 1.5966760657061504e-41, "G01H": 1.5833214552218182e-41, "G05B": 1.5967924457539442e-41, "G01N": 1.5966760657061504e-41, "G06V": 1.988731351711301e-41, "B65G": 1.588296702265001e-41, "G09F": 1.5855908661537961e-41, "A62B": 1.5940284196188426e-41, "A01G": 1.588442177324743e-41, "A61M": 1.5884130823127947e-41, "G01V": 1.5854453910940542e-41, "H02B": 1.5939120395710487e-41, "E03C": 1.585503581117951e-41, "G01R": 1.5969670158256348e-41, "G21C": 1.588296702265001e-41, "G05D": 1.5940284196188426e-41, "H02J": 1.5941447996666364e-41, "H02S": 1.5941447996666364e-41, "E04D": 1.5941738946785848e-41, "G01W": 1.5944066547741722e-41, "H01L": 1.5860854813569196e-41, "E01C": 1.5944648447980691e-41, "G21F": 1.5966760657061504e-41, "G01L": 1.5883257972769495e-41}