{"": 6.47968786789359e-41, "G06F": 0.03334544754902838, "E02B": 0.06663782879359963, "G06T": 6.288793957215466e-41, "H04R": 0.06666363288699527, "0000": 6.479960262172525e-41, "E02D": 6.28860328122021e-41, "F24F": 6.328427324800618e-41, "E04B": 6.288385365797062e-41, "G09G": 6.32322459407294e-41, "B09B": 6.285933817286655e-41, "G06Q": 0.03332080736546147, "F16F": 6.318593891331027e-41, "G16H": 6.277625791779107e-41, "E04G": 0.033272514691217135, "G06N": 6.27795266491383e-41, "G10L": 6.327855296814852e-41, "G01C": 6.323496988351874e-41, "E04C": 6.323442509496088e-41, "E04H": 6.32543098773232e-41, "E01D": 6.325022396313919e-41, "G01M": 6.322707044942962e-41, "G16Z": 0.266611499131542, "B33Y": 6.485462626607013e-41, "A01K": 0.03332080736546147, "E21D": 0.03332080736546147, "C02F": 6.307643641317815e-41, "H04S": 0.0332989464626973, "E04F": 6.282774043651e-41, "G10K": 6.286478605844527e-41, "G09B": 6.27857917175538e-41, "F16L": 0.2335395292289707, "G08B": 6.321018200413556e-41, "G01H": 6.497992763438054e-41, "G05B": 6.325730621439151e-41, "G01N": 0.03333611850613776, "G06V": 6.492490399003562e-41, "B65G": 0.03332080736546147, "G09F": 6.501234255357389e-41, "A62B": 0.03333611850613776, "A01G": 0.03332080736546147, "A61M": 6.285715901863506e-41, "G01V": 6.498401354856454e-41, "H02B": 6.309250767563539e-41, "E03C": 0.03335432741636651, "G01R": 6.328018733382214e-41, "G21C": 6.283073677357829e-41, "G05D": 6.313091526896537e-41, "H02J": 6.314807610853823e-41, "H02S": 6.315733751402206e-41, "E04D": 6.315788230257993e-41, "G01W": 6.318512173047346e-41, "H01L": 6.280703847131082e-41, "E01C": 6.320173778148856e-41, "G21F": 6.322461890091919e-41, "G01L": 6.28345502934834e-41}