{"": 1.7414003036197539e-40, "G06F": 1.715139262342817e-40, "E02B": 1.7600112068061547e-40, "G06T": 1.715104266285678e-40, "H04R": 1.752851013515561e-40, "0000": 1.741638276808298e-40, "E02D": 1.715048272594256e-40, "F24F": 1.7721198425761735e-40, "E04B": 1.7540653766982778e-40, "G09G": 1.770405035776374e-40, "B09B": 1.7531834760583794e-40, "G06Q": 1.7717208875247881e-40, "F16F": 1.7115976613603722e-40, "G16H": 1.7504082887272754e-40, "E04G": 1.7523960647727579e-40, "G06N": 1.7504747812358394e-40, "G10L": 1.7718048780619211e-40, "G01C": 1.770506524342076e-40, "E04C": 0.1817800413478792, "E04H": 1.771132953764858e-40, "E01D": 1.7708214888563239e-40, "G01M": 1.7701775614049716e-40, "G16Z": 0.45449676766854114, "B33Y": 1.7434335745395165e-40, "A01K": 1.7587198522977325e-40, "E21D": 1.7717663823990683e-40, "C02F": 1.762691904782987e-40, "H04S": 1.7718608717533434e-40, "E04F": 1.7520776006527965e-40, "G10K": 1.7537189157326057e-40, "G09B": 0.27284964546814944, "F16L": 1.7525115517613157e-40, "G08B": 1.7697821059593007e-40, "G01H": 1.7473636317562016e-40, "G05B": 1.7711679498219964e-40, "G01N": 1.770366540113521e-40, "G06V": 1.745393353739289e-40, "B65G": 1.7521440931613605e-40, "G09F": 1.748665485081764e-40, "A62B": 1.7647181764913227e-40, "A01G": 1.7531239827612431e-40, "A61M": 1.753095985915532e-40, "G01V": 1.7476820958761669e-40, "H02B": 1.7630558637772305e-40, "E03C": 1.7480005599961288e-40, "G01R": 0.0908735455154302, "G21C": 1.7521685904013576e-40, "G05D": 1.7646306863484748e-40, "H02J": 1.7650156429770018e-40, "H02S": 1.7105617780690675e-40, "E04D": 1.7105862753090646e-40, "G01W": 1.7115626653032336e-40, "H01L": 1.7514756684700106e-40, "E01C": 1.7694286457821989e-40, "G21F": 1.7700550752049862e-40, "G01L": 1.7524590576756074e-40}