{"": 0.0032626418312491487, "E02D": 0.05872755461546784, "G01J": 0.003262641928483451, "E21D": 0.22185965055346815, "B61D": 0.0130505677139338, "B65G": 0.11745510923093569, "B62D": 0.009787925688216039, "F04B": 0.035889061116083656, "B66F": 0.05872755451823351, "G06F": 0.003262641928483451, "E03F": 0.022838493499384157, "C09K": 0.06851548040091819, "E04B": 0.04241434497305056, "F16B": 0.08156604821208631, "E21B": 0.04893962892725178, "A01G": 0.0130505677139338, "B05D": 0.0130505677139338, "C04B": 0.055464912686984384, "G02B": 0.003262641928483451, "G01C": 0.02936377725911676, "B32B": 0.003262641928483451, "B01J": 0.009787925785450352, "E01C": 0.0130505677139338, "E21C": 0.019575851570900703, "F16L": 0.11419246739968654, "B66C": 0.0326264191876002, "B60M": 0.009787925785450352, "G01F": 0.013050567616699489, "E04G": 0.05872755451823353, "E02B": 0.02610113542786761, "A61M": 0.006525283856966902, "C23F": 0.006525283856966902, "E02F": 0.052202270758500924, "E21F": 0.0130505677139338, "F15B": 0.0130505677139338, "E04H": 0.006525283856966902, "B61G": 0.006525283856966902, "B05B": 0.019575851570900703, "B29C": 0.019575851473666403, "G03B": 0.003262641928483451, "B61J": 0.0032626418312491487, "F16J": 0.022838493499384157, "A61J": 0.003262641928483451, "B60L": 0.003262641928483451, "B28B": 0.032626419284834514, "B01F": 0.022838493499384157, "B60P": 0.01631320964241725, "C02F": 0.022838493207681224, "G06Q": 0.003262641928483451, "G01L": 0.009787925785450352, "G01B": 0.03915170304456711, "G01S": 0.019575851570900703, "F21M": 0.003262641928483451, "F21W": 0.006525283856966902, "B65D": 0.006525283856966902, "B01D": 0.006525283856966902, "B25D": 0.003262641928483451, "G01N": 0.052202270369563666, "G06T": 0.0130505677139338, "C08L": 0.003262641928483451, "C08G": 0.003262641928483451, "F16K": 0.003262641928483451, "B02C": 0.009787925785450352, "A61G": 0.006525283856966902, "B61K": 0.003262641928483451, "C09J": 0.003262641928483451, "G01M": 0.003262641928483451, "H04N": 0.01631320964241725, "A01C": 0.003262641928483451, "F21V": 0.006525283856966902, "F16D": 0.009787925785450352, "E03C": 0.00652528375973259, "A47K": 0.0032626418312491487, "G06N": 0.009787925785450352, "C08K": 0.0065252837597325995, "A62C": 0.006525283856966902, "B03B": 0.003262641928483451, "E01F": 0.009787925785450352, "G21C": 0.003262641928483451, "G01V": 0.006525283856966902, "E04C": 0.01631320954518295, "F03C": 0.006525283856966902, "B61L": 0.003262641928483451, "E03B": 0.009787925688216051, "B66B": 0.003262641928483451, "B61B": 0.01631320964241725, "E01D": 0.009787925785450352, "D04H": 0.003262641928483451, "E01B": 0.0130505677139338, "A47B": 0.006525283856966902, "B28C": 0.003262641928483451, "B23K": 0.006525283856966902, "F04F": 0.003262641928483451, "H02G": 0.013050567616699489, "B29K": 0.00652528375973259, "G21F": 0.00652528375973259, "F16C": 0.003262641928483451, "B25J": 0.003262641928483451, "B23B": 0.003262641928483451, "F28D": 0.003262641928483451, "B08B": 0.009787925688216039, "G08C": 0.003262641928483451, "B65F": 0.006525283856966902, "F24F": 0.003262641928483451, "B05C": 0.003262641928483451, "B61H": 0.003262641928483451, "F16G": 0.003262641928483451, "C07F": 0.006525283856966902, "G01D": 0.003262641928483451, "G06K": 0.003262641928483451, "G05B": 0.003262641928483451, "H01L": 0.003262641928483451, "F04C": 0.003262641928483451, "B29L": 0.003262641928483451, "B60V": 0.003262641928483451, "A01D": 0.003262641928483451, "F04D": 0.003262641928483451, "B63B": 0.003262641928483451, "F16F": 0.006525283856966902, "F25B": 0.003262641928483451, "E04F": 0.003262641928483451, "H05F": 0.003262641928483451, "C10J": 0.003262641928483451}