{"": 0.003262643227902045, "E21F": 0.029363788953884064, "F04B": 0.026101145823216352, "B66F": 0.055464934874334744, "E04B": 0.03588907550692248, "E21D": 0.2414355985730489, "G01F": 0.022838502595314312, "B05B": 0.022838502595314312, "E21B": 0.05872757800500246, "B65G": 0.1402936585080852, "E04C": 0.013050572911608181, "E02D": 0.06525286446080655, "E03F": 0.016313216139510228, "B23K": 0.013050572911608181, "E04G": 0.08156608060031686, "F16B": 0.08482872343928151, "B28B": 0.06199022113567014, "B08B": 0.013050572911608181, "C09K": 0.05546493467986608, "F03C": 0.003262643227902045, "E01B": 0.016313216042275865, "C23F": 0.019575859270177937, "G21F": 0.00652528645580409, "C04B": 0.03915171873482453, "H02G": 0.016313216139510228, "B66C": 0.04241436196272657, "E03B": 0.013050572911608181, "F16L": 0.11419251258763445, "A01G": 0.013050572911608181, "C02F": 0.01957585927017794, "G01N": 0.05220229135472968, "G01S": 0.013050572814373851, "E02B": 0.01957585936741227, "F21V": 0.009787929683706136, "H04N": 0.00652528645580409, "B61D": 0.00652528645580409, "F16D": 0.00652528645580409, "G01C": 0.01957585936741227, "E02F": 0.048939648321296325, "B29K": 0.003262643227902045, "F04F": 0.00652528645580409, "F21S": 0.003262643227902045, "G01B": 0.01957585936741227, "B05C": 0.003262643227902045, "B01F": 0.03262643218178608, "F16J": 0.016313216139510228, "B65F": 0.003262643227902045, "B28C": 0.00652528645580409, "E05C": 0.003262643227902045, "F25D": 0.003262643227902045, "E01D": 0.013050572911608181, "G05D": 0.003262643227902045, "B60L": 0.003262643227902045, "B26F": 0.006525286358569729, "G03B": 0.003262643227902045, "G01V": 0.009787929878174796, "B61G": 0.003262643227902045, "G21C": 0.013050572911608181, "A01C": 0.003262643227902045, "E21C": 0.013050572911608181, "B01D": 0.003262643227902045, "A62C": 0.003262643227902045, "B60P": 0.003262643227902045, "F15B": 0.009787929586471776, "B01J": 0.009787929683706136, "D04H": 0.0065252862613353994, "B65H": 0.009787929683706136, "B05D": 0.013050572911608181, "B61B": 0.013050572911608181, "F04C": 0.003262643227902045, "C22C": 0.003262643227902045, "G09B": 0.00652528645580409, "B25D": 0.003262643227902045, "B61J": 0.003262643130667685, "G01L": 0.00652528645580409, "G06Q": 0.003262643227902045, "B65D": 0.013050572911608181, "G05B": 0.003262643227902045, "D01F": 0.003262643227902045, "C08L": 0.003262643227902045, "B63B": 0.00652528645580409, "A61G": 0.00652528645580409, "E04F": 0.003262643227902045, "B03B": 0.003262643227902045, "B61H": 0.003262643227902045, "G01K": 0.003262643227902045, "G06T": 0.003262643227902045, "G08C": 0.00652528645580409, "A47B": 0.003262643227902045, "A61M": 0.003262643227902045, "F16F": 0.00652528645580409, "C08K": 0.00652528645580409, "B29C": 0.022838502595314312, "F04D": 0.003262643227902045, "B24C": 0.00652528645580409, "G06N": 0.006525286358569759, "F17D": 0.003262643227902045, "B61L": 0.003262643227902045, "B60M": 0.003262643227902045, "E04H": 0.003262643227902045, "E01C": 0.00652528645580409, "B61F": 0.003262643227902045, "F16K": 0.003262643227902045, "E01F": 0.006525286358569759, "B02C": 0.003262643227902045, "C07F": 0.00652528645580409, "F16G": 0.003262643130667714, "F42D": 0.003262643227902045, "C08G": 0.003262643227902045, "B04C": 0.003262643227902045, "B32B": 0.003262643227902045, "E01H": 0.003262643227902045, "B60V": 0.003262643227902045, "B25J": 0.003262643227902045, "H01L": 0.003262643227902045, "B60R": 0.003262643227902045, "A61J": 0.003262643227902045, "F21M": 0.003262643227902045}