{"": 0.0016313213703099511, "E21F": 0.014681892235555228, "F04B": 0.013050570962479609, "B66F": 0.02773246329526917, "E04B": 0.017944535073409464, "E21D": 0.12071778120846789, "G01F": 0.011419249592169658, "B05B": 0.011419249592169658, "E21B": 0.02936378456834479, "B65G": 0.07014681882609364, "E04C": 0.0065252854812398045, "E02D": 0.032626427308964694, "E03F": 0.008156606851549756, "B23K": 0.0065252854812398045, "E04G": 0.040783034160514466, "F16B": 0.04241435543359009, "B28B": 0.03099510593865474, "B08B": 0.0065252854812398045, "C09K": 0.027732463100800506, "F03C": 0.0016313213703099511, "E01B": 0.008156606851549756, "C23F": 0.009787928124625376, "G21F": 0.0032626427406199023, "C04B": 0.019575856443719414, "H02G": 0.008156606851549756, "B66C": 0.021207177814029365, "E03B": 0.0065252854812398045, "F16L": 0.057096247669145346, "A01G": 0.0065252854812398045, "C02F": 0.009787928124625377, "G01N": 0.026101141730490555, "G01S": 0.006525285384005474, "E02B": 0.009787928221859707, "F21V": 0.004893964110929854, "H04N": 0.0032626427406199023, "B61D": 0.0032626427406199023, "F16D": 0.0032626427406199023, "G01C": 0.009787928221859707, "E02F": 0.024469820457414936, "B29K": 0.0016313213703099511, "F04F": 0.0032626427406199023, "F21S": 0.0016313213703099511, "G01B": 0.009787928221859707, "B05C": 0.0016313213703099511, "B01F": 0.016313213703099513, "F16J": 0.008156606851549756, "B65F": 0.0016313213703099511, "B28C": 0.0032626427406199023, "E05C": 0.0016313213703099511, "F25D": 0.0016313213703099511, "E01D": 0.0065252854812398045, "G05D": 0.0016313213703099511, "B60L": 0.0016313213703099511, "B26F": 0.0032626427406199023, "G03B": 0.0016313213703099511, "G01V": 0.004893964305398514, "B61G": 0.0016313213703099511, "G21C": 0.0065252854812398045, "A01C": 0.0016313213703099511, "E21C": 0.0065252854812398045, "B01D": 0.0016313213703099511, "A62C": 0.0016313213703099511, "B60P": 0.0016313213703099511, "F15B": 0.004893964110929854, "B01J": 0.004893964110929854, "D04H": 0.0032626426433855714, "B65H": 0.004893964110929854, "B05D": 0.0065252854812398045, "B61B": 0.0065252854812398045, "F04C": 0.0016313213703099511, "C22C": 0.0016313213703099511, "G09B": 0.0032626427406199023, "B25D": 0.0016313213703099511, "B61J": 0.0016313213703099511, "G01L": 0.0032626427406199023, "G06Q": 0.0016313213703099511, "B65D": 0.0065252854812398045, "G05B": 0.0016313213703099511, "D01F": 0.0016313213703099511, "C08L": 0.0016313213703099511, "B63B": 0.0032626427406199023, "A61G": 0.0032626427406199023, "E04F": 0.0016313213703099511, "B03B": 0.0016313213703099511, "B61H": 0.0016313213703099511, "G01K": 0.0016313213703099511, "G06T": 0.0016313213703099511, "G08C": 0.0032626427406199023, "A47B": 0.0016313213703099511, "A61M": 0.0016313213703099511, "F16F": 0.0032626427406199023, "C08K": 0.0032626427406199023, "B29C": 0.011419249592169658, "F04D": 0.0016313213703099511, "B24C": 0.0032626427406199023, "G06N": 0.0032626426433855714, "F17D": 0.0016313213703099511, "B61L": 0.0016313213703099511, "B60M": 0.0016313213703099511, "E04H": 0.0016313213703099511, "E01C": 0.0032626427406199023, "B61F": 0.0016313213703099511, "F16K": 0.0016313213703099511, "E01F": 0.0032626426433855714, "B02C": 0.0016313213703099511, "C07F": 0.0032626427406199023, "F16G": 0.0016313212730756203, "F42D": 0.0016313213703099511, "C08G": 0.0016313213703099511, "B04C": 0.0016313213703099511, "B32B": 0.0016313213703099511, "E01H": 0.0016313213703099511, "B60V": 0.0016313213703099511, "B25J": 0.0016313213703099511, "H01L": 0.0016313213703099511, "B60R": 0.0016313213703099511, "A61J": 0.0016313213703099511, "F21M": 0.0016313213703099511}