{"": 0.004893962941897463, "E02D": 0.08809133519054341, "G01J": 0.004893963136366086, "E21D": 0.3327894884111761, "B61D": 0.019575852253761378, "B65G": 0.17618266960321233, "B62D": 0.0146818891173953, "F04B": 0.05383359381938671, "B66F": 0.0880913346071375, "G06F": 0.004893963136366086, "E03F": 0.034257741468391, "C09K": 0.10277322401623576, "E04B": 0.06362151980041593, "F16B": 0.12234907646446577, "E21B": 0.07340944578144513, "A01G": 0.019575852253761378, "B05D": 0.0195758523509957, "C04B": 0.08319737195694302, "G02B": 0.004893963039131765, "G01C": 0.04404566783835751, "B32B": 0.004893963136366086, "B01J": 0.014681889117395291, "E01C": 0.0195758523509957, "E21C": 0.029363778234790593, "F16L": 0.17128870685578354, "B66C": 0.04893963039131767, "B60M": 0.014681889117395291, "G01F": 0.019575852059292746, "E04G": 0.08809133460713751, "E02B": 0.03915170441028845, "A61M": 0.00978792617549785, "C23F": 0.009787926078263528, "E02F": 0.0783034087233426, "E21F": 0.0195758523509957, "F15B": 0.019575852156527056, "E04H": 0.009787926078263528, "B61G": 0.00978792617549785, "B05B": 0.029363778234790593, "B29C": 0.029363778332024935, "G03B": 0.004893963039131765, "B61J": 0.004893963039131784, "F16J": 0.03425774137115668, "A61J": 0.004893963039131765, "B60L": 0.004893963039131765, "B28B": 0.04893963048855198, "B01F": 0.03425774137115668, "B60P": 0.024469815195658825, "C02F": 0.034257740982219426, "G06Q": 0.004893963039131765, "G01L": 0.014681889117395291, "G01B": 0.058727556566815525, "G01S": 0.029363778234790593, "F21M": 0.004893963039131765, "F21W": 0.009787926078263528, "B65D": 0.009787926078263528, "B01D": 0.009787926078263528, "B25D": 0.004893963039131765, "G01N": 0.07830340852887398, "G06T": 0.0195758523509957, "C08L": 0.004893963136366086, "C08G": 0.004893963039131765, "F16K": 0.004893963039131765, "B02C": 0.014681889117395291, "A61G": 0.009787926078263528, "B61K": 0.004893963039131765, "C09J": 0.004893963039131765, "G01M": 0.004893963136366086, "H04N": 0.024469815292893146, "A01C": 0.004893963039131765, "F21V": 0.009787926078263528, "F16D": 0.014681889311863934, "E03C": 0.009787925981029217, "A47K": 0.004893962941897463, "G06N": 0.014681889117395291, "C08K": 0.009787925981029226, "A62C": 0.009787926078263528, "B03B": 0.004893963039131765, "E01F": 0.014681889117395291, "G21C": 0.004893963039131765, "G01V": 0.009787926078263528, "E04C": 0.024469815098424524, "F03C": 0.009787926078263528, "B61L": 0.004893963039131765, "E03B": 0.014681889117395312, "B66B": 0.004893963039131765, "B61B": 0.02446981558459611, "E01D": 0.014681889214629613, "D04H": 0.004893963039131765, "E01B": 0.019575852253761378, "A47B": 0.009787926078263528, "B28C": 0.004893963039131765, "B23K": 0.00978792617549785, "F04F": 0.004893963039131765, "H02G": 0.019575852253761388, "B29K": 0.009787925981029217, "G21F": 0.009787925981029217, "F16C": 0.004893963039131765, "B25J": 0.004893963039131765, "B23B": 0.004893963136366086, "F28D": 0.004893963136366086, "B08B": 0.014681889020160979, "G08C": 0.004893963136366086, "B65F": 0.009787926078263528, "F24F": 0.004893963039131765, "B05C": 0.004893963039131765, "B61H": 0.004893963039131765, "F16G": 0.004893963136366086, "C07F": 0.009787926078263528, "G01D": 0.004893963039131765, "G06K": 0.004893963039131765, "G05B": 0.004893963136366086, "H01L": 0.004893963039131765, "F04C": 0.004893963039131765, "B29L": 0.004893963039131765, "B60V": 0.004893963039131765, "A01D": 0.004893963039131765, "F04D": 0.004893963039131765, "B63B": 0.004893963039131765, "F16F": 0.00978792627273217, "F25B": 0.004893963039131765, "E04F": 0.004893963039131765, "H05F": 0.004893963039131765, "C10J": 0.004893963039131765}