{"": 0.006525285968521979, "E21F": 0.05872757361946344, "F04B": 0.0522022877481758, "B66F": 0.11092986146487367, "E04B": 0.07177814555650743, "E21D": 0.48287116128169, "G01F": 0.04567700158518518, "B05B": 0.045677001779653836, "E21B": 0.11745514733616132, "B65G": 0.28058729616027434, "E04C": 0.026101143874087924, "E02D": 0.1305057190787366, "E03F": 0.03262642984260991, "B23K": 0.026101143874087924, "E04G": 0.16313214901858064, "F16B": 0.16965743450093085, "B28B": 0.12398043320744893, "B08B": 0.026101143874087924, "C09K": 0.11092986127040501, "F03C": 0.006525285968521979, "E01B": 0.032626429745375544, "C23F": 0.03915171571389754, "G21F": 0.01305057193704396, "C04B": 0.07830343162226375, "H02G": 0.032626429745375565, "B66C": 0.08482871759078575, "E03B": 0.026101143874087924, "F16L": 0.22838500802316047, "A01G": 0.026101143874087924, "C02F": 0.0391517156166632, "G01N": 0.10440457462124275, "G01S": 0.026101143679619274, "E02B": 0.03915171571389755, "F21V": 0.01957585790556594, "H04N": 0.01305057193704396, "B61D": 0.01305057193704396, "F16D": 0.013050571839809639, "G01C": 0.039151715811131874, "E02F": 0.09787928933336106, "B29K": 0.006525285968521979, "F04F": 0.013050571839809618, "F21S": 0.0065252857740532985, "G01B": 0.039151715811131874, "B05C": 0.006525285968521979, "B01F": 0.06525285929628237, "F16J": 0.03262642984260991, "B65F": 0.006525285968521979, "B28C": 0.01305057193704396, "E05C": 0.006525285968521979, "F25D": 0.006525285968521979, "E01D": 0.026101143874087924, "G05D": 0.006525285968521979, "B60L": 0.006525285968521979, "B26F": 0.013050571839809599, "G03B": 0.006525285968521979, "G01V": 0.0195758581000346, "B61G": 0.006525285968521979, "G21C": 0.026101143874087924, "A01C": 0.006525285968521979, "E21C": 0.026101143874087924, "B01D": 0.006525285968521979, "A62C": 0.006525285968521979, "B60P": 0.006525285968521979, "F15B": 0.01957585771109724, "B01J": 0.01957585790556594, "D04H": 0.013050571742575269, "B65H": 0.01957585790556594, "B05D": 0.026101143874087924, "B61B": 0.02610114377685358, "F04C": 0.006525285968521979, "C22C": 0.006525285968521979, "G09B": 0.01305057193704396, "B25D": 0.006525285968521979, "B61J": 0.00652528587128762, "G01L": 0.01305057193704396, "G06Q": 0.006525285968521979, "B65D": 0.026101143874087924, "G05B": 0.006525285968521979, "D01F": 0.006525285968521979, "C08L": 0.006525285968521979, "B63B": 0.01305057193704396, "A61G": 0.01305057193704396, "E04F": 0.006525285968521979, "B03B": 0.006525285968521979, "B61H": 0.006525285968521979, "G01K": 0.006525285968521979, "G06T": 0.006525285968521979, "G08C": 0.01305057193704396, "A47B": 0.006525285968521979, "A61M": 0.006525285968521979, "F16F": 0.01305057193704396, "C08K": 0.01305057193704396, "B29C": 0.045677001779653836, "F04D": 0.006525285968521979, "B24C": 0.013050571839809639, "G06N": 0.013050571839809628, "F17D": 0.006525285871287658, "B61L": 0.006525285968521979, "B60M": 0.006525285968521979, "E04H": 0.006525285968521979, "E01C": 0.01305057193704396, "B61F": 0.006525285968521979, "F16K": 0.006525285968521979, "E01F": 0.013050571742575307, "B02C": 0.006525285968521979, "C07F": 0.01305057193704396, "F16G": 0.006525285871287648, "F42D": 0.006525285968521979, "C08G": 0.006525285968521979, "B04C": 0.006525285968521979, "B32B": 0.006525285968521979, "E01H": 0.006525285968521979, "B60V": 0.006525285968521979, "B25J": 0.006525285968521979, "H01L": 0.006525285968521979, "B60R": 0.006525285968521979, "A61J": 0.006525285968521979, "F21M": 0.006525285968521979}