{"": 0.00815660701397733, "E21F": 0.0734094630285616, "F04B": 0.06525285611181862, "B66F": 0.13866231923761466, "E04B": 0.0897226770565163, "E21D": 0.6035889188398561, "G01F": 0.05709624890337265, "B05B": 0.057096249097841306, "E21B": 0.14681892615435765, "B65G": 0.3507341011148533, "E04C": 0.03262642805590933, "E02D": 0.16313213998784365, "E03F": 0.040783035069886675, "B23K": 0.03262642805590933, "E04G": 0.20391517515496446, "F16B": 0.21207178168277002, "B28B": 0.15497553307110062, "B08B": 0.03262642805590933, "C09K": 0.138662319043146, "F03C": 0.00815660701397733, "E01B": 0.04078303497265231, "C23F": 0.04893964198662966, "G21F": 0.016313214027954662, "C04B": 0.09787928416772798, "H02G": 0.04078303487541802, "B66C": 0.10603589118170534, "E03B": 0.03262642805590933, "F16L": 0.28548124461409724, "A01G": 0.03262642805590933, "C02F": 0.04893964188939532, "G01N": 0.1305057113485284, "G01S": 0.03262642786144068, "E02B": 0.048939641986629666, "F21V": 0.024469821041931995, "H04N": 0.016313214027954662, "B61D": 0.016313214027954662, "F16D": 0.01631321393072034, "G01C": 0.04893964208386399, "E02F": 0.12234910501519135, "B29K": 0.00815660701397733, "F04F": 0.01631321393072032, "F21S": 0.008156606819508649, "G01B": 0.04893964208386399, "B05C": 0.00815660701397733, "B01F": 0.0815660697508359, "F16J": 0.040783035069886675, "B65F": 0.00815660701397733, "B28C": 0.016313214027954662, "E05C": 0.00815660701397733, "F25D": 0.00815660701397733, "E01D": 0.03262642805590933, "G05D": 0.00815660701397733, "B60L": 0.00815660701397733, "B26F": 0.0163132139307203, "G03B": 0.00815660701397733, "G01V": 0.02446982123640066, "B61G": 0.00815660701397733, "G21C": 0.03262642805590933, "A01C": 0.00815660701397733, "E21C": 0.03262642805590933, "B01D": 0.00815660701397733, "A62C": 0.00815660701397733, "B60P": 0.00815660701397733, "F15B": 0.024469820847463297, "B01J": 0.024469821041931995, "D04H": 0.01631321383348597, "B65H": 0.024469821041931995, "B05D": 0.03262642805590933, "B61B": 0.03262642795867499, "F04C": 0.00815660701397733, "C22C": 0.00815660701397733, "G09B": 0.016313214027954662, "B25D": 0.00815660701397733, "B61J": 0.00815660691674297, "G01L": 0.016313214027954662, "G06Q": 0.00815660701397733, "B65D": 0.03262642805590933, "G05B": 0.00815660701397733, "D01F": 0.008156607208445953, "C08L": 0.00815660701397733, "B63B": 0.016313214027954662, "A61G": 0.016313214027954662, "E04F": 0.00815660701397733, "B03B": 0.00815660701397733, "B61H": 0.00815660701397733, "G01K": 0.00815660701397733, "G06T": 0.00815660701397733, "G08C": 0.016313214027954662, "A47B": 0.00815660701397733, "A61M": 0.00815660701397733, "F16F": 0.016313214027954662, "C08K": 0.016313214027954662, "B29C": 0.057096249097841306, "F04D": 0.00815660701397733, "B24C": 0.01631321393072034, "G06N": 0.01631321393072033, "F17D": 0.008156606916743008, "B61L": 0.00815660701397733, "B60M": 0.00815660701397733, "E04H": 0.00815660701397733, "E01C": 0.016313214027954662, "B61F": 0.00815660701397733, "F16K": 0.00815660701397733, "E01F": 0.01631321383348601, "B02C": 0.00815660701397733, "C07F": 0.016313214027954662, "F16G": 0.008156606916743, "F42D": 0.00815660701397733, "C08G": 0.00815660701397733, "B04C": 0.00815660701397733, "B32B": 0.00815660701397733, "E01H": 0.00815660701397733, "B60V": 0.00815660701397733, "B25J": 0.00815660701397733, "H01L": 0.00815660701397733, "B60R": 0.00815660701397733, "A61J": 0.00815660701397733, "F21M": 0.00815660701397733}