{"": 0.00978792711802053, "E02D": 0.17618269201374215, "G01J": 0.009787927409723483, "E21D": 0.6655790583188368, "B61D": 0.039151709249956645, "B65G": 0.3523653830551414, "B62D": 0.029363781937467488, "F04B": 0.10766720082631819, "B66F": 0.17618269133310188, "G06F": 0.009787927409723483, "E03F": 0.06851549128465846, "C09K": 0.205546473756741, "E04B": 0.1272430551595935, "F16B": 0.24469818320116624, "E21B": 0.14681890988180604, "A01G": 0.03915170934719098, "B05D": 0.039151709444425295, "C04B": 0.16639476440955003, "G02B": 0.009787927312489161, "G01C": 0.08809134610410546, "B32B": 0.009787927409723483, "B01J": 0.02936378193746748, "E01C": 0.039151709444425295, "E21C": 0.05872756387493499, "F16L": 0.34257745652052707, "B66C": 0.09787927312489174, "B60M": 0.02936378193746748, "G01F": 0.03915170915272234, "E04G": 0.17618269143033624, "E02B": 0.07830341849991333, "A61M": 0.01957585472221264, "C23F": 0.01957585462497832, "E02F": 0.15660683680535786, "E21F": 0.039151709444425295, "F15B": 0.03915170924995665, "E04H": 0.01957585462497832, "B61G": 0.01957585462497833, "B05B": 0.058727563680466346, "B29C": 0.058727563972169335, "G03B": 0.009787927312489161, "B61J": 0.00978792731248918, "F16J": 0.06851549118742414, "A61J": 0.009787927312489161, "B60L": 0.009787927312489161, "B28B": 0.09787927312489171, "B01F": 0.06851549128465848, "B60P": 0.04893963656244582, "C02F": 0.06851549079848691, "G06Q": 0.009787927312489161, "G01L": 0.029363781840233163, "G01B": 0.11745512774987009, "G01S": 0.05872756377770068, "F21M": 0.009787927312489161, "F21W": 0.01957585462497832, "B65D": 0.01957585462497832, "B01D": 0.01957585462497832, "B25D": 0.009787927312489161, "G01N": 0.15660683680535792, "G06T": 0.039151709444425295, "C08L": 0.009787927409723483, "C08G": 0.009787927312489161, "F16K": 0.009787927312489161, "B02C": 0.02936378193746748, "A61G": 0.01957585462497832, "B61K": 0.009787927312489161, "C09J": 0.009787927312489161, "G01M": 0.009787927409723483, "H04N": 0.048939636659680145, "A01C": 0.009787927312489161, "F21V": 0.01957585452774396, "F16D": 0.029363782131936123, "E03C": 0.01957585452774401, "A47K": 0.00978792721525486, "G06N": 0.02936378193746748, "C08K": 0.01957585452774402, "A62C": 0.01957585462497832, "B03B": 0.009787927312489161, "E01F": 0.02936378184023312, "G21C": 0.009787927312489161, "G01V": 0.01957585452774401, "E04C": 0.048939636465211524, "F03C": 0.01957585462497832, "B61L": 0.009787927312489161, "E03B": 0.02936378184023317, "B66B": 0.009787927312489161, "B61B": 0.048939636951383106, "E01D": 0.0293637820347018, "D04H": 0.009787927215254849, "E01B": 0.03915170934719098, "A47B": 0.01957585462497832, "B28C": 0.009787927312489161, "B23K": 0.01957585472221264, "F04F": 0.009787927312489161, "H02G": 0.039151709347190984, "B29K": 0.01957585452774401, "G21F": 0.019575854430509698, "F16C": 0.009787927312489161, "B25J": 0.009787927312489161, "B23B": 0.009787927409723483, "F28D": 0.009787927409723483, "B08B": 0.029363781742998803, "G08C": 0.009787927312489153, "B65F": 0.019575854527743988, "F24F": 0.009787927312489161, "B05C": 0.009787927312489161, "B61H": 0.009787927312489161, "F16G": 0.009787927409723483, "C07F": 0.01957585462497832, "G01D": 0.009787927312489161, "G06K": 0.009787927312489161, "G05B": 0.009787927409723483, "H01L": 0.009787927312489161, "F04C": 0.009787927312489161, "B29L": 0.009787927312489161, "B60V": 0.009787927312489161, "A01D": 0.009787927312489161, "F04D": 0.009787927312489161, "B63B": 0.009787927312489161, "F16F": 0.019575854819446962, "F25B": 0.009787927312489161, "E04F": 0.009787927312489161, "H05F": 0.009787927312489161, "C10J": 0.009787927312489161}