{"": 0.01141924865075783, "E02D": 0.20554647950577903, "G01J": 0.011419248942460783, "E21D": 0.7765089225449706, "B61D": 0.04567699538090583, "B65G": 0.41109295794198186, "B62D": 0.03425774653567938, "F04B": 0.12561173768642853, "B66F": 0.20554647882513877, "G06F": 0.011419248942460783, "E03F": 0.07993474201381959, "C09K": 0.2398042259442241, "E04B": 0.14845023508517827, "F16B": 0.28548122142236476, "E21B": 0.17128873277563106, "A01G": 0.045676995478140164, "B05D": 0.04567699557537448, "C04B": 0.19412723046608396, "G02B": 0.011419248845226462, "G01C": 0.1027732398987412, "B32B": 0.011419248942460783, "B01J": 0.034257746535679374, "E01C": 0.04567699557537448, "E21C": 0.06851549307135879, "F16L": 0.39967371006909885, "B66C": 0.11419248845226478, "B60M": 0.034257746535679374, "G01F": 0.04567699528367153, "E04G": 0.20554647901960746, "E02B": 0.09135399076181176, "A61M": 0.02283849778768724, "C23F": 0.02283849769045292, "E02F": 0.18270798123192017, "E21F": 0.04567699557537448, "F15B": 0.04567699538090584, "E04H": 0.02283849769045292, "B61G": 0.02283849769045293, "B05B": 0.06851549287689015, "B29C": 0.06851549316859314, "G03B": 0.011419248845226462, "B61J": 0.01141924884522648, "F16J": 0.07993474191658527, "A61J": 0.011419248845226462, "B60L": 0.011419248845226462, "B28B": 0.1141924883550304, "B01F": 0.0799347420138196, "B60P": 0.057096244226132305, "C02F": 0.07993474152764804, "G06Q": 0.011419248845226462, "G01L": 0.03425774643844506, "G01B": 0.13703098633718633, "G01S": 0.06851549297412449, "F21M": 0.011419248845226462, "F21W": 0.02283849769045292, "B65D": 0.02283849769045292, "B01D": 0.02283849769045292, "B25D": 0.011419248845226462, "G01N": 0.18270798132915456, "G06T": 0.04567699557537448, "C08L": 0.011419248942460783, "C08G": 0.011419248845226462, "F16K": 0.011419248845226462, "B02C": 0.034257746535679374, "A61G": 0.022838497593218578, "B61K": 0.011419248845226462, "C09J": 0.011419248845226462, "G01M": 0.011419248942460783, "H04N": 0.05709624432336663, "A01C": 0.011419248845226462, "F21V": 0.02283849759321856, "F16D": 0.03425774673014802, "E03C": 0.022838497495984267, "A47K": 0.01141924874799216, "G06N": 0.034257746438445036, "C08K": 0.02283849759321862, "A62C": 0.02283849769045292, "B03B": 0.011419248845226462, "E01F": 0.034257746438445015, "G21C": 0.011419248845226462, "G01V": 0.02283849759321861, "E04C": 0.05709624412889801, "F03C": 0.02283849769045292, "B61L": 0.011419248845226462, "E03B": 0.034257746438445064, "B66B": 0.011419248845226462, "B61B": 0.05709624461506959, "E01D": 0.03425774663291369, "D04H": 0.011419248747992149, "E01B": 0.045676995478140164, "A47B": 0.02283849769045292, "B28C": 0.011419248845226462, "B23K": 0.02283849778768724, "F04F": 0.011419248845226462, "H02G": 0.04567699547814017, "B29K": 0.02283849759321861, "G21F": 0.022838497495984298, "F16C": 0.011419248845226462, "B25J": 0.011419248845226462, "B23B": 0.01141924884522644, "F28D": 0.011419248942460783, "B08B": 0.0342577463412107, "G08C": 0.011419248845226453, "B65F": 0.022838497593218588, "F24F": 0.011419248845226462, "B05C": 0.011419248845226462, "B61H": 0.011419248845226462, "F16G": 0.011419248942460783, "C07F": 0.02283849769045292, "G01D": 0.011419248845226462, "G06K": 0.011419248845226462, "G05B": 0.011419248942460783, "H01L": 0.011419248845226462, "F04C": 0.011419248845226462, "B29L": 0.011419248845226462, "B60V": 0.011419248845226462, "A01D": 0.011419248845226462, "F04D": 0.011419248845226462, "B63B": 0.011419248845226462, "F16F": 0.022838497884921562, "F25B": 0.011419248845226462, "E04F": 0.011419248845226462, "H05F": 0.011419248845226462, "C10J": 0.011419248845226462}