{"": 0.008156605844944908, "E02D": 0.14681890744539755, "G01J": 0.008156606039413532, "E21D": 0.5546492054294619, "B61D": 0.03262642386595116, "B65G": 0.29363781391845123, "B62D": 0.024469817826537635, "F04B": 0.08972266575290869, "B66F": 0.14681890676475728, "G06F": 0.008156606039413532, "E03F": 0.05709624178972312, "C09K": 0.17128872498023226, "E04B": 0.10603587744279845, "F16B": 0.20391514894341772, "E21B": 0.12234908932715692, "A01G": 0.03262642386595116, "B05D": 0.03262642396318548, "C04B": 0.1386623013087497, "G02B": 0.00815660594217921, "G01C": 0.0734094538685502, "B32B": 0.008156606039413532, "B01J": 0.024469817826537628, "E01C": 0.03262642396318548, "E21C": 0.04893963565307526, "F16L": 0.2854812086569125, "B66C": 0.0815660594217922, "B60M": 0.024469817826537628, "G01F": 0.032626423671482524, "E04G": 0.14681890686199164, "E02B": 0.06525284763466803, "A61M": 0.01631321198159274, "C23F": 0.016313211884358417, "E02F": 0.13050569507486748, "E21F": 0.03262642396318548, "F15B": 0.032626423768716835, "E04H": 0.016313211884358417, "B61G": 0.016313211884358428, "B05B": 0.04893963555584095, "B29C": 0.04893963575030961, "G03B": 0.00815660594217921, "B61J": 0.00815660594217923, "F16J": 0.0570962416924888, "A61J": 0.00815660594217921, "B60L": 0.00815660594217921, "B28B": 0.0815660595190265, "B01F": 0.0570962416924888, "B60P": 0.04078302971089605, "C02F": 0.05709624120631723, "G06Q": 0.00815660594217921, "G01L": 0.02446981772930331, "G01B": 0.09787927130615064, "G01S": 0.04893963555584095, "F21M": 0.00815660594217921, "F21W": 0.016313211884358417, "B65D": 0.016313211884358417, "B01D": 0.016313211884358417, "B25D": 0.00815660594217921, "G01N": 0.1305056949776332, "G06T": 0.03262642396318548, "C08L": 0.008156606039413532, "C08G": 0.00815660594217921, "F16K": 0.00815660594217921, "B02C": 0.024469817826537628, "A61G": 0.016313211884358417, "B61K": 0.00815660594217921, "C09J": 0.00815660594217921, "G01M": 0.008156606039413532, "H04N": 0.040783029808130374, "A01C": 0.00815660594217921, "F21V": 0.016313211787124058, "F16D": 0.02446981802100627, "E03C": 0.016313211787124107, "A47K": 0.008156605844944908, "G06N": 0.024469817826537628, "C08K": 0.016313211787124117, "A62C": 0.016313211884358417, "B03B": 0.00815660594217921, "E01F": 0.02446981772930327, "G21C": 0.00815660594217921, "G01V": 0.016313211787124107, "E04C": 0.04078302961366175, "F03C": 0.016313211884358417, "B61L": 0.00815660594217921, "E03B": 0.02446981782653765, "B66B": 0.00815660594217921, "B61B": 0.040783030099833334, "E01D": 0.024469817923771946, "D04H": 0.008156605844944898, "E01B": 0.03262642386595116, "A47B": 0.016313211884358417, "B28C": 0.00815660594217921, "B23K": 0.01631321198159274, "F04F": 0.00815660594217921, "H02G": 0.03262642386595117, "B29K": 0.016313211787124107, "G21F": 0.016313211689889796, "F16C": 0.00815660594217921, "B25J": 0.00815660594217921, "B23B": 0.008156606039413532, "F28D": 0.008156606039413532, "B08B": 0.02446981763206895, "G08C": 0.008156606039413532, "B65F": 0.016313211884358417, "F24F": 0.00815660594217921, "B05C": 0.00815660594217921, "B61H": 0.00815660594217921, "F16G": 0.008156606039413532, "C07F": 0.016313211884358417, "G01D": 0.00815660594217921, "G06K": 0.00815660594217921, "G05B": 0.008156606039413532, "H01L": 0.00815660594217921, "F04C": 0.00815660594217921, "B29L": 0.00815660594217921, "B60V": 0.00815660594217921, "A01D": 0.00815660594217921, "F04D": 0.00815660594217921, "B63B": 0.00815660594217921, "F16F": 0.01631321207882706, "F25B": 0.00815660594217921, "E04F": 0.00815660594217921, "H05F": 0.00815660594217921, "C10J": 0.00815660594217921}