{"": 0.001631321045455351, "E02D": 0.02936377881819633, "G01J": 0.001631321045455351, "E21D": 0.1109298306047924, "B61D": 0.006525284181821404, "B65G": 0.05872755753915837, "B62D": 0.0048939630391317416, "F04B": 0.01794453140277455, "B66F": 0.0293637786237277, "G06F": 0.001631321045455351, "E03F": 0.011419247318187458, "C09K": 0.03425774185732808, "E04B": 0.021207173493685255, "F16B": 0.0407830261363838, "E21B": 0.02446981568183027, "A01G": 0.006525284181821404, "B05D": 0.006525284181821404, "C04B": 0.027732457772740977, "G02B": 0.001631321045455351, "G01C": 0.01468188940909816, "B32B": 0.001631321045455351, "B01J": 0.004893963136366053, "E01C": 0.006525284181821404, "E21C": 0.009787926272732107, "F16L": 0.05709623659093733, "B66C": 0.0163132103573192, "B60M": 0.004893963136366053, "G01F": 0.006525284084587093, "E04G": 0.02936377872096202, "E02B": 0.013050568363642809, "A61M": 0.003262642090910702, "C23F": 0.003262642090910702, "E02F": 0.026101136630051314, "E21F": 0.006525284181821404, "F15B": 0.006525284181821404, "E04H": 0.003262642090910702, "B61G": 0.003262642090910702, "B05B": 0.009787926272732107, "B29C": 0.009787926272732107, "G03B": 0.001631321045455351, "B61J": 0.001631321045455351, "F16J": 0.011419247318187458, "A61J": 0.001631321045455351, "B60L": 0.001631321045455351, "B28B": 0.01631321045455351, "B01F": 0.011419247318187458, "B60P": 0.008156605227276756, "C02F": 0.011419247026484523, "G06Q": 0.001631321045455351, "G01L": 0.004893963136366053, "G01B": 0.019575852448229902, "G01S": 0.009787926272732107, "F21M": 0.001631321045455351, "F21W": 0.003262642090910702, "B65D": 0.003262642090910702, "B01D": 0.003262642090910702, "B25D": 0.001631321045455351, "G01N": 0.02610113624111406, "G06T": 0.006525284181821404, "C08L": 0.001631321045455351, "C08G": 0.001631321045455351, "F16K": 0.001631321045455351, "B02C": 0.004893963136366053, "A61G": 0.003262642090910702, "B61K": 0.001631321045455351, "C09J": 0.001631321045455351, "G01M": 0.001631321045455351, "H04N": 0.008156605227276756, "A01C": 0.001631321045455351, "F21V": 0.003262642090910702, "F16D": 0.004893963136366053, "E03C": 0.0032626419936763905, "A47K": 0.001631321045455351, "G06N": 0.004893963136366053, "C08K": 0.003262642090910702, "A62C": 0.003262642090910702, "B03B": 0.001631321045455351, "E01F": 0.004893963136366053, "G21C": 0.001631321045455351, "G01V": 0.003262642090910702, "E04C": 0.008156605227276756, "F03C": 0.003262642090910702, "B61L": 0.001631321045455351, "E03B": 0.004893963136366053, "B66B": 0.001631321045455351, "B61B": 0.008156605227276756, "E01D": 0.004893963136366053, "D04H": 0.001631321045455351, "E01B": 0.006525284181821404, "A47B": 0.003262642090910702, "B28C": 0.001631321045455351, "B23K": 0.003262642090910702, "F04F": 0.001631321045455351, "H02G": 0.006525284084587093, "B29K": 0.0032626419936763905, "G21F": 0.0032626419936763905, "F16C": 0.001631321045455351, "B25J": 0.001631321045455351, "B23B": 0.001631321045455351, "F28D": 0.001631321045455351, "B08B": 0.0048939630391317416, "G08C": 0.001631321045455351, "B65F": 0.003262642090910702, "F24F": 0.001631321045455351, "B05C": 0.001631321045455351, "B61H": 0.001631321045455351, "F16G": 0.001631321045455351, "C07F": 0.003262642090910702, "G01D": 0.001631321045455351, "G06K": 0.001631321045455351, "G05B": 0.001631321045455351, "H01L": 0.001631321045455351, "F04C": 0.001631321045455351, "B29L": 0.001631321045455351, "B60V": 0.001631321045455351, "A01D": 0.001631321045455351, "F04D": 0.001631321045455351, "B63B": 0.001631321045455351, "F16F": 0.003262642090910702, "F25B": 0.001631321045455351, "E04F": 0.001631321045455351, "H05F": 0.001631321045455351, "C10J": 0.001631321045455351}