{"": 0.011419249104888032, "E21F": 0.10277324184675796, "F04B": 0.09135399274186995, "B66F": 0.19412723478309665, "E04B": 0.12561174005653405, "E21D": 0.8450244335672523, "G01F": 0.07993474353974758, "B05B": 0.07993474373421625, "E21B": 0.20554648379075036, "B65G": 0.49102771102401127, "E04C": 0.045676996419552154, "E02D": 0.22838498180605776, "E03F": 0.0570962455244402, "B23K": 0.045676996419552154, "E04G": 0.2854812274277315, "F16B": 0.2969004759492133, "B28B": 0.21696573279840403, "B08B": 0.045676996419552154, "C09K": 0.194127234588628, "F03C": 0.011419249104888032, "E01B": 0.05709624542720584, "C23F": 0.06851549443485958, "G21F": 0.02283849820977607, "C04B": 0.13703098925865645, "H02G": 0.05709624532997155, "B66C": 0.1484502383635445, "E03B": 0.045676996419552154, "F16L": 0.3996737176987357, "A01G": 0.045676996419552154, "C02F": 0.06851549443485955, "G01N": 0.1827079848030997, "G01S": 0.04567699641955213, "E02B": 0.06851549443485958, "F21V": 0.03425774731466411, "H04N": 0.02283849820977607, "B61D": 0.02283849820977607, "F16D": 0.022838498112541752, "G01C": 0.06851549462932822, "E02F": 0.17128873637885192, "B29K": 0.011419249104888032, "F04F": 0.022838498015307417, "F21S": 0.011419248910419351, "G01B": 0.06851549462932822, "B05C": 0.011419249104888032, "B01F": 0.11419249065994296, "F16J": 0.0570962455244402, "B65F": 0.011419249104888032, "B28C": 0.02283849820977607, "E05C": 0.011419249104888032, "F25D": 0.011419249104888032, "E01D": 0.045676996419552154, "G05D": 0.011419249104888032, "B60L": 0.011419249104888032, "B26F": 0.02283849811254171, "G03B": 0.011419249104888032, "G01V": 0.034257747509132776, "B61G": 0.011419249104888032, "G21C": 0.045676996419552154, "A01C": 0.011419249104888032, "E21C": 0.045676996322317844, "B01D": 0.011419249104888032, "A62C": 0.011419249104888032, "B60P": 0.011419249104888032, "F15B": 0.034257747120195414, "B01J": 0.03425774731466411, "D04H": 0.02283849801530738, "B65H": 0.03425774731466411, "B05D": 0.045676996419552154, "B61B": 0.045676996322317816, "F04C": 0.011419249104888032, "C22C": 0.011419249104888032, "G09B": 0.02283849820977607, "B25D": 0.011419249104888032, "B61J": 0.011419249007653672, "G01L": 0.02283849820977607, "G06Q": 0.011419249104888032, "B65D": 0.045676996419552154, "G05B": 0.011419249104888032, "D01F": 0.011419249299356655, "C08L": 0.011419249104888032, "B63B": 0.02283849820977607, "A61G": 0.02283849820977607, "E04F": 0.011419249104888032, "B03B": 0.011419249104888032, "B61H": 0.011419249104888032, "G01K": 0.011419249104888032, "G06T": 0.011419249104888032, "G08C": 0.02283849820977607, "A47B": 0.011419249104888032, "A61M": 0.011419249104888032, "F16F": 0.02283849820977607, "C08K": 0.02283849820977607, "B29C": 0.07993474373421625, "F04D": 0.011419249104888032, "B24C": 0.022838498112541752, "G06N": 0.02283849811254174, "F17D": 0.01141924900765371, "B61L": 0.011419249104888032, "B60M": 0.011419249104888032, "E04H": 0.011419249104888032, "E01C": 0.02283849820977607, "B61F": 0.011419249104888032, "F16K": 0.011419249104888032, "E01F": 0.02283849801530742, "B02C": 0.011419249104888032, "C07F": 0.02283849820977607, "F16G": 0.011419249007653702, "F42D": 0.011419249104888032, "C08G": 0.011419249104888032, "B04C": 0.011419249104888032, "B32B": 0.011419249104888032, "E01H": 0.011419249104888032, "B60V": 0.011419249104888032, "B25J": 0.011419249104888032, "H01L": 0.011419249104888032, "B60R": 0.011419249104888032, "A61J": 0.011419249104888032, "F21M": 0.011419249104888032}