{"": 0.006525283987352814, "E02D": 0.11745511400873976, "G01J": 0.006525284181821437, "E21D": 0.44371931930766967, "B61D": 0.02610113643558279, "B65G": 0.23491022714237073, "B62D": 0.019575852253761357, "F04B": 0.07177812531939559, "B66F": 0.11745511342533385, "G06F": 0.006525284181821437, "E03F": 0.04567698878657847, "C09K": 0.13703096597079817, "E04B": 0.08482869339133552, "F16B": 0.1631321026008496, "E21B": 0.09787926146327543, "A01G": 0.02610113643558279, "B05D": 0.026101136532817107, "C04B": 0.11092982972968402, "G02B": 0.006525284084587116, "G01C": 0.05872755724745569, "B32B": 0.006525284181821437, "B01J": 0.01957585225376135, "E01C": 0.026101136532817107, "E21C": 0.03915170450752271, "F16L": 0.2283849434467209, "B66C": 0.0652528408458712, "B60M": 0.01957585225376135, "G01F": 0.026101136241114153, "E04G": 0.11745511342533387, "E02B": 0.052202272773931274, "A61M": 0.013050568266408552, "C23F": 0.01305056816917423, "E02F": 0.10440454545062824, "E21F": 0.026101136532817107, "F15B": 0.026101136338348464, "E04H": 0.01305056816917423, "B61G": 0.01305056816917424, "B05B": 0.039151704410288396, "B29C": 0.03915170460475705, "G03B": 0.006525284084587116, "B61J": 0.006525284084587135, "F16J": 0.04567698868934415, "A61J": 0.006525284084587116, "B60L": 0.006525284084587116, "B28B": 0.0652528409431055, "B01F": 0.04567698868934415, "B60P": 0.032626420422935586, "C02F": 0.045676988203172585, "G06Q": 0.006525284084587116, "G01L": 0.019575852156527032, "G01B": 0.07830340901504544, "G01S": 0.039151704410288396, "F21M": 0.006525284084587116, "F21W": 0.01305056816917423, "B65D": 0.01305056816917423, "B01D": 0.01305056816917423, "B25D": 0.006525284084587116, "G01N": 0.10440454525615962, "G06T": 0.026101136532817107, "C08L": 0.006525284181821437, "C08G": 0.006525284084587116, "F16K": 0.006525284084587116, "B02C": 0.01957585225376135, "A61G": 0.01305056816917423, "B61K": 0.006525284084587116, "C09J": 0.006525284084587116, "G01M": 0.006525284181821437, "H04N": 0.03262642052016991, "A01C": 0.006525284084587116, "F21V": 0.01305056816917423, "F16D": 0.019575852448229993, "E03C": 0.01305056807193992, "A47K": 0.006525283987352814, "G06N": 0.01957585225376135, "C08K": 0.013050568071939928, "A62C": 0.01305056816917423, "B03B": 0.006525284084587116, "E01F": 0.01957585225376135, "G21C": 0.006525284084587116, "G01V": 0.01305056807193992, "E04C": 0.03262642032570129, "F03C": 0.01305056816917423, "B61L": 0.006525284084587116, "E03B": 0.01957585225376137, "B66B": 0.006525284084587116, "B61B": 0.03262642081187287, "E01D": 0.019575852350995668, "D04H": 0.006525283987352804, "E01B": 0.02610113643558279, "A47B": 0.01305056816917423, "B28C": 0.006525284084587116, "B23K": 0.013050568266408552, "F04F": 0.006525284084587116, "H02G": 0.026101136435582796, "B29K": 0.01305056807193992, "G21F": 0.013050567974705609, "F16C": 0.006525284084587116, "B25J": 0.006525284084587116, "B23B": 0.006525284181821437, "F28D": 0.006525284181821437, "B08B": 0.019575852156527032, "G08C": 0.006525284181821437, "B65F": 0.01305056816917423, "F24F": 0.006525284084587116, "B05C": 0.006525284084587116, "B61H": 0.006525284084587116, "F16G": 0.006525284181821437, "C07F": 0.01305056816917423, "G01D": 0.006525284084587116, "G06K": 0.006525284084587116, "G05B": 0.006525284181821437, "H01L": 0.006525284084587116, "F04C": 0.006525284084587116, "B29L": 0.006525284084587116, "B60V": 0.006525284084587116, "A01D": 0.006525284084587116, "F04D": 0.006525284084587116, "B63B": 0.006525284084587116, "F16F": 0.013050568363642873, "F25B": 0.006525284084587116, "E04F": 0.006525284084587116, "H05F": 0.006525284084587116, "C10J": 0.006525284084587116}