{"": 0.011527377611707254, "G01C": 0.14985590740625257, "B65G": 0.011527377611707254, "G01N": 0.7377521611372644, "E02D": 0.42651297111785524, "G09B": 0.011527377611707254, "G01L": 0.10374639781828007, "F16L": 0.06916426515492959, "G01V": 0.2766570616503467, "E21B": 0.5187319913244277, "E02F": 0.1498559080933378, "E21D": 0.19596541854016702, "H02G": 0.046109510103286386, "B07C": 0.023054755223414505, "B09B": 0.011527377611707254, "F42D": 0.023054755223414505, "B63B": 0.046109510446829004, "B23D": 0.03458213214803651, "G01B": 0.21902017376358157, "G01S": 0.10374639695942357, "B64U": 0.011527377268164633, "E02B": 0.011527377611707254, "E21C": 0.046109510446829004, "B07B": 0.011527377611707254, "B03C": 0.011527377439935928, "F16B": 0.023054754536329283, "C21B": 0.011527377268164633, "G01H": 0.03458213214803651, "B26F": 0.011527377268164633, "G01M": 0.1037463990206793, "G01F": 0.057636888058536256, "G01P": 0.0691642653267009, "B28D": 0.011527377611707254, "E01C": 0.011527377096393322, "G21F": 0.011527377268164633, "B66C": 0.046109510103286386, "C09K": 0.011527377611707254, "A01G": 0.011527377611707254, "G04G": 0.02305475556695713, "A47K": 0.03458213283512175, "G08C": 0.011527377611707254, "G01D": 0.05763688771499364, "G01R": 0.011527377611707254, "E04B": 0.011527377611707254, "F17D": 0.011527377268164633, "A62C": 0.011527377611707254, "F28D": 0.011527377611707254, "F01N": 0.011527377611707254, "E04G": 0.023054754879871887, "F15B": 0.023054755223414505, "H01Q": 0.023054755223414505, "B66D": 0.011527377611707254, "C02F": 0.011527377096393322, "F04B": 0.011527377611707254, "F04F": 0.011527377611707254, "G01K": 0.011527377268164633}