{"": 0.01729106619232749, "G01V": 0.46685879200243896, "G01N": 1.193083582214713, "E21B": 0.7262247895251763, "E02F": 0.2593659966638813, "G01P": 0.17291066364098792, "G01C": 0.3631123931307613, "E02D": 0.5533141238229318, "G01S": 0.13832853142810433, "G01J": 0.017291066535870127, "G01B": 0.15561959727688912, "E21D": 0.41498559256660017, "A47K": 0.03458213255642629, "E21C": 0.06916426528462388, "F15B": 0.034582133071740254, "F16B": 0.08645533164872266, "G01M": 0.12103746472046288, "C02F": 0.03458213324351158, "H02G": 0.0345821327281976, "E01C": 0.03458213289996893, "G08C": 0.0345821325564263, "G01F": 0.0172910663640988, "G01L": 0.190201730176858, "C21B": 0.017291066535870127, "G02B": 0.034582132899968955, "B23D": 0.03458213289996893, "G01H": 0.03458213255642629, "F16K": 0.0172910663640988, "B03C": 0.0172910663640988, "G09B": 0.0172910663640988, "F25D": 0.0172910663640988, "E02B": 0.03458213289996893, "G05B": 0.0172910663640988, "B01J": 0.017291066364098814, "B26F": 0.01729106619232749, "F16L": 0.0691642652846239, "B09B": 0.0172910663640988, "G01R": 0.05187319909229642, "G06F": 0.017291066535870127, "B05B": 0.017291066535870127, "F25C": 0.017291066535870127, "G01D": 0.06916426545639522, "B63B": 0.03458213289996893, "E21F": 0.01729106619232749, "A01G": 0.0172910663640988, "E03B": 0.0345821327281976, "B66C": 0.03458213272819763, "B08B": 0.0172910663640988, "G06Q": 0.0172910663640988, "H03H": 0.017291066535870127, "B66D": 0.0172910663640988, "G06N": 0.0172910663640988, "H01L": 0.0172910663640988, "E01B": 0.0172910663640988, "A62B": 0.0172910663640988, "A62C": 0.0172910663640988}