{"": 0.020172910826180283, "G01V": 0.5446685967729211, "G01N": 1.3919308614352406, "E21B": 0.8472622639752215, "E02F": 0.30259366599990156, "G01P": 0.20172910980774458, "G01C": 0.4236311311287549, "E02D": 0.6455331517626778, "G01S": 0.1613832883271554, "G01J": 0.020172911169722918, "G01B": 0.18155619863802167, "E21D": 0.48414986360729534, "A47K": 0.04034582182413187, "E21C": 0.08069164382003507, "F15B": 0.040345822339445836, "F16B": 0.10086455481798665, "G01M": 0.14121037715743245, "C02F": 0.04034582251121716, "H02G": 0.04034582199590318, "E01C": 0.04034582216767451, "G08C": 0.040345821824131885, "G01F": 0.02017291099795159, "G01L": 0.22190202097746747, "C21B": 0.020172911169722918, "G02B": 0.04034582216767454, "B23D": 0.04034582216767451, "G01H": 0.04034582182413187, "F16K": 0.02017291099795159, "B03C": 0.02017291099795159, "G09B": 0.02017291099795159, "F25D": 0.02017291099795159, "E02B": 0.04034582216767451, "G05B": 0.02017291099795159, "B01J": 0.020172910997951606, "B26F": 0.020172910826180283, "F16L": 0.08069164382003509, "B09B": 0.02017291099795159, "G01R": 0.060518732993854796, "G06F": 0.020172911169722918, "B05B": 0.020172911169722918, "F25C": 0.020172911169722918, "G01D": 0.08069164399180641, "B63B": 0.04034582216767451, "E21F": 0.020172910826180283, "A01G": 0.02017291099795159, "E03B": 0.04034582199590318, "B66C": 0.04034582199590321, "B08B": 0.02017291099795159, "G06Q": 0.02017291099795159, "H03H": 0.020172911169722918, "B66D": 0.02017291099795159, "G06N": 0.02017291099795159, "H01L": 0.02017291099795159, "E01B": 0.02017291099795159, "A62B": 0.02017291099795159, "A62C": 0.02017291099795159}