{"": 0.014409222065373322, "G01V": 0.3890490005746758, "G01N": 0.9942363374548702, "E21B": 0.6051873361931026, "E02F": 0.21613833493134008, "G01P": 0.14409222237144628, "G01C": 0.30259366680826594, "E02D": 0.46109511176039863, "G01S": 0.11527377841247101, "G01J": 0.014409222408915958, "G01B": 0.12968300013430165, "E21D": 0.34582133351969957, "A47K": 0.028818444302517947, "E21C": 0.05763688877680721, "F15B": 0.028818444817831912, "F16B": 0.07204611101395184, "G01M": 0.10086455583178373, "C02F": 0.028818444989603238, "H02G": 0.02881844447428926, "E01C": 0.028818444646060586, "G08C": 0.02881844447428926, "G01F": 0.014409222237144633, "G01L": 0.1585014447803622, "C21B": 0.014409222408915958, "G02B": 0.028818444646060617, "B23D": 0.028818444646060586, "G01H": 0.028818444302517947, "F16K": 0.014409222237144633, "B03C": 0.014409222237144633, "G09B": 0.014409222237144633, "F25D": 0.014409222237144633, "E02B": 0.028818444646060586, "G05B": 0.014409222237144633, "B01J": 0.014409222237144647, "B26F": 0.014409222065373322, "F16L": 0.057636888948578525, "B09B": 0.014409222237144633, "G01R": 0.04322766671143391, "G06F": 0.014409222408915958, "B05B": 0.014409222408915958, "F25C": 0.014409222408915958, "G01D": 0.057636888948578546, "B63B": 0.028818444646060586, "E21F": 0.014409222065373322, "A01G": 0.014409222237144633, "E03B": 0.02881844447428926, "B66C": 0.028818444646060586, "B08B": 0.014409222237144633, "G06Q": 0.014409222237144633, "H03H": 0.014409222408915958, "B66D": 0.014409222237144633, "G06N": 0.014409222237144633, "H01L": 0.014409222237144633, "E01B": 0.014409222237144633, "A62B": 0.014409222237144633, "A62C": 0.014409222237144633}