{"": 0.0028818446338527916, "G01V": 0.07780980511402541, "G01N": 0.19884727904875762, "E21B": 0.12103747445004605, "E02F": 0.04322766985133453, "G01P": 0.028818446338527915, "G01C": 0.06051873731090862, "E02D": 0.09221902793974673, "G01S": 0.023054757070822333, "G01J": 0.0028818446338527916, "G01B": 0.025936601532903798, "E21D": 0.06916427121246702, "A47K": 0.005763689267705583, "E21C": 0.011527378535411166, "F15B": 0.005763689267705583, "F16B": 0.014409223169263958, "G01M": 0.02017291243696954, "C02F": 0.005763689267705583, "H02G": 0.005763689267705583, "E01C": 0.005763689267705583, "G08C": 0.005763689267705583, "G01F": 0.0028818446338527916, "G01L": 0.03170029097238071, "C21B": 0.0028818446338527916, "G02B": 0.005763689267705583, "B23D": 0.005763689267705583, "G01H": 0.005763689267705583, "F16K": 0.0028818446338527916, "B03C": 0.0028818446338527916, "G09B": 0.0028818446338527916, "F25D": 0.0028818446338527916, "E02B": 0.005763689267705583, "G05B": 0.0028818446338527916, "B01J": 0.0028818446338527916, "B26F": 0.0028818446338527916, "F16L": 0.011527378535411166, "B09B": 0.0028818446338527916, "G01R": 0.008645533901558375, "G06F": 0.0028818446338527916, "B05B": 0.0028818446338527916, "F25C": 0.0028818446338527916, "G01D": 0.011527378535411166, "B63B": 0.005763689267705583, "E21F": 0.0028818446338527916, "A01G": 0.0028818446338527916, "E03B": 0.005763689267705583, "B66C": 0.005763689267705583, "B08B": 0.0028818446338527916, "G06Q": 0.0028818446338527916, "H03H": 0.0028818446338527916, "B66D": 0.0028818446338527916, "G06N": 0.0028818446338527916, "H01L": 0.0028818446338527916, "E01B": 0.0028818446338527916, "A62B": 0.0028818446338527916, "A62C": 0.0028818446338527916}