{"": 0.008645533222888397, "G01V": 0.23342940114049793, "G01N": 0.5965418047468352, "E21B": 0.36311240309102144, "E02F": 0.12968300126343818, "G01P": 0.08645533377482575, "G01C": 0.18155620111608237, "E02D": 0.27665706828556774, "G01S": 0.06916426715727766, "G01J": 0.008645533394659708, "G01B": 0.07780980038016604, "E21D": 0.20749280078474752, "A47K": 0.017291066617548104, "E21C": 0.03458213340686751, "F15B": 0.017291066789319416, "F16B": 0.04322766680152723, "G01M": 0.060518733762617974, "C02F": 0.017291066789319416, "H02G": 0.017291066789319416, "E01C": 0.017291066789319416, "G08C": 0.017291066789319416, "G01F": 0.008645533394659708, "G01L": 0.09510086734125676, "C21B": 0.008645533394659708, "G02B": 0.017291066445776795, "B23D": 0.017291066789319416, "G01H": 0.017291066617548104, "F16K": 0.008645533394659708, "B03C": 0.008645533394659708, "G09B": 0.008645533394659708, "F25D": 0.008645533394659708, "E02B": 0.017291066789319416, "G05B": 0.008645533394659708, "B01J": 0.008645533222888397, "B26F": 0.008645533222888397, "F16L": 0.034582133578638825, "B09B": 0.008645533394659708, "G01R": 0.02593660001220781, "G06F": 0.008645533394659708, "B05B": 0.008645533394659708, "F25C": 0.008645533394659708, "G01D": 0.03458213340686752, "B63B": 0.017291066789319416, "E21F": 0.008645533222888397, "A01G": 0.008645533394659708, "E03B": 0.017291066789319416, "B66C": 0.017291066789319416, "B08B": 0.008645533394659708, "G06Q": 0.008645533394659708, "H03H": 0.008645533394659708, "B66D": 0.008645533394659708, "G06N": 0.008645533394659708, "H01L": 0.008645533394659708, "E01B": 0.008645533394659708, "A62B": 0.008645533394659708, "A62C": 0.008645533394659708}