{"": 0.020172910752917807, "G01C": 0.26224783789844697, "B65G": 0.020172910752917807, "G01N": 1.2910662813158877, "E02D": 0.7463976968273323, "G09B": 0.020172910581146467, "G01L": 0.1815561964327177, "F16L": 0.12103746400219291, "G01V": 0.4841498566958567, "E21B": 0.9077809825071301, "E02F": 0.2622478392726175, "E21D": 0.34293948194074597, "H02G": 0.08069164301167121, "B07C": 0.04034582133406427, "B09B": 0.020172910752917807, "F42D": 0.04034582133406427, "B63B": 0.08069164283989985, "B23D": 0.06051873157166817, "G01B": 0.38328530344658157, "G01S": 0.181556194886776, "B64U": 0.020172910237603845, "E02B": 0.020172910752917807, "E21C": 0.0806916430116712, "B07B": 0.020172910752917807, "B03C": 0.02017291058114648, "F16B": 0.04034582081875039, "C21B": 0.020172910409375185, "G01H": 0.06051873139989686, "B26F": 0.020172910409375185, "G01M": 0.18155619729157427, "G01F": 0.10086455359281767, "G01P": 0.12103746417396423, "B28D": 0.020172910752917807, "E01C": 0.020172910237603876, "G21F": 0.020172910409375185, "B66C": 0.08069164232458596, "C09K": 0.020172910752917807, "A01G": 0.020172910752917807, "G04G": 0.04034582184937824, "A47K": 0.06051873225875341, "G08C": 0.020172910752917807, "G01D": 0.1008645534210464, "G01R": 0.020172910752917807, "E04B": 0.020172910752917807, "F17D": 0.020172910409375185, "A62C": 0.020172910752917807, "F28D": 0.020172910752917807, "F01N": 0.020172910752917807, "E04G": 0.040345821162292995, "F15B": 0.04034582133406427, "H01Q": 0.04034582133406427, "B66D": 0.020172910752917807, "C02F": 0.020172910237603876, "F04B": 0.020172910752917807, "F04F": 0.020172910752917807, "G01K": 0.020172910409375185}