{"": 0.017291065865615636, "G01C": 0.22478385470706155, "B65G": 0.017291065865615636, "G01N": 1.106628209387401, "E02D": 0.6397694361689242, "G09B": 0.017291065865615636, "G01L": 0.15561959244699816, "F16L": 0.10374639467837989, "G01V": 0.4149855799159192, "E21B": 0.7780979625785337, "E02F": 0.22478385573768941, "E21D": 0.2939481192001522, "H02G": 0.06916426346246253, "B07C": 0.03458213173123127, "B09B": 0.017291065865615636, "F42D": 0.03458213173123127, "B63B": 0.06916426346246252, "B23D": 0.05187319690976166, "G01B": 0.32853025058784086, "G01S": 0.15561959090105645, "B64U": 0.017291065522073015, "E02B": 0.017291065865615636, "E21C": 0.06916426346246252, "B07B": 0.017291065865615636, "B03C": 0.01729106569384431, "F16B": 0.03458213104414605, "C21B": 0.017291065522073015, "G01H": 0.051873196737990346, "B26F": 0.017291065522073015, "G01M": 0.15561959330585473, "G01F": 0.08645532932807816, "G01P": 0.1037463948501512, "B28D": 0.017291065865615636, "E01C": 0.017291065350301706, "G21F": 0.017291065522073015, "B66C": 0.06916426294714863, "C09K": 0.017291065865615636, "A01G": 0.017291065865615636, "G04G": 0.0345821320747739, "A47K": 0.0518731975968469, "G08C": 0.017291065865615636, "G01D": 0.08645532898453555, "G01R": 0.017291065865615636, "E04B": 0.017291065865615636, "F17D": 0.017291065522073015, "A62C": 0.017291065865615636, "F28D": 0.017291065865615636, "F01N": 0.017291065865615636, "E04G": 0.034582131387688654, "F15B": 0.03458213173123127, "H01Q": 0.03458213173123127, "B66D": 0.017291065865615636, "C02F": 0.017291065350301706, "F04B": 0.017291065865615636, "F04F": 0.017291065865615636, "G01K": 0.017291065522073015}