{"": 0.00864553373820233, "G01C": 0.11239193705068848, "B65G": 0.00864553373820233, "G01N": 0.5533141534047237, "E02D": 0.31988474779817283, "G09B": 0.00864553373820233, "G01L": 0.0778098029567357, "F16L": 0.051873201913900026, "G01V": 0.20749280868622838, "E21B": 0.3890490170167062, "E02F": 0.1123919377377737, "E21D": 0.1469740728623545, "H02G": 0.03458213460926669, "B07C": 0.01729106747640466, "B09B": 0.00864553373820233, "F42D": 0.01729106747640466, "B63B": 0.03458213495280931, "B23D": 0.02593660052752174, "G01B": 0.1642651401669879, "G01S": 0.07780980261319306, "B64U": 0.008645533394659708, "E02B": 0.00864553373820233, "E21C": 0.03458213495280931, "B07B": 0.00864553373820233, "B03C": 0.008645533566431003, "F16B": 0.01729106696109071, "C21B": 0.008645533394659708, "G01H": 0.02593660052752174, "B26F": 0.008645533394659708, "G01M": 0.07780980415913492, "G01F": 0.04322766869101164, "G01P": 0.051873202085671345, "B28D": 0.00864553373820233, "E01C": 0.008645533222888397, "G21F": 0.008645533394659708, "B66C": 0.03458213460926669, "C09K": 0.00864553373820233, "A01G": 0.00864553373820233, "G04G": 0.01729106781994728, "A47K": 0.02593660121460698, "G08C": 0.00864553373820233, "G01D": 0.04322766834746902, "G01R": 0.00864553373820233, "E04B": 0.00864553373820233, "F17D": 0.008645533394659708, "A62C": 0.00864553373820233, "F28D": 0.00864553373820233, "F01N": 0.00864553373820233, "E04G": 0.017291067132862038, "F15B": 0.01729106747640466, "H01Q": 0.01729106747640466, "B66D": 0.00864553373820233, "C02F": 0.008645533222888397, "F04B": 0.00864553373820233, "F04F": 0.00864553373820233, "G01K": 0.008645533394659708}