{"": 0.00576368901425625, "G01V": 0.15561960338491865, "G01N": 0.3976945428425378, "E21B": 0.24207493945761901, "E02F": 0.08645533555738637, "G01P": 0.057636890142562514, "G01C": 0.12103746912760983, "E02D": 0.18443804845619988, "G01S": 0.046109512114050004, "G01J": 0.00576368901425625, "G01B": 0.051873200956534936, "E21D": 0.1383285361703786, "A47K": 0.0115273780285125, "E21C": 0.023054756057024995, "F15B": 0.0115273780285125, "F16B": 0.028818445071281243, "G01M": 0.04034582309979375, "C02F": 0.0115273780285125, "H02G": 0.0115273780285125, "E01C": 0.0115273780285125, "G08C": 0.0115273780285125, "G01F": 0.00576368901425625, "G01L": 0.06340057950036139, "C21B": 0.00576368901425625, "G02B": 0.0115273780285125, "B23D": 0.0115273780285125, "G01H": 0.0115273780285125, "F16K": 0.00576368901425625, "B03C": 0.00576368901425625, "G09B": 0.00576368901425625, "F25D": 0.00576368901425625, "E02B": 0.0115273780285125, "G05B": 0.00576368901425625, "B01J": 0.00576368901425625, "B26F": 0.00576368901425625, "F16L": 0.023054756057024995, "B09B": 0.00576368901425625, "G01R": 0.017291066870997438, "G06F": 0.00576368901425625, "B05B": 0.00576368901425625, "F25C": 0.00576368901425625, "G01D": 0.023054756057024995, "B63B": 0.0115273780285125, "E21F": 0.00576368901425625, "A01G": 0.00576368901425625, "E03B": 0.0115273780285125, "B66C": 0.0115273780285125, "B08B": 0.00576368901425625, "G06Q": 0.00576368901425625, "H03H": 0.00576368901425625, "B66D": 0.00576368901425625, "G06N": 0.00576368901425625, "H01L": 0.00576368901425625, "E01B": 0.00576368901425625, "A62B": 0.00576368901425625, "A62C": 0.00576368901425625}