{"": 0.002881844380403458, "G01C": 0.037463976945244955, "B65G": 0.002881844380403458, "G01N": 0.18443804171999165, "E02D": 0.10662824293378445, "G09B": 0.002881844380403458, "G01L": 0.025936599423631117, "F16L": 0.01729106662596337, "G01V": 0.06916426581676824, "E21B": 0.12968299883586865, "E02F": 0.037463976945244955, "E21D": 0.048991354810401413, "H02G": 0.011527377521613832, "B07C": 0.005763688760806916, "B09B": 0.002881844380403458, "F42D": 0.005763688760806916, "B63B": 0.011527377521613832, "B23D": 0.008645533141210374, "G01B": 0.05475504391475095, "G01S": 0.02593659976717374, "B64U": 0.002881844380403458, "E02B": 0.002881844380403458, "E21C": 0.011527377521613832, "B07B": 0.002881844380403458, "B03C": 0.002881844380403458, "F16B": 0.005763688760806916, "C21B": 0.002881844380403458, "G01H": 0.008645533141210374, "B26F": 0.002881844380403458, "G01M": 0.02593659976717374, "G01F": 0.01440922190201729, "G01P": 0.017291066282420747, "B28D": 0.002881844380403458, "E01C": 0.002881844380403458, "G21F": 0.002881844380403458, "B66C": 0.011527377521613832, "C09K": 0.002881844380403458, "A01G": 0.002881844380403458, "G04G": 0.0057636891043495375, "A47K": 0.008645533141210374, "G08C": 0.002881844380403458, "G01D": 0.01440922190201729, "G01R": 0.002881844380403458, "E04B": 0.002881844380403458, "F17D": 0.002881844380403458, "A62C": 0.002881844380403458, "F28D": 0.002881844380403458, "F01N": 0.002881844380403458, "E04G": 0.005763688760806916, "F15B": 0.005763688760806916, "H01Q": 0.005763688760806916, "B66D": 0.002881844380403458, "C02F": 0.002881844380403458, "F04B": 0.002881844380403458, "F04F": 0.002881844380403458, "G01K": 0.002881844380403458}