{"": 0.00576368901425625, "G01C": 0.07492795718533127, "B65G": 0.00576368901425625, "G01N": 0.36887609777125563, "E02D": 0.21325649472988062, "G09B": 0.00576368901425625, "G01L": 0.05187320112830624, "F16L": 0.03458213425730879, "G01V": 0.138328537372778, "E21B": 0.2593660068439305, "E02F": 0.07492795701355993, "E21D": 0.09798271358589895, "H02G": 0.023054756057025, "B07C": 0.0115273780285125, "B09B": 0.00576368901425625, "F42D": 0.0115273780285125, "B63B": 0.023054756057025, "B23D": 0.017291067042768747, "G01B": 0.10951009178618276, "G01S": 0.05187320130007753, "B64U": 0.00576368901425625, "E02B": 0.00576368901425625, "E21C": 0.023054756057025, "B07B": 0.00576368901425625, "B03C": 0.005763688842484924, "F16B": 0.011527377856741173, "C21B": 0.00576368901425625, "G01H": 0.017291067042768747, "B26F": 0.00576368901425625, "G01M": 0.05187320198716284, "G01F": 0.028818445071281246, "G01P": 0.034582134085537494, "B28D": 0.00576368901425625, "E01C": 0.00576368901425625, "G21F": 0.00576368901425625, "B66C": 0.023054756057025, "C09K": 0.00576368901425625, "A01G": 0.00576368901425625, "G04G": 0.01152737837205512, "A47K": 0.017291067042768747, "G08C": 0.00576368901425625, "G01D": 0.028818445071281246, "G01R": 0.00576368901425625, "E04B": 0.00576368901425625, "F17D": 0.00576368901425625, "A62C": 0.00576368901425625, "F28D": 0.00576368901425625, "F01N": 0.00576368901425625, "E04G": 0.0115273780285125, "F15B": 0.0115273780285125, "H01Q": 0.0115273780285125, "B66D": 0.00576368901425625, "C02F": 0.00576368901425625, "F04B": 0.00576368901425625, "F04F": 0.00576368901425625, "G01K": 0.00576368901425625}