{"": 0.01440922148521218, "G01C": 0.18731987776181666, "B65G": 0.01440922148521218, "G01N": 0.9221901688698051, "E02D": 0.5331411942657658, "G09B": 0.01440922148521218, "G01L": 0.12968299267982444, "F16L": 0.08645532839595917, "G01V": 0.34582131478623634, "E21B": 0.6484149654603758, "E02F": 0.18731987844890188, "E21D": 0.24495676438975084, "H02G": 0.05763688559730608, "B07C": 0.02881844297042435, "B09B": 0.01440922148521218, "F42D": 0.02881844297042435, "B63B": 0.057636885940848696, "B23D": 0.04322766376855128, "G01B": 0.27377520736017524, "G01S": 0.12968299147742537, "B64U": 0.014409221141669558, "E02B": 0.01440922148521218, "E21C": 0.057636885940848696, "B07B": 0.01440922148521218, "B03C": 0.014409221313440853, "F16B": 0.02881844228333913, "C21B": 0.014409221141669558, "G01H": 0.04322766376855128, "B26F": 0.014409221141669558, "G01M": 0.12968299388222365, "G01F": 0.07204610742606089, "G01P": 0.08645532856773049, "B28D": 0.01440922148521218, "E01C": 0.014409220969898247, "G21F": 0.014409221141669558, "B66C": 0.0576368854255348, "C09K": 0.01440922148521218, "A01G": 0.01440922148521218, "G04G": 0.028818443313966977, "A47K": 0.04322766445563652, "G08C": 0.01440922148521218, "G01D": 0.07204610708251828, "G01R": 0.01440922148521218, "E04B": 0.01440922148521218, "F17D": 0.014409221141669558, "A62C": 0.01440922148521218, "F28D": 0.01440922148521218, "F01N": 0.01440922148521218, "E04G": 0.028818442626881734, "F15B": 0.02881844297042435, "H01Q": 0.02881844297042435, "B66D": 0.01440922148521218, "C02F": 0.014409220969898247, "F04B": 0.01440922148521218, "F04F": 0.01440922148521218, "G01K": 0.014409221141669558}