{"": 0.011933174398173187, "F28F": 0.05966587213312043, "C09K": 0.011933174398173187, "B01J": 0.14319809249356913, "F24T": 0.011933174398173187, "A63B": 0.011933174255918643, "F25D": 0.04773269759269275, "F24S": 0.11933174355496824, "H10K": 0.011933174398173187, "B65G": 0.02386634865409184, "G10K": 0.023866348796346373, "F16L": 0.1073985695835587, "E05F": 0.04773269759269275, "F24F": 1.0262529968203444, "B27K": 0.011933174255918654, "B01D": 0.4176611036515528, "G06F": 0.1193317438394773, "E06B": 0.04773269759269275, "B05B": 0.10739856929904959, "F02B": 0.023866348654091808, "F25C": 0.0715990462467846, "B66B": 0.011933174398173187, "G06T": 0.023866348796346373, "F24J": 0.03579952319451955, "E21F": 0.03579952319451955, "E04H": 0.08353222050270329, "F25B": 0.21479713916711712, "G06N": 0.011933174398173187, "F04B": 0.011933174398173187, "F24D": 0.08353222064495786, "H02P": 0.011933174398173187, "E04C": 0.011933174255918654, "E04B": 0.17899761540357953, "E05C": 0.011933174398173187, "E03C": 0.011933174398173187, "C02F": 0.04773269745043823, "A61B": 0.023866348796346373, "G01N": 0.059665871848611426, "G01V": 0.04773269759269275, "A61L": 0.09546539475862192, "C04B": 0.023866348796346373, "H05K": 0.011933174398173187, "F24H": 0.10739856915679513, "H01B": 0.011933174398173187, "B03C": 0.05966587199086594, "C12N": 0.011933174398173187, "G01S": 0.011933174398173187, "F01N": 0.02386634865409184, "H05F": 0.011933174398173187, "C05F": 0.011933174398173187, "E03D": 0.011933174398173187, "E01C": 0.023866348654091808, "A47G": 0.023866348796346373, "A62C": 0.03579952319451955, "E04F": 0.03579952319451955, "F21V": 0.08353222064495763, "A47B": 0.04773269759269275, "B01F": 0.023866348796346373, "G21K": 0.011933174398173187, "A01M": 0.011933174398173187, "F16K": 0.023866348796346373, "G01M": 0.023866348796346373, "A47L": 0.011933174398173187, "B08B": 0.011933174398173187, "C08K": 0.011933174398173187, "H02G": 0.023866348796346373, "A01K": 0.03579952319451955, "H01F": 0.023866348654091808, "B09B": 0.011933174398173187, "G01J": 0.03579952319451955, "D06M": 0.011933174255918654, "F28D": 0.035799522910010456, "A47C": 0.08353222064495779, "H01M": 0.011933174398173187, "C23C": 0.011933174398173187, "G05D": 0.011933174398173187, "C09D": 0.011933174398173187, "G01F": 0.02386634865409183, "A61G": 0.023866348796346373, "F02C": 0.011933174398173187, "G02F": 0.011933174398173187, "B05C": 0.011933174398173187, "E04G": 0.011933174113664173, "F16B": 0.023866348796346373, "H04Q": 0.03579952319451955, "E04D": 0.011933174398173187, "H05B": 0.011933174398173187, "G05B": 0.03579952319451955, "B60N": 0.011933174398173187, "A63F": 0.011933174398173187, "H02M": 0.011933174255918623, "H01L": 0.02386634865409184, "G08B": 0.011933174398173187, "C08L": 0.011933174398173187, "G21F": 0.011933174398173187, "H02J": 0.02386634865409184, "G01K": 0.011933174398173187, "H04N": 0.011933174398173187, "F04D": 0.03579952319451955, "G06Q": 0.03579952319451955, "H02S": 0.023866348796346373, "F01P": 0.011933174398173187, "H01T": 0.011933174255918675, "C01G": 0.011933174398173187, "C01B": 0.011933174398173187, "D06F": 0.011933174255918654, "H01J": 0.011933174398173187, "A23B": 0.011933174398173187}