{"": 0.0023866355401845974, "F28F": 0.011933177700922986, "C09K": 0.0023866355401845974, "B01J": 0.0286396263399606, "F24T": 0.0023866355401845974, "A63B": 0.0023866355401845974, "F25D": 0.00954654216073839, "F24S": 0.023866355259591406, "H10K": 0.0023866355401845974, "B65G": 0.004773271080369195, "G10K": 0.004773271080369195, "F16L": 0.021479719861661372, "E05F": 0.00954654216073839, "F24F": 0.2052506563136207, "B27K": 0.0023866355401845974, "B01D": 0.08353224390646094, "G06F": 0.023866355259591406, "E06B": 0.00954654216073839, "B05B": 0.02147971971940681, "F02B": 0.004773270938114631, "F25C": 0.014319813241107582, "B66B": 0.0023866355401845974, "G06T": 0.004773271080369195, "F24J": 0.007159906620553792, "E21F": 0.007159906620553792, "E04H": 0.01670644878129218, "F25B": 0.04295944000783187, "G06N": 0.0023866355401845974, "F04B": 0.0023866355401845974, "F24D": 0.01670644878129218, "H02P": 0.0023866355401845974, "E04C": 0.0023866355401845974, "E04B": 0.035799533102768955, "E05C": 0.0023866355401845974, "E03C": 0.0023866355401845974, "C02F": 0.00954654216073839, "A61B": 0.004773271080369195, "G01N": 0.011933177700922986, "G01V": 0.00954654216073839, "A61L": 0.019093084179222213, "C04B": 0.004773271080369195, "H05K": 0.0023866355401845974, "F24H": 0.02147971971940681, "H01B": 0.0023866355401845974, "B03C": 0.011933177700922986, "C12N": 0.0023866355401845974, "G01S": 0.0023866355401845974, "F01N": 0.004773271080369195, "H05F": 0.0023866355401845974, "C05F": 0.0023866355401845974, "E03D": 0.0023866355401845974, "E01C": 0.004773270938114631, "A47G": 0.004773271080369195, "A62C": 0.007159906620553792, "E04F": 0.007159906620553792, "F21V": 0.016706448639037617, "A47B": 0.00954654216073839, "B01F": 0.004773271080369195, "G21K": 0.0023866355401845974, "A01M": 0.0023866355401845974, "F16K": 0.004773271080369195, "G01M": 0.004773271080369195, "A47L": 0.0023866355401845974, "B08B": 0.0023866355401845974, "C08K": 0.0023866355401845974, "H02G": 0.004773271080369195, "A01K": 0.007159906620553792, "H01F": 0.004773270938114631, "B09B": 0.0023866355401845974, "G01J": 0.007159906620553792, "D06M": 0.0023866355401845974, "F28D": 0.007159906478299228, "A47C": 0.01670644878129218, "H01M": 0.0023866355401845974, "C23C": 0.0023866355401845974, "G05D": 0.0023866355401845974, "C09D": 0.0023866355401845974, "G01F": 0.004773271080369195, "A61G": 0.004773271080369195, "F02C": 0.0023866355401845974, "G02F": 0.0023866355401845974, "B05C": 0.0023866355401845974, "E04G": 0.0023866355401845974, "F16B": 0.004773271080369195, "H04Q": 0.007159906620553792, "E04D": 0.0023866355401845974, "H05B": 0.0023866355401845974, "G05B": 0.007159906620553792, "B60N": 0.0023866355401845974, "A63F": 0.0023866355401845974, "H02M": 0.0023866353979300338, "H01L": 0.004773271080369195, "G08B": 0.0023866355401845974, "C08L": 0.0023866355401845974, "G21F": 0.0023866355401845974, "H02J": 0.004773271080369195, "G01K": 0.0023866355401845974, "H04N": 0.0023866355401845974, "F04D": 0.007159906620553792, "G06Q": 0.007159906620553792, "H02S": 0.004773271080369195, "F01P": 0.0023866355401845974, "H01T": 0.0023866355401845974, "C01G": 0.0023866355401845974, "C01B": 0.0023866355401845974, "D06F": 0.0023866355401845974, "H01J": 0.0023866355401845974, "A23B": 0.0023866355401845974}