{"": 0.009546539727133353, "F28F": 0.047732698493412246, "C09K": 0.009546539727133353, "B01J": 0.11455847644109114, "F24T": 0.009546539727133353, "A63B": 0.00954653958487881, "F25D": 0.03818615890853341, "F24S": 0.09546539698682442, "H10K": 0.009546539727133353, "B65G": 0.019093079312012172, "G10K": 0.019093079454266706, "F16L": 0.0859188575442002, "E05F": 0.03818615890853341, "F24F": 0.8210024151109201, "B27K": 0.00954653958487882, "B01D": 0.3341288901651586, "G06F": 0.09546539712907896, "E06B": 0.03818615890853341, "B05B": 0.08591885725969109, "F02B": 0.01909307931201214, "F25C": 0.057279238220545606, "B66B": 0.009546539727133353, "G06T": 0.019093079454266706, "F24J": 0.028639619181400053, "E21F": 0.028639619181400053, "E04H": 0.06682577794767897, "F25B": 0.17183771523065464, "G06N": 0.009546539727133353, "F04B": 0.009546539727133353, "F24D": 0.06682577794767902, "H02P": 0.009546539727133353, "E04C": 0.00954653958487882, "E04B": 0.14319809548023654, "E05C": 0.009546539727133353, "E03C": 0.009546539727133353, "C02F": 0.03818615890853341, "A61B": 0.019093079454266706, "G01N": 0.04773269863566677, "G01V": 0.03818615890853341, "A61L": 0.07637231767481228, "C04B": 0.019093079454266706, "H05K": 0.009546539727133353, "F24H": 0.08591885711743663, "H01B": 0.009546539727133353, "B03C": 0.04773269863566677, "C12N": 0.009546539727133353, "G01S": 0.009546539727133353, "F01N": 0.019093079312012172, "H05F": 0.009546539727133353, "C05F": 0.009546539727133353, "E03D": 0.009546539727133353, "E01C": 0.01909307931201214, "A47G": 0.019093079454266706, "A62C": 0.028639619181400053, "E04F": 0.028639619181400053, "F21V": 0.0668257779476788, "A47B": 0.03818615890853341, "B01F": 0.019093079454266706, "G21K": 0.009546539727133353, "A01M": 0.009546539727133353, "F16K": 0.019093079454266706, "G01M": 0.019093079454266706, "A47L": 0.009546539727133353, "B08B": 0.009546539727133353, "C08K": 0.009546539727133353, "H02G": 0.019093079454266706, "A01K": 0.028639619181400053, "H01F": 0.01909307931201214, "B09B": 0.009546539727133353, "G01J": 0.028639619181400053, "D06M": 0.00954653958487882, "F28D": 0.028639618896890956, "A47C": 0.06682577794767895, "H01M": 0.009546539727133353, "C23C": 0.009546539727133353, "G05D": 0.009546539727133353, "C09D": 0.009546539727133353, "G01F": 0.01909307931201216, "A61G": 0.019093079454266706, "F02C": 0.009546539727133353, "G02F": 0.009546539727133353, "B05C": 0.009546539727133353, "E04G": 0.00954653944262434, "F16B": 0.019093079454266706, "H04Q": 0.028639619181400053, "E04D": 0.009546539727133353, "H05B": 0.009546539727133353, "G05B": 0.028639619181400053, "B60N": 0.009546539727133353, "A63F": 0.009546539727133353, "H02M": 0.00954653958487879, "H01L": 0.019093079312012172, "G08B": 0.009546539727133353, "C08L": 0.009546539727133353, "G21F": 0.009546539727133353, "H02J": 0.019093079312012172, "G01K": 0.009546539727133353, "H04N": 0.009546539727133353, "F04D": 0.028639619181400053, "G06Q": 0.028639619181400053, "H02S": 0.019093079454266706, "F01P": 0.009546539727133353, "H01T": 0.009546539727133353, "C01G": 0.009546539727133353, "C01B": 0.009546539727133353, "D06F": 0.00954653958487882, "H01J": 0.009546539727133353, "A23B": 0.009546539727133353}