{"": 0.014319808200067976, "A62B": 0.04295942460020393, "H05B": 0.04295942460020393, "E04H": 0.07159904085808536, "B03C": 0.10023865711596672, "F24F": 1.174224271125289, "B01D": 0.47255366989096986, "F25D": 0.14319808200067957, "E04F": 0.07159904071583084, "F24H": 0.1145584656005437, "A47B": 0.0859188492004078, "E04B": 0.24343673911664618, "G06N": 0.014319808057813452, "F01N": 0.028639616400135955, "D06M": 0.028639616684645, "A61L": 0.17183769840081545, "F25B": 0.27207635565903654, "F04D": 0.05727923280027192, "E05F": 0.057279232658017425, "G07B": 0.014319808200067976, "B05C": 0.014319808057813455, "B01J": 0.11455846560054372, "B01L": 0.05727923251576288, "E06B": 0.05727923308478096, "C02F": 0.05727923280027192, "G10K": 0.028639616400135955, "G01V": 0.07159904100033987, "A45B": 0.014319808200067976, "H10K": 0.014319808200067976, "A62C": 0.10023865725822123, "G01N": 0.10023865740047574, "F24S": 0.11455846545828918, "F23G": 0.014319808200067976, "G01F": 0.028639616400135955, "C09D": 0.028639616400135955, "A47C": 0.05727923280027192, "H01M": 0.028639616400135955, "F25C": 0.07159904085808534, "H01F": 0.028639616400135955, "F28F": 0.04295942460020393, "G06F": 0.04295942460020393, "B65G": 0.0859188492004078, "A01M": 0.014319808057813466, "A47G": 0.014319808200067976, "F28C": 0.014319808200067976, "A01N": 0.014319808200067976, "A47F": 0.014319808200067976, "D21H": 0.014319808200067976, "C08L": 0.014319808200067976, "B66F": 0.014319808200067976, "D06F": 0.014319808200067976, "G09F": 0.014319808200067976, "H05K": 0.028639616257881445, "H01P": 0.014319808200067976, "H01L": 0.04295942460020393, "H04Q": 0.014319808057813486, "B08B": 0.014319808200067976, "A63B": 0.028639616400135955, "A61G": 0.014319808200067976, "F02G": 0.014319808200067976, "F24J": 0.07159904100033987, "E21F": 0.04295942460020393, "E02B": 0.014319808200067976, "G02F": 0.014319808200067976, "B05B": 0.07159904100033987, "G01D": 0.028639616400135955, "C12N": 0.014319808200067976, "F24D": 0.0859188492004078, "B27K": 0.014319808200067976, "E21D": 0.014319808200067976, "B09B": 0.014319808200067976, "G05D": 0.028639616400135955, "F16L": 0.057279232658017404, "G01J": 0.014319808200067976, "F16K": 0.014319808200067976, "E04C": 0.014319808200067976, "F21V": 0.08591884934266233, "H02J": 0.05727923280027192, "F28G": 0.028639616400135955, "A47H": 0.014319808200067976, "F02B": 0.028639616400135955, "C04B": 0.014319808200067976, "H01Q": 0.014319808200067976, "B65D": 0.014319808200067976, "C09K": 0.014319808200067976, "E03C": 0.014319808200067976, "E04G": 0.014319808200067976, "G01S": 0.014319808200067976, "F28D": 0.04295942460020393, "H02S": 0.014319808200067976, "H01R": 0.014319808057813455, "G21F": 0.014319808200067976, "F01P": 0.014319808200067976, "B60P": 0.014319808057813466, "G21C": 0.028639616257881466, "A61B": 0.014319808200067976, "A01G": 0.028639616400135955, "E04D": 0.014319808200067976, "F24V": 0.014319808200067976, "E05D": 0.014319808200067976, "G01M": 0.014319808200067976, "G06Q": 0.014319808200067976, "D06N": 0.014319808200067976, "A47L": 0.014319808057813455, "F04F": 0.014319808200067976, "H02K": 0.014319808200067976, "B28B": 0.014319808200067976, "C12M": 0.014319808200067976, "C01B": 0.014319808200067976, "G05B": 0.014319808200067976, "H01J": 0.014319808200067976, "H02G": 0.014319808200067976, "A24F": 0.014319808200067976, "B41J": 0.014319808200067976, "C12Q": 0.014319808200067976, "H02P": 0.014319808200067976}