{"": 0.01670644269727893, "A62B": 0.05011932809183681, "H05B": 0.05011932809183681, "E04H": 0.08353221334414011, "B03C": 0.11694509859644338, "F24F": 1.369928299754336, "B01D": 0.551312608298932, "F25D": 0.16706442697278923, "E04F": 0.0835322130596311, "F24H": 0.13365154157823136, "A47B": 0.10023865618367352, "E04B": 0.2840095255692322, "G06N": 0.016706442555024407, "F01N": 0.03341288539455787, "D06M": 0.03341288567906691, "A61L": 0.20047731236734703, "F25B": 0.31742241110604436, "F04D": 0.06682577078911574, "E05F": 0.06682577064686125, "G07B": 0.01670644269727893, "B05C": 0.01670644255502441, "B01J": 0.1336515415782314, "B01L": 0.06682577050460671, "E06B": 0.06682577107362478, "C02F": 0.06682577078911574, "G10K": 0.03341288539455787, "G01V": 0.08353221348639463, "A45B": 0.01670644269727893, "H10K": 0.01670644269727893, "A62C": 0.11694509873869789, "G01N": 0.1169450987386979, "F24S": 0.13365154143597685, "F23G": 0.01670644269727893, "G01F": 0.03341288539455787, "C09D": 0.03341288539455787, "A47C": 0.06682577078911574, "H01M": 0.03341288539455787, "F25C": 0.0835322133441401, "H01F": 0.03341288539455787, "F28F": 0.05011932809183681, "G06F": 0.05011932809183681, "B65G": 0.10023865618367352, "A01M": 0.01670644255502442, "A47G": 0.01670644269727893, "F28C": 0.01670644269727893, "A01N": 0.01670644269727893, "A47F": 0.01670644269727893, "D21H": 0.01670644269727893, "C08L": 0.01670644269727893, "B66F": 0.01670644269727893, "D06F": 0.01670644269727893, "G09F": 0.01670644269727893, "H05K": 0.033412885252303355, "H01P": 0.01670644269727893, "H01L": 0.05011932809183681, "H04Q": 0.01670644255502444, "B08B": 0.01670644269727893, "A63B": 0.03341288539455787, "A61G": 0.01670644269727893, "F02G": 0.01670644269727893, "F24J": 0.08353221348639463, "E21F": 0.0501193279495823, "E02B": 0.01670644269727893, "G02F": 0.01670644269727893, "B05B": 0.08353221348639463, "G01D": 0.03341288539455787, "C12N": 0.01670644269727893, "F24D": 0.10023865618367352, "B27K": 0.01670644269727893, "E21D": 0.01670644269727893, "B09B": 0.01670644269727893, "G05D": 0.03341288539455787, "F16L": 0.06682577064686122, "G01J": 0.01670644269727893, "F16K": 0.01670644269727893, "E04C": 0.01670644269727893, "F21V": 0.10023865632592804, "H02J": 0.06682577078911574, "F28G": 0.03341288539455787, "A47H": 0.01670644269727893, "F02B": 0.03341288539455787, "C04B": 0.01670644269727893, "H01Q": 0.01670644269727893, "B65D": 0.01670644269727893, "C09K": 0.01670644269727893, "E03C": 0.01670644269727893, "E04G": 0.01670644269727893, "G01S": 0.01670644269727893, "F28D": 0.05011932809183681, "H02S": 0.01670644269727893, "H01R": 0.01670644255502441, "G21F": 0.01670644269727893, "F01P": 0.01670644269727893, "B60P": 0.01670644255502442, "G21C": 0.033412885252303376, "A61B": 0.01670644269727893, "A01G": 0.03341288539455787, "E04D": 0.01670644269727893, "F24V": 0.01670644269727893, "E05D": 0.01670644269727893, "G01M": 0.01670644269727893, "G06Q": 0.01670644269727893, "D06N": 0.01670644269727893, "A47L": 0.01670644255502441, "F04F": 0.01670644269727893, "H02K": 0.01670644269727893, "B28B": 0.01670644269727893, "C12M": 0.01670644269727893, "C01B": 0.01670644269727893, "G05B": 0.01670644269727893, "H01J": 0.01670644269727893, "H02G": 0.01670644269727893, "A24F": 0.01670644255502443, "B41J": 0.01670644269727893, "C12Q": 0.01670644269727893, "H02P": 0.01670644269727893}