{"": 0.01670644460939777, "F28F": 0.08353222247797047, "C09K": 0.016706444467143193, "B01J": 0.200477333463464, "F24T": 0.016706444467143193, "A63B": 0.01670644432488865, "F25D": 0.0668257778685728, "F24S": 0.16706444438692297, "H10K": 0.016706444467143193, "B65G": 0.03341288879203185, "G10K": 0.033412888934286386, "F16L": 0.15035800034654334, "E05F": 0.0668257778685728, "F24F": 1.4367542233207833, "B27K": 0.016706444324888662, "B01D": 0.5847255563500102, "G06F": 0.16706444481368649, "E06B": 0.06682577772631829, "B05B": 0.15035800006203423, "F02B": 0.033412888792031824, "F25C": 0.10023866708736835, "B66B": 0.016706444467143193, "G06T": 0.033412888792031886, "F24J": 0.050119333259175156, "E21F": 0.05011933354368416, "E04H": 0.1169451111277479, "F25B": 0.300716000835341, "G06N": 0.016706444467143193, "F04B": 0.016706444467143193, "F24D": 0.11694511127000247, "H02P": 0.016706444467143193, "E04C": 0.016706444324888662, "E04B": 0.2505966668648935, "E05C": 0.016706444467143193, "E03C": 0.016706444467143193, "C02F": 0.06682577801082742, "A61B": 0.033412888934286386, "G01N": 0.08353222219346154, "G01V": 0.0668257778685728, "A61L": 0.13365155545263654, "C04B": 0.033412888934286386, "H05K": 0.016706444467143193, "F24H": 0.15035799963527072, "H01B": 0.016706444467143193, "B03C": 0.08353222233571599, "C12N": 0.016706444467143193, "G01S": 0.016706444467143193, "F01N": 0.03341288879203185, "H05F": 0.016706444467143193, "C05F": 0.016706444467143193, "E03D": 0.016706444467143193, "E01C": 0.033412888792031824, "A47G": 0.033412888934286386, "A62C": 0.050119333259175086, "E04F": 0.05011933354368416, "F21V": 0.11694511127000225, "A47B": 0.0668257778685728, "B01F": 0.033412888934286386, "G21K": 0.016706444467143193, "A01M": 0.016706444467143193, "F16K": 0.033412888934286386, "G01M": 0.03341288893428646, "A47L": 0.016706444467143193, "B08B": 0.016706444467143193, "C08K": 0.016706444467143193, "H02G": 0.033412888934286386, "A01K": 0.05011933340142959, "H01F": 0.033412888792031824, "B09B": 0.016706444467143193, "G01J": 0.05011933340142959, "D06M": 0.016706444324888662, "F28D": 0.050119333116920496, "A47C": 0.11694511112774783, "H01M": 0.01670644460939777, "C23C": 0.016706444467143193, "G05D": 0.01670644460939777, "C09D": 0.016706444467143193, "G01F": 0.033412888792031845, "A61G": 0.033412888934286386, "F02C": 0.016706444467143193, "G02F": 0.016706444467143193, "B05C": 0.016706444467143193, "E04G": 0.01670644418263418, "F16B": 0.033412888934286386, "H04Q": 0.05011933354368416, "E04D": 0.016706444467143193, "H05B": 0.016706444467143193, "G05B": 0.05011933340142959, "B60N": 0.016706444467143193, "A63F": 0.016706444467143193, "H02M": 0.01670644432488863, "H01L": 0.03341288921879557, "G08B": 0.016706444467143193, "C08L": 0.016706444467143193, "G21F": 0.016706444467143193, "H02J": 0.03341288879203185, "G01K": 0.016706444467143193, "H04N": 0.016706444467143193, "F04D": 0.05011933340142959, "G06Q": 0.05011933340142959, "H02S": 0.033412888934286386, "F01P": 0.016706444467143193, "H01T": 0.016706444324888683, "C01G": 0.016706444467143193, "C01B": 0.016706444467143193, "D06F": 0.016706444324888662, "H01J": 0.016706444467143193, "A23B": 0.016706444467143193}