{"": 0.004773269342079666, "A62B": 0.014319808026238999, "H05B": 0.014319808026238999, "E04H": 0.02386634656814382, "B03C": 0.03341288539455766, "F24F": 0.3914080856237691, "B01D": 0.15751788814637446, "F25D": 0.04773269342079666, "E04F": 0.02386634656814382, "F24H": 0.03818615473663733, "A47B": 0.028639616052477997, "E04B": 0.08114557881535432, "G06N": 0.004773269342079666, "F01N": 0.009546538684159332, "D06M": 0.009546538684159332, "A61L": 0.057279232104955995, "F25B": 0.09069211749951366, "F04D": 0.019093077368318664, "E05F": 0.019093077368318664, "G07B": 0.004773269342079666, "B05C": 0.004773269342079666, "B01J": 0.038186154594382814, "B01L": 0.019093077226064153, "E06B": 0.019093077368318664, "C02F": 0.019093077368318664, "G10K": 0.009546538684159332, "G01V": 0.02386634671039833, "A45B": 0.004773269342079666, "H10K": 0.004773269342079666, "A62C": 0.033412885252303154, "G01N": 0.03341288539455766, "F24S": 0.038186154594382814, "F23G": 0.004773269342079666, "G01F": 0.009546538684159332, "C09D": 0.009546538684159332, "A47C": 0.019093077368318664, "H01M": 0.009546538684159332, "F25C": 0.02386634671039833, "H01F": 0.009546538684159332, "F28F": 0.014319808026238999, "G06F": 0.014319808026238999, "B65G": 0.028639616052477997, "A01M": 0.004773269199825154, "A47G": 0.004773269342079666, "F28C": 0.004773269342079666, "A01N": 0.004773269342079666, "A47F": 0.004773269342079666, "D21H": 0.004773269342079666, "C08L": 0.004773269342079666, "B66F": 0.004773269342079666, "D06F": 0.004773269342079666, "G09F": 0.004773269342079666, "H05K": 0.00954653854190482, "H01P": 0.004773269342079666, "H01L": 0.014319808026238999, "H04Q": 0.004773269342079666, "B08B": 0.004773269342079666, "A63B": 0.009546538684159332, "A61G": 0.004773269342079666, "F02G": 0.004773269342079666, "F24J": 0.02386634671039833, "E21F": 0.014319808026238999, "E02B": 0.004773269342079666, "G02F": 0.004773269342079666, "B05B": 0.02386634671039833, "G01D": 0.009546538684159332, "C12N": 0.004773269342079666, "F24D": 0.028639616052477997, "B27K": 0.004773269342079666, "E21D": 0.004773269342079666, "B09B": 0.004773269342079666, "G05D": 0.009546538684159332, "F16L": 0.019093077226064153, "G01J": 0.004773269342079666, "F16K": 0.004773269342079666, "E04C": 0.004773269342079666, "F21V": 0.028639616052477997, "H02J": 0.019093077368318664, "F28G": 0.009546538684159332, "A47H": 0.004773269342079666, "F02B": 0.009546538684159332, "C04B": 0.004773269342079666, "H01Q": 0.004773269342079666, "B65D": 0.004773269342079666, "C09K": 0.004773269342079666, "E03C": 0.004773269342079666, "E04G": 0.004773269342079666, "G01S": 0.004773269342079666, "F28D": 0.014319808026238999, "H02S": 0.004773269342079666, "H01R": 0.004773269342079666, "G21F": 0.004773269342079666, "F01P": 0.004773269342079666, "B60P": 0.004773269199825154, "G21C": 0.009546538684159332, "A61B": 0.004773269342079666, "A01G": 0.009546538684159332, "E04D": 0.004773269342079666, "F24V": 0.004773269342079666, "E05D": 0.004773269342079666, "G01M": 0.004773269342079666, "G06Q": 0.004773269342079666, "D06N": 0.004773269342079666, "A47L": 0.004773269342079666, "F04F": 0.004773269342079666, "H02K": 0.004773269342079666, "B28B": 0.004773269342079666, "C12M": 0.004773269342079666, "C01B": 0.004773269342079666, "G05B": 0.004773269342079666, "H01J": 0.004773269342079666, "H02G": 0.004773269342079666, "A24F": 0.004773269342079666, "B41J": 0.004773269342079666, "C12Q": 0.004773269342079666, "H02P": 0.004773269342079666}