{"": 0.007159904534606737, "F28F": 0.03579952253077916, "C09K": 0.007159904534606737, "B01J": 0.08591885413077173, "F24T": 0.007159904534606737, "A63B": 0.007159904534606737, "F25D": 0.028639618138426946, "F24S": 0.07159904506155824, "H10K": 0.007159904534606737, "B65G": 0.014319808926958943, "G10K": 0.014319809069213476, "F16L": 0.06443914081146064, "E05F": 0.028639618138426946, "F24F": 0.6157517885536345, "B27K": 0.0071599043923522045, "B01D": 0.2505966584267265, "G06F": 0.07159904520381279, "E06B": 0.028639618138426946, "B05B": 0.06443914066920607, "F02B": 0.014319808926958912, "F25C": 0.0429594270653859, "B66B": 0.007159904534606737, "G06T": 0.014319809069213476, "F24J": 0.02147971360382021, "E21F": 0.02147971360382021, "E04H": 0.05011933159999264, "F25B": 0.12887828176517577, "G06N": 0.007159904534606737, "F04B": 0.007159904534606737, "F24D": 0.050119331599992704, "H02P": 0.007159904534606737, "E04C": 0.0071599043923522045, "E04B": 0.10739856759233737, "E05C": 0.007159904534606737, "E03C": 0.007159904534606737, "C02F": 0.028639618138426946, "A61B": 0.014319809069213476, "G01N": 0.035799522673033685, "G01V": 0.028639618138426946, "A61L": 0.05727923613459934, "C04B": 0.014319809069213476, "H05K": 0.007159904534606737, "F24H": 0.06443914038469707, "H01B": 0.007159904534606737, "B03C": 0.035799522673033685, "C12N": 0.007159904534606737, "G01S": 0.007159904534606737, "F01N": 0.014319808926958943, "H05F": 0.007159904534606737, "C05F": 0.007159904534606737, "E03D": 0.007159904534606737, "E01C": 0.014319808926958912, "A47G": 0.014319809069213476, "A62C": 0.02147971360382021, "E04F": 0.02147971360382021, "F21V": 0.05011933174224702, "A47B": 0.028639618138426946, "B01F": 0.014319809069213476, "G21K": 0.007159904534606737, "A01M": 0.007159904534606737, "F16K": 0.014319809069213476, "G01M": 0.014319809069213476, "A47L": 0.007159904534606737, "B08B": 0.007159904534606737, "C08K": 0.007159904534606737, "H02G": 0.014319809069213476, "A01K": 0.02147971360382021, "H01F": 0.014319808926958912, "B09B": 0.007159904534606737, "G01J": 0.02147971360382021, "D06M": 0.0071599043923522045, "F28D": 0.021479713319311113, "A47C": 0.050119331742247177, "H01M": 0.007159904534606737, "C23C": 0.007159904534606737, "G05D": 0.007159904534606737, "C09D": 0.007159904534606737, "G01F": 0.014319809069213476, "A61G": 0.014319809069213476, "F02C": 0.007159904534606737, "G02F": 0.007159904534606737, "B05C": 0.007159904534606737, "E04G": 0.007159904392352267, "F16B": 0.014319809069213476, "H04Q": 0.02147971360382021, "E04D": 0.007159904534606737, "H05B": 0.007159904534606737, "G05B": 0.02147971360382021, "B60N": 0.007159904534606737, "A63F": 0.007159904534606737, "H02M": 0.007159904392352173, "H01L": 0.014319808926958943, "G08B": 0.007159904534606737, "C08L": 0.007159904534606737, "G21F": 0.007159904534606737, "H02J": 0.014319808926958943, "G01K": 0.007159904534606737, "H04N": 0.007159904534606737, "F04D": 0.02147971360382021, "G06Q": 0.02147971360382021, "H02S": 0.014319809069213476, "F01P": 0.007159904534606737, "H01T": 0.007159904534606737, "C01G": 0.007159904534606737, "C01B": 0.007159904534606737, "D06F": 0.0071599043923522045, "H01J": 0.007159904534606737, "A23B": 0.007159904534606737}