{"": 0.009546538510330506, "A62B": 0.02863961553099152, "H05B": 0.02863961553099152, "E04H": 0.04773269240939802, "B03C": 0.06682576943005902, "F24F": 0.7828161568513253, "B01D": 0.31503576984512477, "F25D": 0.09546538510330499, "E04F": 0.04773269240939802, "F24H": 0.07637230808264403, "A47B": 0.05727923106198304, "E04B": 0.1622911543911094, "G06N": 0.009546538510330506, "F01N": 0.01909307702066101, "D06M": 0.01909307702066101, "A61L": 0.11455846212396595, "F25B": 0.18138423169627937, "F04D": 0.03818615404132203, "E05F": 0.038186153899067536, "G07B": 0.009546538510330506, "B05C": 0.009546538368075983, "B01J": 0.07637230808264406, "B01L": 0.038186153899067515, "E06B": 0.03818615404132203, "C02F": 0.03818615404132203, "G10K": 0.01909307702066101, "G01V": 0.04773269255165253, "A45B": 0.009546538510330506, "H10K": 0.009546538510330506, "A62C": 0.06682576943005902, "G01N": 0.06682576957231354, "F24S": 0.07637230794038952, "F23G": 0.009546538510330506, "G01F": 0.01909307702066101, "C09D": 0.01909307702066101, "A47C": 0.03818615404132203, "H01M": 0.01909307702066101, "F25C": 0.04773269255165253, "H01F": 0.01909307702066101, "F28F": 0.02863961553099152, "G06F": 0.02863961553099152, "B65G": 0.05727923106198304, "A01M": 0.009546538368075994, "A47G": 0.009546538510330506, "F28C": 0.009546538510330506, "A01N": 0.009546538510330506, "A47F": 0.009546538510330506, "D21H": 0.009546538510330506, "C08L": 0.009546538510330506, "B66F": 0.009546538510330506, "D06F": 0.009546538510330506, "G09F": 0.009546538510330506, "H05K": 0.0190930768784065, "H01P": 0.009546538510330506, "H01L": 0.02863961553099152, "H04Q": 0.009546538368076014, "B08B": 0.009546538510330506, "A63B": 0.01909307702066101, "A61G": 0.009546538510330506, "F02G": 0.009546538510330506, "F24J": 0.04773269255165253, "E21F": 0.02863961553099152, "E02B": 0.009546538510330506, "G02F": 0.009546538510330506, "B05B": 0.04773269255165253, "G01D": 0.01909307702066101, "C12N": 0.009546538510330506, "F24D": 0.05727923106198304, "B27K": 0.009546538510330506, "E21D": 0.009546538510330506, "B09B": 0.009546538510330506, "G05D": 0.01909307702066101, "F16L": 0.038186153899067515, "G01J": 0.009546538510330506, "F16K": 0.009546538510330506, "E04C": 0.009546538510330506, "F21V": 0.05727923134649208, "H02J": 0.03818615404132203, "F28G": 0.01909307702066101, "A47H": 0.009546538510330506, "F02B": 0.01909307702066101, "C04B": 0.009546538510330506, "H01Q": 0.009546538510330506, "B65D": 0.009546538510330506, "C09K": 0.009546538510330506, "E03C": 0.009546538510330506, "E04G": 0.009546538510330506, "G01S": 0.009546538510330506, "F28D": 0.02863961553099152, "H02S": 0.009546538510330506, "H01R": 0.009546538510330506, "G21F": 0.009546538510330506, "F01P": 0.009546538510330506, "B60P": 0.009546538368075994, "G21C": 0.01909307687840652, "A61B": 0.009546538510330506, "A01G": 0.01909307702066101, "E04D": 0.009546538510330506, "F24V": 0.009546538510330506, "E05D": 0.009546538510330506, "G01M": 0.009546538510330506, "G06Q": 0.009546538510330506, "D06N": 0.009546538510330506, "A47L": 0.009546538510330506, "F04F": 0.009546538510330506, "H02K": 0.009546538510330506, "B28B": 0.009546538510330506, "C12M": 0.009546538510330506, "C01B": 0.009546538510330506, "G05B": 0.009546538510330506, "H01J": 0.009546538510330506, "H02G": 0.009546538510330506, "A24F": 0.009546538510330506, "B41J": 0.009546538510330506, "C12Q": 0.009546538510330506, "H02P": 0.009546538510330506}