{"": 0.0047732705588822595, "F28F": 0.02386635265215677, "C09K": 0.0047732705588822595, "B01J": 0.05727924656433252, "F24T": 0.0047732705588822595, "A63B": 0.0047732705588822595, "F25D": 0.01909308223552904, "F24S": 0.04773270530431348, "H10K": 0.0047732705588822595, "B65G": 0.009546540975509988, "G10K": 0.00954654111776452, "F16L": 0.042959435029940325, "E05F": 0.01909308223552904, "F24F": 0.41050126664132985, "B27K": 0.004773270416627728, "B01D": 0.16706446927636998, "G06F": 0.04773270544656801, "E06B": 0.01909308223552904, "B05B": 0.04295943488768576, "F02B": 0.009546540975509957, "F25C": 0.028639623211039026, "B66B": 0.0047732705588822595, "G06T": 0.00954654111776452, "F24J": 0.01431981167664678, "E21F": 0.01431981167664678, "E04H": 0.033412893769921286, "F25B": 0.08591887020213526, "G06N": 0.0047732705588822595, "F04B": 0.0047732705588822595, "F24D": 0.03341289391217582, "H02P": 0.0047732705588822595, "E04C": 0.004773270416627728, "E04B": 0.07159905795647029, "E05C": 0.0047732705588822595, "E03C": 0.0047732705588822595, "C02F": 0.01909308223552904, "A61B": 0.00954654111776452, "G01N": 0.0238663527944113, "G01V": 0.01909308223552904, "A61L": 0.03818616432880351, "C04B": 0.00954654111776452, "H05K": 0.0047732705588822595, "F24H": 0.042959434745431235, "H01B": 0.0047732705588822595, "B03C": 0.0238663527944113, "C12N": 0.0047732705588822595, "G01S": 0.0047732705588822595, "F01N": 0.009546540975509988, "H05F": 0.0047732705588822595, "C05F": 0.0047732705588822595, "E03D": 0.0047732705588822595, "E01C": 0.009546540975509957, "A47G": 0.00954654111776452, "A62C": 0.01431981167664678, "E04F": 0.01431981167664678, "F21V": 0.03341289362766672, "A47B": 0.01909308223552904, "B01F": 0.00954654111776452, "G21K": 0.0047732705588822595, "A01M": 0.0047732705588822595, "F16K": 0.00954654111776452, "G01M": 0.00954654111776452, "A47L": 0.0047732705588822595, "B08B": 0.0047732705588822595, "C08K": 0.0047732705588822595, "H02G": 0.00954654111776452, "A01K": 0.01431981167664678, "H01F": 0.009546540975509957, "B09B": 0.0047732705588822595, "G01J": 0.01431981167664678, "D06M": 0.004773270416627728, "F28D": 0.014319811392137683, "A47C": 0.03341289391217582, "H01M": 0.0047732705588822595, "C23C": 0.0047732705588822595, "G05D": 0.0047732705588822595, "C09D": 0.0047732705588822595, "G01F": 0.00954654111776452, "A61G": 0.00954654111776452, "F02C": 0.0047732705588822595, "G02F": 0.0047732705588822595, "B05C": 0.0047732705588822595, "E04G": 0.0047732705588822595, "F16B": 0.00954654111776452, "H04Q": 0.01431981167664678, "E04D": 0.0047732705588822595, "H05B": 0.0047732705588822595, "G05B": 0.01431981167664678, "B60N": 0.0047732705588822595, "A63F": 0.0047732705588822595, "H02M": 0.004773270416627696, "H01L": 0.009546540975509988, "G08B": 0.0047732705588822595, "C08L": 0.0047732705588822595, "G21F": 0.0047732705588822595, "H02J": 0.009546540975509988, "G01K": 0.0047732705588822595, "H04N": 0.0047732705588822595, "F04D": 0.01431981167664678, "G06Q": 0.01431981167664678, "H02S": 0.00954654111776452, "F01P": 0.0047732705588822595, "H01T": 0.0047732705588822595, "C01G": 0.0047732705588822595, "C01B": 0.0047732705588822595, "D06F": 0.004773270416627728, "H01J": 0.0047732705588822595, "A23B": 0.0047732705588822595}