{"": 0.014319808895384142, "F28F": 0.0715990446191752, "C09K": 0.014319808895384142, "B01J": 0.1718377063178462, "F24T": 0.014319808895384142, "A63B": 0.0143198087531296, "F25D": 0.05727923558153658, "F24S": 0.14319808852707785, "H10K": 0.014319808895384142, "B65G": 0.02863961764851375, "G10K": 0.028639617790768283, "F16L": 0.12887828005845728, "E05F": 0.05727923558153658, "F24F": 1.2315035630114721, "B27K": 0.01431980875312961, "B01D": 0.5011933107694266, "G06F": 0.14319808909609594, "E06B": 0.057279235439282074, "B05B": 0.12887827977394817, "F02B": 0.028639617648513718, "F25C": 0.08591885323005032, "B66B": 0.014319808895384142, "G06T": 0.028639617648513783, "F24J": 0.04295942640164342, "E21F": 0.04295942668615243, "E04H": 0.10023866198317995, "F25B": 0.2577565604014234, "G06N": 0.014319808895384142, "F04B": 0.014319808895384142, "F24D": 0.10023866212543452, "H02P": 0.014319808895384142, "E04C": 0.01431980875312961, "E04B": 0.214797132861744, "E05C": 0.014319808895384142, "E03C": 0.014319808895384142, "C02F": 0.05727923543928207, "A61B": 0.028639617790768283, "G01N": 0.0715990441924117, "G01V": 0.05727923558153658, "A61L": 0.11455847073630954, "C04B": 0.028639617790768283, "H05K": 0.014319808895384142, "F24H": 0.12887827948943922, "H01B": 0.014319808895384142, "B03C": 0.07159904447692071, "C12N": 0.014319808895384142, "G01S": 0.014319808895384142, "F01N": 0.02863961764851375, "H05F": 0.014319808895384142, "C05F": 0.014319808895384142, "E03D": 0.014319808895384142, "E01C": 0.028639617648513718, "A47G": 0.028639617790768283, "A62C": 0.04295942654389792, "E04F": 0.04295942668615243, "F21V": 0.1002386621254343, "A47B": 0.05727923558153658, "B01F": 0.028639617790768283, "G21K": 0.014319808895384142, "A01M": 0.014319808895384142, "F16K": 0.028639617790768283, "G01M": 0.028639617648513783, "A47L": 0.014319808895384142, "B08B": 0.014319808895384142, "C08K": 0.014319808895384142, "H02G": 0.028639617790768283, "A01K": 0.04295942668615243, "H01F": 0.028639617648513718, "B09B": 0.014319808895384142, "G01J": 0.04295942668615243, "D06M": 0.01431980875312961, "F28D": 0.04295942640164333, "A47C": 0.10023866212543445, "H01M": 0.014319808895384142, "C23C": 0.014319808895384142, "G05D": 0.014319808895384142, "C09D": 0.014319808895384142, "G01F": 0.02863961764851374, "A61G": 0.028639617790768283, "F02C": 0.014319808895384142, "G02F": 0.014319808895384142, "B05C": 0.014319808895384142, "E04G": 0.014319808610875128, "F16B": 0.028639617790768283, "H04Q": 0.04295942668615243, "E04D": 0.014319808895384142, "H05B": 0.014319808895384142, "G05B": 0.04295942668615243, "B60N": 0.014319808895384142, "A63F": 0.014319808895384142, "H02M": 0.01431980875312958, "H01L": 0.02863961764851375, "G08B": 0.014319808895384142, "C08L": 0.014319808895384142, "G21F": 0.014319808895384142, "H02J": 0.02863961764851375, "G01K": 0.014319808895384142, "H04N": 0.014319808895384142, "F04D": 0.04295942668615243, "G06Q": 0.04295942668615243, "H02S": 0.028639617790768283, "F01P": 0.014319808895384142, "H01T": 0.014319808753129631, "C01G": 0.014319808895384142, "C01B": 0.014319808895384142, "D06F": 0.01431980875312961, "H01J": 0.014319808895384142, "A23B": 0.014319808895384142}