{"": 0.002386634671039833, "A62B": 0.0071599040131194985, "H05B": 0.0071599040131194985, "E04H": 0.011933173212944653, "B03C": 0.01670644269727883, "F24F": 0.1957040428830118, "B01D": 0.07875894414431449, "F25D": 0.02386634671039833, "E04F": 0.011933173212944653, "F24H": 0.019093077368318664, "A47B": 0.014319808026238999, "E04B": 0.04057278940767716, "G06N": 0.002386634671039833, "F01N": 0.004773269342079666, "D06M": 0.004773269342079666, "A61L": 0.028639616052477997, "F25B": 0.04534605874975683, "F04D": 0.009546538684159332, "E05F": 0.009546538684159332, "G07B": 0.002386634671039833, "B05C": 0.002386634671039833, "B01J": 0.019093077368318664, "B01L": 0.00954653854190482, "E06B": 0.009546538684159332, "C02F": 0.009546538684159332, "G10K": 0.004773269342079666, "G01V": 0.011933173355199165, "A45B": 0.002386634671039833, "H10K": 0.002386634671039833, "A62C": 0.01670644255502432, "G01N": 0.01670644269727883, "F24S": 0.019093077368318664, "F23G": 0.002386634671039833, "G01F": 0.004773269342079666, "C09D": 0.004773269342079666, "A47C": 0.009546538684159332, "H01M": 0.004773269342079666, "F25C": 0.011933173355199165, "H01F": 0.004773269342079666, "F28F": 0.0071599040131194985, "G06F": 0.0071599040131194985, "B65G": 0.014319808026238999, "A01M": 0.002386634671039833, "A47G": 0.002386634671039833, "F28C": 0.002386634671039833, "A01N": 0.002386634671039833, "A47F": 0.002386634671039833, "D21H": 0.002386634671039833, "C08L": 0.002386634671039833, "B66F": 0.002386634671039833, "D06F": 0.002386634671039833, "G09F": 0.002386634671039833, "H05K": 0.004773269342079666, "H01P": 0.002386634671039833, "H01L": 0.0071599040131194985, "H04Q": 0.002386634671039833, "B08B": 0.002386634671039833, "A63B": 0.004773269342079666, "A61G": 0.002386634671039833, "F02G": 0.002386634671039833, "F24J": 0.011933173355199165, "E21F": 0.0071599040131194985, "E02B": 0.002386634671039833, "G02F": 0.002386634671039833, "B05B": 0.011933173355199165, "G01D": 0.004773269342079666, "C12N": 0.002386634671039833, "F24D": 0.014319808026238999, "B27K": 0.002386634671039833, "E21D": 0.002386634671039833, "B09B": 0.002386634671039833, "G05D": 0.004773269342079666, "F16L": 0.009546538684159332, "G01J": 0.002386634671039833, "F16K": 0.002386634671039833, "E04C": 0.002386634671039833, "F21V": 0.014319808026238999, "H02J": 0.009546538684159332, "F28G": 0.004773269342079666, "A47H": 0.002386634671039833, "F02B": 0.004773269342079666, "C04B": 0.002386634671039833, "H01Q": 0.002386634671039833, "B65D": 0.002386634671039833, "C09K": 0.002386634671039833, "E03C": 0.002386634671039833, "E04G": 0.002386634671039833, "G01S": 0.002386634671039833, "F28D": 0.0071599040131194985, "H02S": 0.002386634671039833, "H01R": 0.002386634671039833, "G21F": 0.002386634671039833, "F01P": 0.002386634671039833, "B60P": 0.002386634528785321, "G21C": 0.004773269342079666, "A61B": 0.002386634671039833, "A01G": 0.004773269342079666, "E04D": 0.002386634671039833, "F24V": 0.002386634671039833, "E05D": 0.002386634671039833, "G01M": 0.002386634671039833, "G06Q": 0.002386634671039833, "D06N": 0.002386634671039833, "A47L": 0.002386634671039833, "F04F": 0.002386634671039833, "H02K": 0.002386634671039833, "B28B": 0.002386634671039833, "C12M": 0.002386634671039833, "C01B": 0.002386634671039833, "G05B": 0.002386634671039833, "H01J": 0.002386634671039833, "H02G": 0.002386634671039833, "A24F": 0.002386634671039833, "B41J": 0.002386634671039833, "C12Q": 0.002386634671039833, "H02P": 0.002386634671039833}