{"": 1.3447803804358315e-40, "G01B": 0.0, "E21D": 0.05876721477280716, "G06Q": 1.344921403532049e-40, "G10K": 0.05886418736257921, "G06T": 0.0, "G01N": 0.05884639724498793, "G01C": 1.3581846257313453e-40, "E02D": 1.3570176596101412e-40, "E04G": 1.35710756183398e-40, "G01V": 0.0, "F21V": 1.3559423585014797e-40, "E02B": 0.0, "F42D": 1.3578320679908002e-40, "E21B": 1.358008346861073e-40, "G01D": 0.0, "F21S": 0.05876721477280716, "F02D": 0.0, "B08B": 0.0, "E04B": 1.349416514723995e-40, "A62C": 1.3518385864015385e-40, "G01S": 0.0, "G06F": 1.3506733830690376e-40, "E03F": 0.05888098451258681, "E02F": 0.0, "E01B": 1.3581035374510198e-40, "E21F": 0.35303717346997643, "E21C": 0.0, "G01L": 1.356118637371752e-40, "G09G": 0.058803997453013, "E01F": 0.11753442954561431, "G01P": 0.0, "E04F": 0.0, "G03B": 1.357248584930198e-40, "B66B": 1.3554417265099061e-40, "G01H": 0.05886989251813795, "B64D": 0.0, "B65G": 0.0, "G06K": 0.05886129357468273, "G06N": 0.0, "G02B": 1.3577774215410158e-40, "B64B": 1.3536877517506957e-40, "B63B": 1.3548582434493045e-40, "F21W": 0.05876721477280716, "E01C": 0.0, "F21Y": 1.3569312829637076e-40}