{"": 2.491621749779902e-41, "G01B": 0.0, "E21D": 2.5898530990665156e-41, "G06Q": 2.493359607523484e-41, "G10K": 0.0, "G06T": 0.0, "G01N": 0.09088442254017723, "G01C": 2.5939010360058355e-41, "E02D": 2.5851481671265743e-41, "E04G": 2.585487261320444e-41, "G01V": 0.0, "F21V": 2.5767767792154176e-41, "E02B": 0.0, "F42D": 2.5915697634229817e-41, "E21B": 2.5923115319720713e-41, "G01D": 0.0, "F21S": 0.09081732353492304, "F02D": 0.0, "B08B": 0.0, "E04B": 2.5272902202975655e-41, "A62C": 2.545071472088606e-41, "G01S": 0.0, "G06F": 2.536276216435111e-41, "E03F": 0.09100763814735448, "E02F": 0.0, "E01B": 2.5926930129401747e-41, "E21F": 0.36369688035757436, "E21C": 0.0, "G01L": 2.5775397411516246e-41, "G09G": 0.0, "E01F": 0.09081732353492304, "G01P": 0.0, "E04F": 0.0, "G03B": 2.586271416643768e-41, "B66B": 2.572707648888982e-41, "G01H": 0.09099107171942847, "B64D": 0.0, "B65G": 0.0, "G06K": 0.09096801663069633, "G06N": 0.0, "G02B": 2.5902769668088537e-41, "B64B": 2.559567748876533e-41, "B63B": 2.56834181114291e-41, "F21W": 0.09081732353492304, "E01C": 0.0, "F21Y": 2.5838553705124464e-41}