{"": 0.0, "G01B": 0.0, "E21D": 0.0, "G06Q": 0.0, "G10K": 0.0, "G06T": 0.0, "G01N": 0.0, "G01C": 0.0, "E02D": 0.0, "E04G": 0.0, "G01V": 0.0, "F21V": 0.0, "E02B": 0.0, "F42D": 0.0, "E21B": 0.0, "G01D": 0.0, "F21S": 0.0, "F02D": 0.0, "B08B": 0.0, "E04B": 0.0, "A62C": 0.0, "G01S": 0.0, "G06F": 0.0, "E03F": 0.0, "E02F": 0.0, "E01B": 0.2498440687739652, "E21F": 0.25002099726124577, "E21C": 0.500134933964789, "G01L": 0.0, "G09G": 0.0, "E01F": 0.0, "G01P": 0.0, "E04F": 0.0, "G03B": 0.0, "B66B": 0.0, "G01H": 0.0, "B64D": 0.0, "B65G": 0.0, "G06K": 0.0, "G06N": 0.0, "G02B": 0.0, "B64B": 0.0, "B63B": 0.0, "F21W": 0.0, "E01C": 0.0, "F21Y": 0.0}