{"": 9.455907299511579e-41, "G01B": 0.0, "E21D": 0.08331653874509527, "G06Q": 0.05552888610878013, "G10K": 0.0, "G06T": 0.0, "G01N": 0.0, "G01C": 0.16667159516512456, "E02D": 9.307782311236854e-41, "E04G": 9.308048643250535e-41, "G01V": 0.0, "F21V": 0.055526880221112164, "E02B": 0.027790607563354264, "F42D": 9.310600991714965e-41, "E21B": 0.0833359472280624, "G01D": 0.027783610917128415, "F21S": 0.055526880221112164, "F02D": 0.0, "B08B": 0.1111477191198354, "E04B": 9.4726640220389e-41, "A62C": 9.289283333453368e-41, "G01S": 0.027785645660785507, "G06F": 9.477136180435279e-41, "E03F": 0.027790607563354264, "E02F": 0.0, "E01B": 9.311544250930075e-41, "E21F": 0.0833766681361286, "E21C": 0.0, "G01L": 0.05557621107411348, "G09G": 0.0, "E01F": 0.0, "G01P": 0.0, "E04F": 0.027785645660785507, "G03B": 9.308747764786433e-41, "B66B": 9.302144950280635e-41, "G01H": 0.0, "B64D": 0.0, "B65G": 0.0, "G06K": 0.0, "G06N": 0.0277729816982965, "G02B": 0.027756694695818897, "B64B": 9.295875050791931e-41, "B63B": 9.300047585672922e-41, "F21W": 0.0, "E01C": 0.0, "F21Y": 0.055526880221112164}