{"": 1.2781068423068439e-40, "G01B": 0.0, "E21D": 0.08329363083760756, "G06Q": 0.08329363083760756, "G10K": 0.0, "G06T": 0.0, "G01N": 0.0, "G01C": 0.19445448345621674, "E02D": 1.28389105766111e-40, "E04G": 0.05557298216961394, "G01V": 0.027761595842366194, "F21V": 1.283382023959825e-40, "E02B": 0.0555444266014339, "F42D": 1.2842863408146216e-40, "E21B": 1.2843673880799102e-40, "G01D": 0.027772910783495423, "F21S": 1.282436472531461e-40, "F02D": 0.0, "B08B": 0.0, "E04B": 1.2803164466973378e-40, "A62C": 1.2814567959387641e-40, "G01S": 0.027780261462430914, "G06F": 1.280909371427605e-40, "E03F": 0.055572982169613934, "E02F": 0.0, "E01B": 1.2844057788897836e-40, "E21F": 0.22227537393427674, "E21C": 0.0, "G01L": 1.283458805579572e-40, "G09G": 0.027772910783495423, "E01F": 0.0, "G01P": 0.0, "E04F": 0.027780261462430914, "G03B": 1.2840090738544247e-40, "B66B": 1.2831445696913482e-40, "G01H": 0.0, "B64D": 0.0, "B65G": 0.027772910783495423, "G06K": 0.0, "G06N": 0.0, "G02B": 1.2842451062410538e-40, "B64B": 1.2823170344562987e-40, "B63B": 1.282868724612999e-40, "F21W": 0.0, "E01C": 0.08335163887591533, "F21Y": 1.2838540887330837e-40}