{"": 0.008771929824561443, "A01K": 0.20175438570348936, "B63B": 0.16666666666666743, "C02F": 0.07894736842105299, "E21D": 0.017543859649122886, "E02D": 0.4122807020158126, "C09D": 0.052631578947368654, "E02B": 0.28947368473337565, "C04B": 0.07017543859649154, "G01N": 0.017543859649122886, "E01D": 0.07017543911933927, "B31B": 0.026315789473684327, "E04B": 0.026315789473684327, "B28B": 0.04385964912280721, "E04G": 0.07894736842105299, "E02F": 0.008771929824561443, "B27M": 0.008771929824561443, "B66C": 0.017543859649122886, "G03B": 0.008771929824561443, "A01G": 0.052631578947368654, "G01C": 0.008771929824561443, "B23K": 0.017543859649122886, "C08L": 0.008771929824561443, "F16L": 0.008771929824561443, "G01M": 0.026315789473684327, "B63C": 0.008771929824561443, "B29B": 0.008771929824561443, "F21S": 0.008771929824561443, "A01M": 0.017543859649122886, "E03B": 0.026315789473684327, "E04H": 0.008771929824561443, "G01S": 0.008771929824561443, "E04C": 0.008771929824561443, "B65D": 0.03508771929824577, "A01C": 0.017543859649122886, "D07B": 0.008771929824561443, "E01F": 0.017543859649122886, "E21B": 0.017543859649122886, "C05G": 0.008771929824561443, "E03F": 0.017543859649122886, "B09B": 0.017543859649122886, "E06B": 0.008771929824561443, "E01C": 0.008771929824561443, "C09K": 0.008771929824561443, "G21D": 0.008771929824561443}