{"": 0.021929824561403587, "A01K": 0.5043859646508596, "B63B": 0.41666666666666874, "C02F": 0.19736842105263228, "E21D": 0.04385964886138328, "E02D": 1.0307017541245462, "C09D": 0.13157894736842152, "E02B": 0.7236842105263187, "C04B": 0.17543859649122862, "G01N": 0.04385964912280718, "E01D": 0.17543859649122862, "B31B": 0.06578947368421076, "E04B": 0.06578947368421076, "B28B": 0.10964912280701794, "E04G": 0.19736842052978457, "E02F": 0.021929824561403587, "B27M": 0.021929824561403587, "B66C": 0.04385964912280718, "G03B": 0.021929824561403587, "A01G": 0.13157894736842152, "G01C": 0.021929824561403587, "B23K": 0.04385964912280718, "C08L": 0.02192982429997971, "F16L": 0.021929824561403587, "G01M": 0.06578947368421076, "B63C": 0.021929824561403587, "B29B": 0.021929824561403587, "F21S": 0.021929824561403587, "A01M": 0.04385964912280718, "E03B": 0.06578947368421076, "E04H": 0.021929824561403587, "G01S": 0.021929824561403587, "E04C": 0.021929824561403587, "B65D": 0.08771929824561435, "A01C": 0.04385964912280718, "D07B": 0.021929824561403587, "E01F": 0.04385964912280718, "E21B": 0.04385964912280718, "C05G": 0.021929824561403587, "E03F": 0.04385964912280718, "B09B": 0.04385964912280718, "E06B": 0.021929824561403587, "E01C": 0.021929824561403587, "C09K": 0.021929824561403587, "G21D": 0.021929824561403587}