{"": 0.02631578947368429, "A01K": 0.6052631573718922, "B63B": 0.5000000000000023, "C02F": 0.2368421052631587, "E21D": 0.0526315784245208, "E02D": 1.2368421050017346, "C09D": 0.1578947368421058, "E02B": 0.8684210526315823, "C04B": 0.21052631578947434, "G01N": 0.052631578947368585, "E01D": 0.21052631578947434, "B31B": 0.07894736842105286, "E04B": 0.07894736842105286, "B28B": 0.13157894736842146, "E04G": 0.23684210474031098, "E02F": 0.02631578947368429, "B27M": 0.02631578947368429, "B66C": 0.052631578947368585, "G03B": 0.02631578947368429, "A01G": 0.1578947368421058, "G01C": 0.02631578947368429, "B23K": 0.052631578947368585, "C08L": 0.02631578921226041, "F16L": 0.02631578947368429, "G01M": 0.07894736842105286, "B63C": 0.02631578947368429, "B29B": 0.02631578947368429, "F21S": 0.02631578947368429, "A01M": 0.052631578947368585, "E03B": 0.07894736842105286, "E04H": 0.02631578947368429, "G01S": 0.02631578947368429, "E04C": 0.02631578947368429, "B65D": 0.10526315789473716, "A01C": 0.052631578947368585, "D07B": 0.02631578947368429, "E01F": 0.052631578947368585, "E21B": 0.052631578947368585, "C05G": 0.02631578947368429, "E03F": 0.052631578947368585, "B09B": 0.052631578947368585, "E06B": 0.02631578947368429, "E01C": 0.02631578947368429, "C09K": 0.02631578947368429, "G21D": 0.02631578947368429}