{"": 0.004385965205809289, "A01K": 0.10087719973361368, "B63B": 0.08333333891037652, "C02F": 0.039473686852283606, "E21D": 0.008771930411618578, "E02D": 0.20614036519588422, "C09D": 0.026315791234855734, "E02B": 0.14473685231455433, "C04B": 0.035087721646474314, "G01N": 0.008771930411618578, "E01D": 0.035087721646474314, "B31B": 0.013157895617427869, "E04B": 0.013157895617427869, "B28B": 0.021929826029046445, "E04G": 0.039473686852283606, "E02F": 0.004385965205809289, "B27M": 0.004385965205809289, "B66C": 0.008771930411618578, "G03B": 0.004385965205809289, "A01G": 0.026315791234855734, "G01C": 0.004385965205809289, "B23K": 0.008771930411618578, "C08L": 0.004385965205809289, "F16L": 0.004385965205809289, "G01M": 0.013157895617427869, "B63C": 0.004385965205809289, "B29B": 0.004385965205809289, "F21S": 0.004385965205809289, "A01M": 0.008771930411618578, "E03B": 0.013157895617427869, "E04H": 0.004385965205809289, "G01S": 0.004385965205809289, "E04C": 0.004385965205809289, "B65D": 0.017543860823237157, "A01C": 0.008771930411618578, "D07B": 0.004385965205809289, "E01F": 0.008771930411618578, "E21B": 0.008771930411618578, "C05G": 0.004385965205809289, "E03F": 0.008771930411618578, "B09B": 0.008771930411618578, "E06B": 0.004385965205809289, "E01C": 0.004385965205809289, "C09K": 0.004385965205809289, "G21D": 0.004385965205809289}