{"F21S": 0.052631577314615915, "B28B": 0.15789473272811944, "": 0.026315788657307958, "C04B": 0.28947367549181136, "E02D": 1.3684210109642778, "G01N": 0.052631577314615915, "E02B": 0.7368420837117443, "E04H": 0.05263157783746364, "C08L": 0.026315788395884075, "C05G": 0.07894736649477163, "A01K": 0.6842105061357043, "C02F": 0.21052630978131137, "E01D": 0.2894736752303875, "B65D": 0.07894736571050001, "E01F": 0.05263157836031138, "C09D": 0.1578947319438478, "A01G": 0.31578946519481493, "E04B": 0.10526315489065573, "E04G": 0.23684209896146707, "B66C": 0.052631577314615915, "C09K": 0.026315788395884075, "A01M": 0.0526315775760398, "E21B": 0.026315788657307958, "G01C": 0.026315788657307958, "B23K": 0.0526315775760398, "G01M": 0.026315788657307958, "B63B": 0.2631578886644705, "H02S": 0.02631578891873182, "B32B": 0.052631577314615915, "H01L": 0.026315788657307958, "E03B": 0.05263157783746366, "E21D": 0.052631577314615915, "E04C": 0.026315788657307958, "A01C": 0.07894736649477163, "G01S": 0.02631578891873182, "C05D": 0.026315788657307958, "B63C": 0.026315788657307958, "B31B": 0.026315788657307958, "E03F": 0.026315788918731837, "D07B": 0.02631578891873182, "G21D": 0.026315788657307958}