{"F21S": 0.017543859126275048, "B28B": 0.05263157764024901, "": 0.008771929563137524, "C04B": 0.09649122493308886, "E02D": 0.4561403372831521, "G01N": 0.017543859126275048, "E02B": 0.24561402802927484, "E04H": 0.017543859649122806, "C08L": 0.008771929301713643, "C05G": 0.02631578895083645, "A01K": 0.2280701694258475, "C02F": 0.07017543650510016, "E01D": 0.09649122493308886, "B65D": 0.026315788427988693, "E01F": 0.017543859387698927, "C09D": 0.05263157737882513, "A01G": 0.10526315580334578, "E04B": 0.03508771851397398, "E04G": 0.07894736632966157, "B66C": 0.017543859126275048, "C09K": 0.008771929301713643, "A01M": 0.017543859387698927, "E21B": 0.008771929563137524, "G01C": 0.008771929563137524, "B23K": 0.017543859387698927, "G01M": 0.008771929563137524, "B63B": 0.08771929641564685, "H02S": 0.008771929563137524, "B32B": 0.017543859126275048, "H01L": 0.008771929563137524, "E03B": 0.017543859387698927, "E21D": 0.017543859126275048, "E04C": 0.008771929563137524, "A01C": 0.02631578895083645, "G01S": 0.008771929563137524, "C05D": 0.008771929563137524, "B63C": 0.008771929563137524, "B31B": 0.008771929563137524, "E03F": 0.008771929824561403, "D07B": 0.008771929563137524, "G21D": 0.008771929563137524}