{"": 0.0175438593555943, "A01K": 0.40350876491724563, "B63B": 0.33333332775629193, "C02F": 0.15789473420034877, "E21D": 0.0350877187111886, "E02D": 0.8245613897129348, "C09D": 0.10526315613356578, "E02B": 0.5789473587346134, "C04B": 0.1403508748447544, "G01N": 0.0350877187111886, "E01D": 0.14035087510617827, "B31B": 0.05263157806678289, "E04B": 0.05263157806678289, "B28B": 0.08771929677797148, "E04G": 0.15789473367750106, "E02F": 0.0175438593555943, "B27M": 0.0175438593555943, "B66C": 0.0350877187111886, "G03B": 0.0175438593555943, "A01G": 0.10526315613356578, "G01C": 0.0175438593555943, "B23K": 0.0350877187111886, "C08L": 0.01754385909417042, "F16L": 0.0175438593555943, "G01M": 0.05263157806678289, "B63C": 0.0175438593555943, "B29B": 0.0175438593555943, "F21S": 0.0175438593555943, "A01M": 0.0350877187111886, "E03B": 0.05263157806678289, "E04H": 0.0175438593555943, "G01S": 0.0175438593555943, "E04C": 0.0175438593555943, "B65D": 0.07017543742237718, "A01C": 0.0350877187111886, "D07B": 0.0175438593555943, "E01F": 0.0350877187111886, "E21B": 0.0350877187111886, "C05G": 0.0175438593555943, "E03F": 0.0350877187111886, "B09B": 0.0350877187111886, "E06B": 0.0175438593555943, "E01C": 0.0175438593555943, "C09K": 0.0175438593555943, "G21D": 0.0175438593555943}