{"F21S": 0.06140350655212022, "B28B": 0.18421052044063235, "": 0.03070175327606011, "C04B": 0.33771928629808534, "E02D": 1.5964911711393854, "G01N": 0.06140350655212022, "E02B": 0.8596490930368054, "E04H": 0.061403507074967945, "C08L": 0.030701753014636228, "C05G": 0.09210526035102809, "A01K": 0.798245586223261, "C02F": 0.24561402646990474, "E01D": 0.33771928603666146, "B65D": 0.09210525956675647, "E01F": 0.06140350733639183, "C09D": 0.1842105196563607, "A01G": 0.3684210406198411, "E04B": 0.12280701336566434, "E04G": 0.2763157805302366, "B66C": 0.06140350655212022, "C09K": 0.030701753014636228, "A01M": 0.061403506813544104, "E21B": 0.03070175327606011, "G01C": 0.03070175327606011, "B23K": 0.061403506813544104, "G01M": 0.03070175327606011, "B63B": 0.3070175345905684, "H02S": 0.030701753537483972, "B32B": 0.06140350655212022, "H01L": 0.03070175327606011, "E03B": 0.061403507074967965, "E21D": 0.06140350655212022, "E04C": 0.03070175327606011, "A01C": 0.09210526035102809, "G01S": 0.030701753537483972, "C05D": 0.03070175327606011, "B63C": 0.03070175327606011, "B31B": 0.03070175327606011, "E03F": 0.03070175353748399, "D07B": 0.030701753537483972, "G21D": 0.03070175327606011}