{"F21S": 0.02631578784093163, "B28B": 0.07894736430706648, "": 0.013157893920465815, "C04B": 0.14473683338654778, "E02D": 0.684210485171343, "G01N": 0.02631578784093163, "E02B": 0.3684210313415866, "E04H": 0.02631578862520325, "C08L": 0.013157893659041933, "C05G": 0.039473682284245186, "A01K": 0.34210524297780714, "C02F": 0.10526315188657417, "E01D": 0.1447368331251239, "B65D": 0.039473681499973566, "E01F": 0.026315788886627098, "C09D": 0.07894736352279486, "A01G": 0.1578947288755569, "E04B": 0.05263157594328714, "E04G": 0.11842104632988773, "B66C": 0.02631578784093163, "C09K": 0.013157893659041933, "A01M": 0.02631578836377937, "E21B": 0.013157893920465815, "G01C": 0.013157893920465815, "B23K": 0.02631578810235551, "G01M": 0.013157893920465815, "B63B": 0.13157894129604905, "H02S": 0.013157894181889677, "B32B": 0.02631578784093163, "H01L": 0.013157893920465815, "E03B": 0.02631578836377937, "E21D": 0.02631578784093163, "E04C": 0.013157893920465815, "A01C": 0.039473682284245186, "G01S": 0.013157894181889677, "C05D": 0.013157893920465815, "B63C": 0.013157893920465815, "B31B": 0.013157893920465815, "E03F": 0.013157894181889694, "D07B": 0.013157894181889677, "G21D": 0.013157893920465815}