{"F21S": 0.008771929824561403, "B28B": 0.02631578947368421, "": 0.0043859649122807015, "C04B": 0.04824561403508772, "E02D": 0.22807017465432516, "G01N": 0.008771929824561403, "E02B": 0.12280701728243576, "E04H": 0.008771929824561403, "C08L": 0.004385964650856822, "C05G": 0.013157894736842105, "A01K": 0.11403508745787436, "C02F": 0.03508771903682173, "E01D": 0.04824561351223996, "B65D": 0.013157894475418225, "E01F": 0.008771929824561403, "C09D": 0.02631578921226033, "A01G": 0.05263157894736842, "E04B": 0.017543859649122806, "E04G": 0.039473684210526314, "B66C": 0.008771929824561403, "C09K": 0.004385964650856822, "A01M": 0.008771929824561403, "E21B": 0.0043859649122807015, "G01C": 0.0043859649122807015, "B23K": 0.008771929824561403, "G01M": 0.0043859649122807015, "B63B": 0.043859649122807015, "H02S": 0.0043859649122807015, "B32B": 0.008771929563137524, "H01L": 0.0043859649122807015, "E03B": 0.008771929824561403, "E21D": 0.008771929824561403, "E04C": 0.0043859649122807015, "A01C": 0.013157894736842105, "G01S": 0.0043859649122807015, "C05D": 0.0043859649122807015, "B63C": 0.0043859649122807015, "B31B": 0.0043859649122807015, "E03F": 0.0043859649122807015, "D07B": 0.004385964650856822, "G21D": 0.0043859649122807015}