{"": 0.013157894443313597, "A01K": 0.3026315719347892, "B63B": 0.24999999442295834, "C02F": 0.11842104998982236, "E21D": 0.02631578888662719, "E02D": 0.6184210390971651, "C09D": 0.07894736665988157, "E02B": 0.4342105171521976, "C04B": 0.10526315554650877, "G01N": 0.02631578888662719, "E01D": 0.10526315580793262, "B31B": 0.039473683329940785, "E04B": 0.039473683329940785, "B28B": 0.06578947221656797, "E04G": 0.11842104946697464, "E02F": 0.013157894443313597, "B27M": 0.013157894443313597, "B66C": 0.02631578888662719, "G03B": 0.013157894443313597, "A01G": 0.07894736665988157, "G01C": 0.013157894443313597, "B23K": 0.02631578888662719, "C08L": 0.013157894443313597, "F16L": 0.013157894443313597, "G01M": 0.039473683329940785, "B63C": 0.013157894443313597, "B29B": 0.013157894443313597, "F21S": 0.013157894443313597, "A01M": 0.02631578888662719, "E03B": 0.039473683329940785, "E04H": 0.013157894443313597, "G01S": 0.013157894443313597, "E04C": 0.013157894443313597, "B65D": 0.05263157777325438, "A01C": 0.02631578888662719, "D07B": 0.013157894443313597, "E01F": 0.02631578888662719, "E21B": 0.02631578888662719, "C05G": 0.013157894443313597, "E03F": 0.02631578888662719, "B09B": 0.02631578888662719, "E06B": 0.013157894443313597, "E01C": 0.013157894443313597, "C09K": 0.013157894443313597, "G21D": 0.013157894443313597}