{"F21S": 0.03508771825255021, "B28B": 0.10526315554192223, "": 0.017543859126275103, "C04B": 0.19298245065044983, "E02D": 0.912280675873424, "G01N": 0.03508771825255021, "E02B": 0.49122805710424716, "E04H": 0.03508771877539793, "C08L": 0.01754385886485122, "C05G": 0.05263157790167306, "A01K": 0.4561403383288491, "C02F": 0.14035087353304845, "E01D": 0.19298245038902595, "B65D": 0.05263157711740144, "E01F": 0.035087719298245675, "C09D": 0.1052631547576506, "A01G": 0.21052631108384434, "E04B": 0.07017543676652431, "E04G": 0.15789473318217126, "B66C": 0.03508771825255021, "C09K": 0.01754385886485122, "A01M": 0.03508771877539795, "E21B": 0.017543859126275103, "G01C": 0.017543859126275103, "B23K": 0.03508771851397409, "G01M": 0.017543859126275103, "B63B": 0.17543859335414183, "H02S": 0.017543859387698965, "B32B": 0.03508771825255021, "H01L": 0.017543859126275103, "E03B": 0.03508771877539795, "E21D": 0.03508771825255021, "E04C": 0.017543859126275103, "A01C": 0.05263157790167306, "G01S": 0.017543859387698965, "C05D": 0.017543859126275103, "B63C": 0.017543859126275103, "B31B": 0.017543859126275103, "E03F": 0.017543859387698982, "D07B": 0.017543859387698965, "G21D": 0.017543859126275103}