{"F21S": 0.04385964749005451, "B28B": 0.13157894325443514, "": 0.021929823745027256, "C04B": 0.2412280614567235, "E02D": 1.1403508355256864, "G01N": 0.04385964749005451, "E02B": 0.6140350661678843, "E04H": 0.043859648012902236, "C08L": 0.021929823483603374, "C05G": 0.06578947175792953, "A01K": 0.5701754184164057, "C02F": 0.17543859048306568, "E01D": 0.24122806119529963, "B65D": 0.06578947097365791, "E01F": 0.04385964853574998, "C09D": 0.13157894247016352, "A01G": 0.26315788650887023, "E04B": 0.08771929524153292, "E04G": 0.19736841475094064, "B66C": 0.04385964749005451, "C09K": 0.021929823483603374, "A01M": 0.043859647751478395, "E21B": 0.021929823745027256, "G01C": 0.021929823745027256, "B23K": 0.043859647751478395, "G01M": 0.021929823745027256, "B63B": 0.21929823954166336, "H02S": 0.021929824006451118, "B32B": 0.04385964749005451, "H01L": 0.021929823745027256, "E03B": 0.04385964801290226, "E21D": 0.04385964749005451, "E04C": 0.021929823745027256, "A01C": 0.06578947175792953, "G01S": 0.021929824006451118, "C05D": 0.021929823745027256, "B63C": 0.021929823745027256, "B31B": 0.021929823745027256, "E03F": 0.021929824006451135, "D07B": 0.021929824006451118, "G21D": 0.021929823745027256}