{"": 0.03070175438596499, "A01K": 0.7061403500929248, "B63B": 0.5833333333333359, "C02F": 0.2763157894736851, "E21D": 0.0614035082490822, "E02D": 1.442982455878923, "C09D": 0.1842105263157901, "E02B": 1.0131578947368456, "C04B": 0.24561403482629618, "G01N": 0.06140350877192999, "E01D": 0.24561403482629618, "B31B": 0.09210526315789497, "E04B": 0.09210526315789497, "B28B": 0.15350877192982504, "E04G": 0.2763157889508374, "E02F": 0.03070175438596499, "B27M": 0.03070175438596499, "B66C": 0.06140350877192999, "G03B": 0.03070175438596499, "A01G": 0.1842105263157901, "G01C": 0.03070175438596499, "B23K": 0.06140350877192999, "C08L": 0.03070175412454111, "F16L": 0.03070175438596499, "G01M": 0.09210526315789497, "B63C": 0.03070175438596499, "B29B": 0.03070175438596499, "F21S": 0.03070175438596499, "A01M": 0.06140350877192999, "E03B": 0.09210526289647109, "E04H": 0.03070175438596499, "G01S": 0.03070175438596499, "E04C": 0.03070175438596499, "B65D": 0.12280701754385996, "A01C": 0.06140350877192999, "D07B": 0.03070175438596499, "E01F": 0.06140350877192999, "E21B": 0.061403508510506105, "C05G": 0.03070175438596499, "E03F": 0.06140350877192999, "B09B": 0.06140350877192999, "E06B": 0.03070175438596499, "E01C": 0.03070175438596499, "C09K": 0.03070175438596499, "G21D": 0.03070175438596499}