{"": 0.006711409740220756, "E04C": 0.10738256011053159, "F16H": 0.04026846004144934, "F16F": 0.34228190941891257, "F16L": 0.10067114983693588, "E04G": 0.08053691994955495, "C01F": 0.006711409873564479, "E04B": 0.8255034296496133, "B65D": 0.006711410006908223, "E04H": 0.16778525017270535, "B63C": 0.020134230020724668, "G06K": 0.006711410006908223, "B65G": 0.06040269006217402, "E01D": 0.07382551007599046, "H02G": 0.06711410006908224, "F24F": 0.03355704990119738, "B66C": 0.026845640027632893, "F16B": 0.04026846004144934, "G01M": 0.026845640027632893, "E04F": 0.06711410006908224, "E02D": 0.05369128005526579, "B64G": 0.013422820013816446, "H02S": 0.013422820013816446, "F23L": 0.006711410006908223, "B29C": 0.04026846004144934, "F21V": 0.03355705003454112, "E06B": 0.04697987004835757, "G01V": 0.006711410006908223, "F16K": 0.013422820013816446, "H02N": 0.013422820013816446, "G01B": 0.006711410006908223, "B60G": 0.006711410006908223, "B66B": 0.02684563989428916, "E05D": 0.013422820013816446, "G02B": 0.013422820013816446, "F24H": 0.006711410006908223, "C10N": 0.006711410006908223, "C22C": 0.006711410006908223, "H05K": 0.026845640027632893, "B22D": 0.006711410006908223, "G08B": 0.006711410006908223, "A62C": 0.020134230020724668, "E03B": 0.020134230020724668, "E04D": 0.03355705003454112, "G05D": 0.013422820013816446, "B08B": 0.020134230020724668, "E02B": 0.006711410006908223, "F25B": 0.00671141027359569, "E03C": 0.03355705003454112, "F17D": 0.006711410006908223, "B27M": 0.006711410006908223, "A47F": 0.020134230020724668, "G01N": 0.006711410006908223, "C09J": 0.006711410006908223, "B66F": 0.013422820013816446, "H01L": 0.03355705003454112, "B63B": 0.013422820013816446, "F16C": 0.013422820013816446, "B01D": 0.006711410006908223, "G05B": 0.006711410006908223, "G09F": 0.013422820013816446, "C10M": 0.006711410006908223, "E05B": 0.006711410006908223, "H01R": 0.020134230020724668, "C08L": 0.01342281974712896, "C21D": 0.006711410006908223, "G21F": 0.006711410006908223, "E03F": 0.006711410006908223, "F42D": 0.006711410006908223, "E03D": 0.006711410006908223, "B23K": 0.013422820013816446, "E01B": 0.006711410006908223, "E02F": 0.006711410006908223, "G08C": 0.006711410006908223, "G01H": 0.006711410006908223, "B02C": 0.006711410006908223, "B09B": 0.006711410006908223, "G01F": 0.006711410006908223, "F17C": 0.006711410006908223, "G01K": 0.006711410006908223, "G21C": 0.020134229887380926, "A01K": 0.006711410006908223, "E01F": 0.006711410006908223, "B60B": 0.006711410006908223, "B64B": 0.006711410006908223, "H01J": 0.006711410006908223, "E05F": 0.006711410006908223, "G10K": 0.006711410006908223}