{"": 0.008948546358278903, "E04C": 0.1431767459994618, "F16H": 0.053691279749798225, "F16F": 0.45637587707322114, "F16L": 0.13422819910780803, "E04G": 0.10738255936625271, "C01F": 0.008948546491622626, "E04B": 1.1006712336707687, "B65D": 0.00894854662496637, "E04H": 0.22371366562415868, "B63C": 0.02684563987489911, "G06K": 0.00894854662496637, "B65G": 0.08053691962469733, "E01D": 0.09843401287463008, "H02G": 0.0894854662496637, "F24F": 0.044742732991488114, "B66C": 0.03579418649986548, "F16B": 0.053691279749798225, "G01M": 0.03579418649986548, "E04F": 0.0894854662496637, "E02D": 0.07158837299973096, "B64G": 0.01789709324993274, "H02S": 0.01789709324993274, "F23L": 0.00894854662496637, "B29C": 0.053691279749798225, "F21V": 0.04474273312483185, "E06B": 0.06263982637476459, "G01V": 0.00894854662496637, "F16K": 0.01789709324993274, "H02N": 0.01789709324993274, "G01B": 0.00894854662496637, "B60G": 0.008948546491622637, "B66B": 0.03579418636652175, "E05D": 0.01789709324993274, "G02B": 0.01789709324993274, "F24H": 0.00894854662496637, "C10N": 0.00894854662496637, "C22C": 0.00894854662496637, "H05K": 0.03579418649986548, "B22D": 0.00894854662496637, "G08B": 0.00894854662496637, "A62C": 0.02684563987489911, "E03B": 0.02684563987489911, "E04D": 0.04474273312483185, "G05D": 0.017897093116589005, "B08B": 0.02684563987489911, "E02B": 0.00894854662496637, "F25B": 0.008948546891653836, "E03C": 0.04474273312483185, "F17D": 0.00894854662496637, "B27M": 0.00894854662496637, "A47F": 0.02684563987489911, "G01N": 0.00894854662496637, "C09J": 0.00894854662496637, "B66F": 0.01789709324993274, "H01L": 0.04474273312483185, "B63B": 0.01789709324993274, "F16C": 0.01789709324993274, "B01D": 0.00894854662496637, "G05B": 0.00894854662496637, "G09F": 0.01789709324993274, "C10M": 0.00894854662496637, "E05B": 0.00894854662496637, "H01R": 0.02684563987489911, "C08L": 0.017897092983245252, "C21D": 0.00894854662496637, "G21F": 0.00894854662496637, "E03F": 0.00894854662496637, "F42D": 0.00894854662496637, "E03D": 0.00894854662496637, "B23K": 0.01789709324993274, "E01B": 0.00894854662496637, "E02F": 0.00894854662496637, "G08C": 0.00894854662496637, "G01H": 0.00894854662496637, "B02C": 0.00894854662496637, "B09B": 0.00894854662496637, "G01F": 0.00894854662496637, "F17C": 0.00894854662496637, "G01K": 0.00894854662496637, "G21C": 0.026845639741555367, "A01K": 0.00894854662496637, "E01F": 0.00894854662496637, "B60B": 0.00894854662496637, "B64B": 0.00894854662496637, "H01J": 0.00894854662496637, "E05F": 0.00894854662496637, "G10K": 0.00894854662496637}