{"": 0.01565995653731102, "E04C": 0.2505593108641312, "F16H": 0.09395974162405331, "F16F": 0.7986578026043596, "F16L": 0.23489935366010162, "E04G": 0.18791948298141892, "C01F": 0.015659956803998478, "E04B": 1.9261746999595146, "B65D": 0.01565995693734222, "E04H": 0.3914989231668667, "B63C": 0.04697987067868292, "G06K": 0.01565995693734222, "B65G": 0.14093961230273613, "E01D": 0.17225952631076427, "H02G": 0.15659956937342207, "F24F": 0.0782997844200236, "B66C": 0.06263982761602511, "F16B": 0.09395974162405331, "G01M": 0.06263982774936887, "E04F": 0.15659956937342207, "E02D": 0.12527965549873774, "B64G": 0.03131991387468444, "H02S": 0.03131991387468444, "F23L": 0.01565995693734222, "B29C": 0.09395974162405331, "F21V": 0.07829978455336736, "E06B": 0.10961969856139553, "G01V": 0.01565995693734222, "F16K": 0.03131991387468444, "H02N": 0.03131991387468444, "G01B": 0.01565995680399846, "B60G": 0.01565995680399849, "B66B": 0.06263982761602514, "E05D": 0.03131991387468444, "G02B": 0.03131991387468444, "F24H": 0.01565995693734222, "C10N": 0.01565995693734222, "C22C": 0.01565995693734222, "H05K": 0.06263982761602514, "B22D": 0.01565995693734222, "G08B": 0.01565995693734222, "A62C": 0.046979870812026654, "E03B": 0.046979870812026654, "E04D": 0.07829978455336736, "G05D": 0.03131991374134071, "B08B": 0.046979870812026654, "E02B": 0.01565995693734222, "F25B": 0.015659957204029688, "E03C": 0.0782997846867111, "F17D": 0.01565995693734222, "B27M": 0.01565995693734222, "A47F": 0.046979870812026654, "G01N": 0.01565995693734222, "C09J": 0.01565995693734222, "B66F": 0.03131991387468444, "H01L": 0.0782997846867111, "B63B": 0.03131991387468444, "F16C": 0.03131991387468444, "B01D": 0.01565995680399846, "G05B": 0.01565995693734222, "G09F": 0.03131991387468444, "C10M": 0.01565995693734222, "E05B": 0.01565995693734222, "H01R": 0.046979870812026654, "C08L": 0.031319913607996956, "C21D": 0.01565995693734222, "G21F": 0.01565995693734222, "E03F": 0.01565995693734222, "F42D": 0.01565995693734222, "E03D": 0.01565995693734222, "B23K": 0.03131991387468444, "E01B": 0.01565995693734222, "E02F": 0.01565995693734222, "G08C": 0.01565995693734222, "G01H": 0.01565995693734222, "B02C": 0.01565995693734222, "B09B": 0.01565995693734222, "G01F": 0.01565995693734222, "F17C": 0.01565995693734222, "G01K": 0.01565995693734222, "G21C": 0.04697987067868291, "A01K": 0.01565995693734222, "E01F": 0.01565995693734222, "B60B": 0.01565995693734222, "B64B": 0.01565995693734222, "H01J": 0.01565995693734222, "E05F": 0.01565995693734222, "G10K": 0.01565995693734222}