{"": 0.01342281835313526, "E03D": 0.026845636706270513, "F16F": 0.7919462821682596, "E04B": 1.5973153846898374, "E04F": 0.17449663859075865, "H01Q": 0.01342281835313526, "C09J": 0.02684563683961425, "E01B": 0.02684563683961425, "F24F": 0.08053691011881155, "G01B": 0.053691273412541055, "E04H": 0.37583891402113145, "F16B": 0.13422818353135263, "E05D": 0.01342281835313526, "G21C": 0.04026845492606206, "A47B": 0.040268455059405774, "B64G": 0.026845636706270513, "E02D": 0.10738254669173831, "G05B": 0.04026845505940579, "B29C": 0.04026845505940579, "G01M": 0.06711409176567631, "C22C": 0.04026845492606206, "E04G": 0.10738254682508204, "E01D": 0.12080536531156107, "F16L": 0.25503354884291396, "H02G": 0.08053691025215531, "E04C": 0.08053690985212411, "H05K": 0.01342281835313526, "E06B": 0.0671140917656763, "F16H": 0.053691273412541055, "B66C": 0.026845636706270513, "G03F": 0.01342281835313526, "G01K": 0.04026845492606204, "H01L": 0.08053691025215527, "G01D": 0.01342281835313526, "H01R": 0.06711409189902004, "F16C": 0.05369127341254105, "B28D": 0.01342281835313526, "F04B": 0.013422818219791537, "H02N": 0.053691273412541055, "B65G": 0.09395972847194677, "A47K": 0.01342281835313526, "H02S": 0.026845636706270513, "E05F": 0.01342281835313526, "G06K": 0.01342281835313526, "B08B": 0.02684563657292681, "E04D": 0.026845636706270513, "G01N": 0.04026845519274952, "B63B": 0.053691273412541055, "B22D": 0.01342281835313526, "F16K": 0.053691273412541055, "F16M": 0.01342281835313526, "F21V": 0.04026845519274952, "C10N": 0.01342281835313526, "B64F": 0.01342281835313526, "H04Q": 0.013422818486478994, "A63C": 0.026845636706270513, "E03C": 0.09395972873863422, "B66B": 0.04026845505940579, "A62C": 0.04026845505940579, "B29K": 0.013422818486478994, "C02F": 0.01342281835313526, "F16J": 0.01342281835313526, "C01F": 0.01342281835313526, "F25B": 0.01342281835313526, "G21F": 0.026845636706270513, "B09B": 0.013422818486478994, "B60M": 0.01342281835313526, "H01J": 0.01342281835313526, "B60B": 0.02684563683961425, "C10M": 0.01342281835313526, "G01H": 0.013422818486478994, "F16G": 0.01342281835313526, "B63C": 0.01342281835313526, "H04R": 0.013422818219791537, "H01B": 0.01342281835313526, "F21S": 0.053691273412541055, "C21B": 0.013422818219791563, "B66F": 0.02684563683961425, "A62B": 0.01342281835313527, "G09F": 0.01342281835313526, "E21D": 0.01342281835313526, "C21D": 0.01342281835313526, "B60G": 0.01342281835313526, "B60R": 0.013422818486478994, "F15B": 0.01342281835313526, "E03B": 0.01342281835313526}