{"": 0.011185682842993316, "E04C": 0.17897093188839194, "F16H": 0.0671140994581471, "F16F": 0.5704698444608423, "F16L": 0.1677852482453363, "E04G": 0.13422819864960667, "C01F": 0.011185683109680773, "E04B": 1.3758390367585263, "B65D": 0.011185683243024517, "E04H": 0.2796420809422683, "B63C": 0.03355704972907355, "G06K": 0.011185683243024517, "B65G": 0.10067114905387692, "E01D": 0.1230425156732697, "H02G": 0.11185683243024518, "F24F": 0.05592841608177885, "B66C": 0.04474273297209807, "F16B": 0.0671140994581471, "G01M": 0.04474273297209807, "E04F": 0.11185683243024518, "E02D": 0.08948546594419614, "B64G": 0.022371366486049035, "H02S": 0.022371366486049035, "F23L": 0.011185683243024517, "B29C": 0.0671140994581471, "F21V": 0.05592841621512259, "E06B": 0.07829978270117162, "G01V": 0.011185683243024517, "F16K": 0.022371366486049035, "H02N": 0.022371366486049035, "G01B": 0.011185683243024517, "B60G": 0.011185683109680784, "B66B": 0.04474273283875434, "E05D": 0.022371366486049035, "G02B": 0.022371366486049035, "F24H": 0.011185683243024517, "C10N": 0.011185683243024517, "C22C": 0.011185683243024517, "H05K": 0.04474273297209807, "B22D": 0.011185683243024517, "G08B": 0.011185683243024517, "A62C": 0.03355704972907355, "E03B": 0.03355704972907355, "E04D": 0.055928416081778856, "G05D": 0.0223713663527053, "B08B": 0.03355704972907355, "E02B": 0.011185683243024517, "F25B": 0.011185683509711983, "E03C": 0.05592841621512259, "F17D": 0.011185683243024517, "B27M": 0.011185683243024517, "A47F": 0.03355704972907355, "G01N": 0.011185683243024517, "C09J": 0.011185683243024517, "B66F": 0.022371366486049035, "H01L": 0.05592841621512259, "B63B": 0.022371366486049035, "F16C": 0.022371366486049035, "B01D": 0.011185683243024517, "G05B": 0.011185683243024517, "G09F": 0.022371366486049035, "C10M": 0.011185683243024517, "E05B": 0.011185683243024517, "H01R": 0.03355704972907355, "C08L": 0.022371366219361546, "C21D": 0.011185683243024517, "G21F": 0.011185683243024517, "E03F": 0.011185683243024517, "F42D": 0.011185683243024517, "E03D": 0.011185683243024517, "B23K": 0.022371366486049035, "E01B": 0.011185683243024517, "E02F": 0.011185683243024517, "G08C": 0.011185683243024517, "G01H": 0.011185683243024517, "B02C": 0.011185683243024517, "B09B": 0.011185683243024517, "G01F": 0.011185683243024517, "F17C": 0.011185683243024517, "G01K": 0.011185683243024517, "G21C": 0.033557049595729804, "A01K": 0.011185683243024517, "E01F": 0.011185683243024517, "B60B": 0.011185683243024517, "B64B": 0.011185683243024517, "H01J": 0.011185683243024517, "E05F": 0.011185683243024517, "G10K": 0.011185683243024517}