{"": 0.011185681868420847, "E03D": 0.02237136373684169, "F16F": 0.6599552286367005, "E04B": 1.3310961404752844, "E04F": 0.14541386388944016, "H01Q": 0.011185681868420847, "C09J": 0.02237136373684169, "E01B": 0.02237136373684169, "F24F": 0.06711409107718136, "G01B": 0.044742727473683394, "E04H": 0.3131990917824094, "F16B": 0.11185681841752108, "E05D": 0.011185681868420847, "G21C": 0.03355704547191882, "A47B": 0.033557045471918796, "B64G": 0.02237136373684169, "E02D": 0.08948545481402305, "G05B": 0.03355704560526254, "B29C": 0.03355704560526254, "G01M": 0.05592840920876052, "C22C": 0.03355704547191882, "E04G": 0.08948545494736677, "E01D": 0.10067113681578765, "F16L": 0.21252795523330903, "H02G": 0.06711409107718139, "E04C": 0.06711409094383766, "H05K": 0.011185681868420847, "E06B": 0.055928409342104246, "F16H": 0.044742727473683394, "B66C": 0.02237136373684169, "G03F": 0.011185681868420847, "G01K": 0.033557045471918796, "H01L": 0.06711409121052508, "G01D": 0.011185681868420847, "H01R": 0.055928409342104246, "F16C": 0.044742727340339655, "B28D": 0.011185681868420847, "F04B": 0.011185681735077124, "H02N": 0.044742727473683394, "B65G": 0.07829977307894591, "A47K": 0.011185681868420847, "H02S": 0.02237136373684169, "E05F": 0.011185681868420847, "G06K": 0.011185681868420847, "B08B": 0.022371363603497986, "E04D": 0.02237136373684169, "G01N": 0.03355704560526254, "B63B": 0.044742727473683394, "B22D": 0.011185681868420847, "F16K": 0.044742727473683394, "F16M": 0.011185681868420847, "F21V": 0.03355704560526254, "C10N": 0.011185681868420847, "B64F": 0.011185681868420847, "H04Q": 0.011185681868420847, "A63C": 0.02237136373684169, "E03C": 0.07829977321228962, "B66B": 0.03355704560526254, "A62C": 0.03355704560526254, "B29K": 0.011185681868420847, "C02F": 0.011185681868420847, "F16J": 0.011185681868420847, "C01F": 0.011185681868420847, "F25B": 0.011185681868420847, "G21F": 0.02237136373684169, "B09B": 0.011185681868420847, "B60M": 0.011185681868420847, "H01J": 0.011185681868420847, "B60B": 0.02237136373684169, "C10M": 0.011185681868420847, "G01H": 0.011185681868420847, "F16G": 0.011185681868420847, "B63C": 0.011185681868420847, "H04R": 0.011185681735077124, "H01B": 0.011185681868420847, "F21S": 0.044742727473683394, "C21B": 0.01118568173507715, "B66F": 0.02237136373684169, "A62B": 0.011185681735077124, "G09F": 0.011185681868420847, "E21D": 0.011185681868420847, "C21D": 0.011185681868420847, "B60G": 0.011185681868420847, "B60R": 0.011185681868420847, "F15B": 0.011185681868420847, "E03B": 0.011185681868420847}