{"": 0.013422819919252874, "E04C": 0.21476512497520106, "F16H": 0.08053692191570443, "F16F": 0.6845638350833948, "F16L": 0.20134230438922962, "E04G": 0.16107384356472132, "C01F": 0.013422820185940331, "E04B": 1.651006896338382, "B65D": 0.013422820319284073, "E04H": 0.33557050771541336, "B63C": 0.04026846095785221, "G06K": 0.013422820319284073, "B65G": 0.12080538274021291, "E01D": 0.1476510235121248, "H02G": 0.13422820319284073, "F24F": 0.06711410132973286, "B66C": 0.05369128114379253, "F16B": 0.08053692191570443, "G01M": 0.05369128127713629, "E04F": 0.13422820319284073, "E02D": 0.10738256255427257, "B64G": 0.02684564063856815, "H02S": 0.02684564063856815, "F23L": 0.013422820319284073, "B29C": 0.08053692191570443, "F21V": 0.06711410159642037, "E06B": 0.0939597422349885, "G01V": 0.013422820319284073, "F16K": 0.02684564063856815, "H02N": 0.02684564063856815, "G01B": 0.013422820185940314, "B60G": 0.013422820185940341, "B66B": 0.053691281143792555, "E05D": 0.02684564063856815, "G02B": 0.02684564063856815, "F24H": 0.013422820319284073, "C10N": 0.013422820319284073, "C22C": 0.013422820319284073, "H05K": 0.05369128127713629, "B22D": 0.013422820319284073, "G08B": 0.013422820319284073, "A62C": 0.04026846095785221, "E03B": 0.04026846095785221, "E04D": 0.06711410146307663, "G05D": 0.026845640505224415, "B08B": 0.04026846095785221, "E02B": 0.013422820319284073, "F25B": 0.01342282058597154, "E03C": 0.06711410159642037, "F17D": 0.013422820319284073, "B27M": 0.013422820319284073, "A47F": 0.04026846095785221, "G01N": 0.013422820319284073, "C09J": 0.013422820319284073, "B66F": 0.02684564063856815, "H01L": 0.06711410159642037, "B63B": 0.02684564063856815, "F16C": 0.02684564063856815, "B01D": 0.013422820185940314, "G05B": 0.013422820319284073, "G09F": 0.02684564063856815, "C10M": 0.013422820319284073, "E05B": 0.013422820319284073, "H01R": 0.04026846095785221, "C08L": 0.026845640371880662, "C21D": 0.013422820319284073, "G21F": 0.013422820319284073, "E03F": 0.013422820319284073, "F42D": 0.013422820319284073, "E03D": 0.013422820319284073, "B23K": 0.02684564063856815, "E01B": 0.013422820319284073, "E02F": 0.013422820319284073, "G08C": 0.013422820319284073, "G01H": 0.013422820319284073, "B02C": 0.013422820319284073, "B09B": 0.013422820319284073, "G01F": 0.013422820319284073, "F17C": 0.013422820319284073, "G01K": 0.013422820319284073, "G21C": 0.04026846082450847, "A01K": 0.013422820319284073, "E01F": 0.013422820319284073, "B60B": 0.013422820319284073, "B64B": 0.013422820319284073, "H01J": 0.013422820319284073, "E05F": 0.013422820319284073, "G10K": 0.013422820319284073}