{"": 0.0022371367707919292, "E03D": 0.0044742735415838585, "F16F": 0.13199106921003642, "E04B": 0.2662192753242083, "E04F": 0.02908277802029509, "H01Q": 0.0022371367707919292, "C09J": 0.0044742735415838585, "E01B": 0.0044742735415838585, "F24F": 0.013422820624751575, "G01B": 0.008948547083167717, "E04H": 0.06263982958217405, "F16B": 0.02237136757457555, "E05D": 0.0022371367707919292, "G21C": 0.006711410312375788, "A47B": 0.006711410179032045, "B64G": 0.0044742735415838585, "E02D": 0.017897094166335434, "G05B": 0.006711410312375788, "B29C": 0.006711410312375788, "G01M": 0.011185683853959646, "C22C": 0.006711410312375788, "E04G": 0.017897094166335434, "E01D": 0.020134230937127365, "F16L": 0.042505598645046674, "H02G": 0.013422820624751575, "E04C": 0.013422820624751575, "H05K": 0.0022371367707919292, "E06B": 0.011185683853959646, "F16H": 0.008948547083167717, "B66C": 0.0044742735415838585, "G03F": 0.0022371367707919292, "G01K": 0.006711410179032045, "H01L": 0.013422820624751575, "G01D": 0.0022371367707919292, "H01R": 0.011185683853959646, "F16C": 0.008948546949823975, "B28D": 0.0022371367707919292, "F04B": 0.0022371367707919292, "H02N": 0.008948547083167717, "B65G": 0.015659957395543503, "A47K": 0.0022371367707919292, "H02S": 0.0044742735415838585, "E05F": 0.0022371367707919292, "G06K": 0.0022371367707919292, "B08B": 0.0044742735415838585, "E04D": 0.0044742735415838585, "G01N": 0.006711410312375788, "B63B": 0.008948547083167717, "B22D": 0.0022371367707919292, "F16K": 0.008948547083167717, "F16M": 0.0022371367707919292, "F21V": 0.006711410312375788, "C10N": 0.0022371367707919292, "B64F": 0.0022371367707919292, "H04Q": 0.0022371367707919292, "A63C": 0.0044742735415838585, "E03C": 0.015659957262199764, "B66B": 0.006711410312375788, "A62C": 0.006711410312375788, "B29K": 0.0022371367707919292, "C02F": 0.0022371367707919292, "F16J": 0.0022371367707919292, "C01F": 0.0022371367707919292, "F25B": 0.0022371367707919292, "G21F": 0.0044742735415838585, "B09B": 0.0022371367707919292, "B60M": 0.0022371367707919292, "H01J": 0.0022371367707919292, "B60B": 0.0044742735415838585, "C10M": 0.0022371367707919292, "G01H": 0.0022371367707919292, "F16G": 0.0022371367707919292, "B63C": 0.0022371367707919292, "H04R": 0.0022371367707919292, "H01B": 0.0022371367707919292, "F21S": 0.008948547083167717, "C21B": 0.0022371367707919292, "B66F": 0.0044742735415838585, "A62B": 0.0022371367707919292, "G09F": 0.0022371367707919292, "E21D": 0.0022371367707919292, "C21D": 0.0022371367707919292, "B60G": 0.0022371367707919292, "B60R": 0.0022371367707919292, "F15B": 0.0022371367707919292, "E03B": 0.0022371367707919292}