{"": 0.0067114092432395385, "E03D": 0.013422818486479075, "F16F": 0.39597314415103785, "E04B": 0.7986576986120719, "E04F": 0.08724831989542668, "H01Q": 0.0067114092432395385, "C09J": 0.013422818486479075, "E01B": 0.013422818486479075, "F24F": 0.04026845532609351, "G01B": 0.02684563697295815, "E04H": 0.18791945827733234, "F16B": 0.06711409216570798, "E05D": 0.0067114092432395385, "G21C": 0.02013422759637489, "A47B": 0.02013422759637487, "B64G": 0.013422818486479075, "E02D": 0.053691273945916315, "G05B": 0.020134227729718613, "B29C": 0.020134227729718613, "G01M": 0.03355704621619769, "C22C": 0.020134227729718613, "E04G": 0.053691273945916315, "E01D": 0.060402683189155856, "F16L": 0.1275167756215513, "H02G": 0.04026845545943723, "E04C": 0.04026845532609351, "H05K": 0.0067114092432395385, "E06B": 0.03355704621619769, "F16H": 0.02684563697295815, "B66C": 0.013422818486479075, "G03F": 0.0067114092432395385, "G01K": 0.02013422759637487, "H01L": 0.04026845545943723, "G01D": 0.0067114092432395385, "H01R": 0.03355704621619769, "F16C": 0.026845636839614412, "B28D": 0.0067114092432395385, "F04B": 0.0067114092432395385, "H02N": 0.02684563697295815, "B65G": 0.046979864702676774, "A47K": 0.0067114092432395385, "H02S": 0.013422818486479075, "E05F": 0.0067114092432395385, "G06K": 0.0067114092432395385, "B08B": 0.013422818486479075, "E04D": 0.013422818486479075, "G01N": 0.020134227729718613, "B63B": 0.02684563697295815, "B22D": 0.0067114092432395385, "F16K": 0.02684563697295815, "F16M": 0.0067114092432395385, "F21V": 0.020134227729718613, "C10N": 0.0067114092432395385, "B64F": 0.0067114092432395385, "H04Q": 0.0067114092432395385, "A63C": 0.013422818486479075, "E03C": 0.046979864836020485, "B66B": 0.020134227729718613, "A62C": 0.020134227729718613, "B29K": 0.0067114092432395385, "C02F": 0.0067114092432395385, "F16J": 0.0067114092432395385, "C01F": 0.0067114092432395385, "F25B": 0.0067114092432395385, "G21F": 0.013422818486479075, "B09B": 0.0067114092432395385, "B60M": 0.0067114092432395385, "H01J": 0.0067114092432395385, "B60B": 0.013422818486479075, "C10M": 0.0067114092432395385, "G01H": 0.0067114092432395385, "F16G": 0.0067114092432395385, "B63C": 0.0067114092432395385, "H04R": 0.0067114092432395385, "H01B": 0.0067114092432395385, "F21S": 0.02684563697295815, "C21B": 0.006711409109895841, "B66F": 0.013422818486479075, "A62B": 0.0067114092432395385, "G09F": 0.0067114092432395385, "E21D": 0.0067114092432395385, "C21D": 0.0067114092432395385, "B60G": 0.0067114092432395385, "B60R": 0.0067114092432395385, "F15B": 0.0067114092432395385, "E03B": 0.0067114092432395385}