{"": 0.015659954971193407, "E03D": 0.03131990994238681, "F16F": 0.9239373426336894, "E04B": 1.8635346421054246, "E04F": 0.20357941462551438, "H01Q": 0.015659954971193407, "C09J": 0.03131991007573054, "E01B": 0.03131991007573054, "F24F": 0.09395972982716043, "G01B": 0.06263981988477364, "E04H": 0.43847873919341546, "F16B": 0.15659954957859024, "E05D": 0.015659954971193407, "G21C": 0.046979864780236504, "A47B": 0.046979864913580215, "B64G": 0.03131990994238681, "E02D": 0.12527963963620348, "G05B": 0.04697986491358023, "B29C": 0.04697986491358023, "G01M": 0.07829977485596705, "C22C": 0.046979864780236504, "E04G": 0.1252796397695472, "E01D": 0.14093959487408428, "F16L": 0.29753914445267476, "H02G": 0.0939597299605042, "E04C": 0.093959729560473, "H05K": 0.015659954971193407, "E06B": 0.07829977485596704, "F16H": 0.06263981988477364, "B66C": 0.03131990994238681, "G03F": 0.015659954971193407, "G01K": 0.04697986478023648, "H01L": 0.09395972996050415, "G01D": 0.015659954971193407, "H01R": 0.07829977485596704, "F16C": 0.06263981988477363, "B28D": 0.015659954971193407, "F04B": 0.015659954837849682, "H02N": 0.0626398197514299, "B65G": 0.1096196847983538, "A47K": 0.015659954971193407, "H02S": 0.03131990994238681, "E05F": 0.015659954971193407, "G06K": 0.015659954971193407, "B08B": 0.0313199098090431, "E04D": 0.03131990994238681, "G01N": 0.04697986504692396, "B63B": 0.06263981988477364, "B22D": 0.015659954971193407, "F16K": 0.06263981988477364, "F16M": 0.015659954971193407, "F21V": 0.04697986504692396, "C10N": 0.015659954971193407, "B64F": 0.015659954971193407, "H04Q": 0.01565995510453714, "A63C": 0.03131990994238681, "E03C": 0.10961968506504124, "B66B": 0.04697986491358023, "A62C": 0.04697986491358023, "B29K": 0.01565995510453714, "C02F": 0.015659954971193407, "F16J": 0.015659954971193407, "C01F": 0.015659954971193407, "F25B": 0.015659954971193407, "G21F": 0.03131990994238681, "B09B": 0.01565995510453714, "B60M": 0.015659954971193407, "H01J": 0.015659954971193407, "B60B": 0.03131991007573054, "C10M": 0.015659954971193407, "G01H": 0.01565995510453714, "F16G": 0.015659954971193407, "B63C": 0.015659954971193407, "H04R": 0.015659954837849682, "H01B": 0.015659954837849672, "F21S": 0.06263981988477364, "C21B": 0.01565995483784971, "B66F": 0.03131991007573054, "A62B": 0.015659954971193418, "G09F": 0.015659954971193407, "E21D": 0.015659954971193407, "C21D": 0.015659954971193407, "B60G": 0.015659954971193407, "B60R": 0.01565995510453714, "F15B": 0.015659954971193407, "E03B": 0.015659954971193407}