{"": 0.008948545708563923, "E03D": 0.017897091417127843, "F16F": 0.5279641952051447, "E04B": 1.0648769375856464, "E04F": 0.11633109394464376, "H01Q": 0.008948545708563923, "C09J": 0.017897091417127843, "E01B": 0.017897091417127843, "F24F": 0.05369127411803981, "G01B": 0.035794182834255686, "E04H": 0.25055927930641525, "F16B": 0.08948545681895188, "E05D": 0.008948545708563923, "G21C": 0.026845636992348043, "A47B": 0.026845636992348022, "B64G": 0.017897091417127843, "E02D": 0.07158836553516769, "G05B": 0.026845637125691765, "B29C": 0.026845637125691765, "G01M": 0.044742728409475886, "C22C": 0.026845636992348043, "E04G": 0.07158836566851141, "E01D": 0.08053691137707537, "F16L": 0.17002236819602728, "H02G": 0.053691274251383536, "E04C": 0.05369127411803981, "H05K": 0.008948545708563923, "E06B": 0.04474272854281961, "F16H": 0.035794182834255686, "B66C": 0.017897091417127843, "G03F": 0.008948545708563923, "G01K": 0.026845636992348022, "H01L": 0.053691274251383536, "G01D": 0.008948545708563923, "H01R": 0.04474272854281961, "F16C": 0.03579418270091195, "B28D": 0.008948545708563923, "F04B": 0.0089485455752202, "H02N": 0.035794182834255686, "B65G": 0.06263981995994747, "A47K": 0.008948545708563923, "H02S": 0.017897091417127843, "E05F": 0.008948545708563923, "G06K": 0.008948545708563923, "B08B": 0.017897091417127843, "E04D": 0.017897091417127843, "G01N": 0.026845637125691765, "B63B": 0.035794182834255686, "B22D": 0.008948545708563923, "F16K": 0.035794182834255686, "F16M": 0.008948545708563923, "F21V": 0.026845637125691765, "C10N": 0.008948545708563923, "B64F": 0.008948545708563923, "H04Q": 0.008948545708563923, "A63C": 0.017897091417127843, "E03C": 0.06263982009329118, "B66B": 0.026845637125691765, "A62C": 0.026845637125691765, "B29K": 0.008948545708563923, "C02F": 0.008948545708563923, "F16J": 0.008948545708563923, "C01F": 0.008948545708563923, "F25B": 0.008948545708563923, "G21F": 0.017897091417127843, "B09B": 0.008948545708563923, "B60M": 0.008948545708563923, "H01J": 0.008948545708563923, "B60B": 0.017897091417127843, "C10M": 0.008948545708563923, "G01H": 0.008948545708563923, "F16G": 0.008948545708563923, "B63C": 0.008948545708563923, "H04R": 0.0089485455752202, "H01B": 0.008948545708563923, "F21S": 0.035794182834255686, "C21B": 0.008948545575220226, "B66F": 0.017897091417127843, "A62B": 0.0089485455752202, "G09F": 0.008948545708563923, "E21D": 0.008948545708563923, "C21D": 0.008948545708563923, "B60G": 0.008948545708563923, "B60R": 0.008948545708563923, "F15B": 0.008948545708563923, "E03B": 0.008948545708563923}