{"": 0.0022371366180581466, "E04C": 0.035794185888930345, "F16H": 0.01342281970834888, "F16F": 0.11409396725427802, "F16L": 0.033557049137528466, "E04G": 0.02684563941669776, "C01F": 0.0022371366180581466, "E04B": 0.2751678037544637, "B65D": 0.0022371366180581466, "E04H": 0.05592841545145367, "B63C": 0.006711409854174439, "G06K": 0.0022371366180581466, "B65G": 0.02013422956252332, "E01D": 0.024608502798639614, "H02G": 0.022371366180581467, "F24F": 0.011185683090290733, "B66C": 0.008948546472232586, "F16B": 0.01342281970834888, "G01M": 0.008948546472232586, "E04F": 0.022371366180581467, "E02D": 0.017897092944465173, "B64G": 0.004474273236116293, "H02S": 0.004474273236116293, "F23L": 0.0022371366180581466, "B29C": 0.01342281970834888, "F21V": 0.011185683090290733, "E06B": 0.015659956326407026, "G01V": 0.0022371366180581466, "F16K": 0.004474273236116293, "H02N": 0.004474273236116293, "G01B": 0.0022371366180581466, "B60G": 0.0022371366180581466, "B66B": 0.008948546338888853, "E05D": 0.004474273236116293, "G02B": 0.004474273236116293, "F24H": 0.0022371366180581466, "C10N": 0.0022371366180581466, "C22C": 0.0022371366180581466, "H05K": 0.008948546472232586, "B22D": 0.0022371366180581466, "G08B": 0.0022371366180581466, "A62C": 0.006711409854174439, "E03B": 0.006711409854174439, "E04D": 0.011185683090290733, "G05D": 0.004474273236116293, "B08B": 0.006711409854174439, "E02B": 0.0022371366180581466, "F25B": 0.0022371366180581466, "E03C": 0.011185683090290733, "F17D": 0.0022371366180581466, "B27M": 0.0022371366180581466, "A47F": 0.006711409854174439, "G01N": 0.0022371366180581466, "C09J": 0.0022371366180581466, "B66F": 0.004474273236116293, "H01L": 0.011185683090290733, "B63B": 0.004474273236116293, "F16C": 0.004474273236116293, "B01D": 0.0022371366180581466, "G05B": 0.0022371366180581466, "G09F": 0.004474273236116293, "C10M": 0.0022371366180581466, "E05B": 0.0022371366180581466, "H01R": 0.006711409854174439, "C08L": 0.004474273236116293, "C21D": 0.0022371366180581466, "G21F": 0.0022371366180581466, "E03F": 0.0022371366180581466, "F42D": 0.0022371366180581466, "E03D": 0.0022371366180581466, "B23K": 0.004474273236116293, "E01B": 0.0022371366180581466, "E02F": 0.0022371366180581466, "G08C": 0.0022371366180581466, "G01H": 0.0022371366180581466, "B02C": 0.0022371366180581466, "B09B": 0.0022371366180581466, "G01F": 0.0022371366180581466, "F17C": 0.0022371366180581466, "G01K": 0.0022371366180581466, "G21C": 0.006711409854174439, "A01K": 0.0022371366180581466, "E01F": 0.0022371366180581466, "B60B": 0.0022371366180581466, "B64B": 0.0022371366180581466, "H01J": 0.0022371366180581466, "E05F": 0.0022371366180581466, "G10K": 0.0022371366180581466}