{"": 0.004474273388850076, "E04C": 0.07158837422160123, "F16H": 0.02684564033310046, "F16F": 0.22818794203129147, "F16L": 0.06711410056606368, "E04G": 0.05369128053285718, "C01F": 0.004474273255506333, "E04B": 0.5503356258951503, "B65D": 0.004474273388850076, "E04H": 0.11185683472125194, "B63C": 0.013422820166550227, "G06K": 0.004474273388850076, "B65G": 0.040268460499650695, "E01D": 0.04921700727735085, "H02G": 0.04474273388850077, "F24F": 0.022371366944250383, "B66C": 0.017897093555400305, "F16B": 0.02684564033310046, "G01M": 0.017897093555400305, "E04F": 0.04474273388850077, "E02D": 0.03579418711080062, "B64G": 0.008948546777700152, "H02S": 0.008948546777700152, "F23L": 0.004474273388850076, "B29C": 0.02684564033310046, "F21V": 0.022371366944250383, "E06B": 0.03131991372195054, "G01V": 0.004474273388850076, "F16K": 0.008948546777700152, "H02N": 0.008948546777700152, "G01B": 0.004474273388850076, "B60G": 0.004474273388850076, "B66B": 0.017897093422056573, "E05D": 0.008948546777700152, "G02B": 0.008948546777700152, "F24H": 0.004474273388850076, "C10N": 0.004474273388850076, "C22C": 0.004474273388850076, "H05K": 0.017897093555400305, "B22D": 0.004474273388850076, "G08B": 0.004474273388850076, "A62C": 0.013422820166550227, "E03B": 0.013422820166550227, "E04D": 0.022371366944250383, "G05D": 0.008948546777700152, "B08B": 0.013422820166550227, "E02B": 0.004474273388850076, "F25B": 0.004474273388850076, "E03C": 0.022371366944250383, "F17D": 0.004474273388850076, "B27M": 0.004474273388850076, "A47F": 0.013422820166550227, "G01N": 0.004474273388850076, "C09J": 0.004474273388850076, "B66F": 0.008948546777700152, "H01L": 0.022371366944250383, "B63B": 0.008948546777700152, "F16C": 0.008948546777700152, "B01D": 0.004474273388850076, "G05B": 0.004474273388850076, "G09F": 0.008948546777700152, "C10M": 0.004474273388850076, "E05B": 0.004474273388850076, "H01R": 0.013422820166550227, "C08L": 0.008948546511012666, "C21D": 0.004474273388850076, "G21F": 0.004474273388850076, "E03F": 0.004474273388850076, "F42D": 0.004474273388850076, "E03D": 0.004474273388850076, "B23K": 0.008948546777700152, "E01B": 0.004474273388850076, "E02F": 0.004474273388850076, "G08C": 0.004474273388850076, "G01H": 0.004474273388850076, "B02C": 0.004474273388850076, "B09B": 0.004474273388850076, "G01F": 0.004474273388850076, "F17C": 0.004474273388850076, "G01K": 0.004474273388850076, "G21C": 0.013422820033206485, "A01K": 0.004474273388850076, "E01F": 0.004474273388850076, "B60B": 0.004474273388850076, "B64B": 0.004474273388850076, "H01J": 0.004474273388850076, "E05F": 0.004474273388850076, "G10K": 0.004474273388850076}